# Host: localhost  (Version 5.5.5-10.4.32-MariaDB)
# Date: 2025-07-31 16:28:33
# Generator: MySQL-Front 6.0  (Build 2.20)


CREATE DATABASE IF NOT EXISTS `meufinanceiro` CHARACTER SET utf8;

#
# Structure for table "caixa_fechamento"
#

DROP TABLE IF EXISTS `meufinanceiro`.`caixa_fechamento`;
CREATE TABLE `meufinanceiro`.`caixa_fechamento` (
  `id` int(11) NOT NULL AUTO_INCREMENT,
  `empresa_id` int(11) NOT NULL,
  `caixa_id` int(11) NOT NULL,
  `usuario_id` int(11) NOT NULL,
  `data_fechamento` datetime NOT NULL,
  `observacoes` text DEFAULT NULL,
  `conferido` tinyint(1) DEFAULT 0,
  `sync_status` enum('pendente','sincronizado','erro') DEFAULT 'pendente',
  `sync_data` timestamp NOT NULL DEFAULT current_timestamp(),
  `sync_hash` varchar(32) DEFAULT NULL,
  `created_at` timestamp NOT NULL DEFAULT current_timestamp(),
  `updated_at` timestamp NOT NULL DEFAULT current_timestamp() ON UPDATE current_timestamp(),
  PRIMARY KEY (`id`),
  KEY `idx_sync` (`sync_status`,`sync_data`)
) ENGINE=InnoDB AUTO_INCREMENT=7 DEFAULT CHARSET=utf8 COLLATE=utf8_unicode_ci ROW_FORMAT=DYNAMIC;

#
# Data for table "caixa_fechamento"
#

INSERT INTO `caixa_fechamento` VALUES (1,0,19,1,'2025-05-16 14:07:17','teseeeee',0,'pendente','2025-07-22 07:54:43',NULL,'2025-07-23 04:52:36','2025-07-24 03:48:32'),(2,0,21,1,'2025-05-16 14:10:52','ededed',0,'sincronizado','2025-07-22 07:54:43',NULL,'2025-07-23 04:52:36','2025-07-23 06:14:04'),(3,0,22,1,'2025-05-16 14:30:49','',1,'sincronizado','2025-07-22 07:54:43',NULL,'2025-07-23 04:52:36','2025-07-23 06:14:04'),(4,0,25,1,'2025-05-16 23:58:29','',1,'sincronizado','2025-07-22 07:54:43',NULL,'2025-07-23 04:52:36','2025-07-23 06:14:04'),(5,0,26,1,'2025-05-17 01:52:12','',1,'sincronizado','2025-07-22 07:54:43',NULL,'2025-07-23 04:52:36','2025-07-23 06:14:04'),(6,0,27,1,'2025-05-17 01:59:20','',1,'sincronizado','2025-07-22 07:54:43',NULL,'2025-07-23 04:52:36','2025-07-23 06:14:04');

#
# Structure for table "caixa_fechamento_formas"
#

DROP TABLE IF EXISTS `meufinanceiro`.`caixa_fechamento_formas`;
CREATE TABLE `meufinanceiro`.`caixa_fechamento_formas` (
  `id` int(11) NOT NULL AUTO_INCREMENT,
  `fechamento_id` int(11) NOT NULL,
  `forma_pagamento_id` int(11) NOT NULL,
  `bandeira_id` int(11) DEFAULT NULL,
  `valor_informado` decimal(10,2) NOT NULL,
  `sync_status` enum('pendente','sincronizado','erro') DEFAULT 'pendente',
  `sync_data` timestamp NOT NULL DEFAULT current_timestamp(),
  `sync_hash` varchar(32) DEFAULT NULL,
  `created_at` timestamp NOT NULL DEFAULT current_timestamp(),
  `updated_at` timestamp NOT NULL DEFAULT current_timestamp() ON UPDATE current_timestamp(),
  PRIMARY KEY (`id`),
  KEY `idx_sync` (`sync_status`,`sync_data`)
) ENGINE=InnoDB AUTO_INCREMENT=8 DEFAULT CHARSET=utf8 COLLATE=utf8_unicode_ci ROW_FORMAT=DYNAMIC;

#
# Data for table "caixa_fechamento_formas"
#

INSERT INTO `caixa_fechamento_formas` VALUES (1,1,1,1,30.00,'pendente','2025-07-22 07:54:43',NULL,'2025-07-23 04:52:58','2025-07-23 18:27:39'),(2,1,3,5,20.00,'pendente','2025-07-22 07:54:43',NULL,'2025-07-23 04:52:58','2025-07-23 08:18:44'),(3,1,5,4,10.00,'pendente','2025-07-22 07:54:43',NULL,'2025-07-23 04:52:58','2025-07-23 07:58:44'),(4,1,6,6,10.00,'pendente','2025-07-22 07:54:43',NULL,'2025-07-23 04:52:58','2025-07-23 07:58:45'),(5,3,1,1,10.00,'pendente','2025-07-22 07:54:43',NULL,'2025-07-23 04:52:58','2025-07-23 18:39:06'),(6,5,1,1,10.00,'pendente','2025-07-22 07:54:43',NULL,'2025-07-23 04:52:58','2025-07-23 07:58:45'),(7,5,3,5,10.00,'pendente','2025-07-22 07:54:43',NULL,'2025-07-23 04:52:58','2025-07-23 07:58:45');

#
# Structure for table "caixa_movimentos"
#

DROP TABLE IF EXISTS `meufinanceiro`.`caixa_movimentos`;
CREATE TABLE `meufinanceiro`.`caixa_movimentos` (
  `id` int(11) NOT NULL AUTO_INCREMENT,
  `caixa_id` int(11) NOT NULL,
  `usuario_id` int(11) NOT NULL,
  `tipo` enum('sangria','suprimento') NOT NULL,
  `valor` decimal(10,2) NOT NULL,
  `observacao` varchar(255) DEFAULT NULL,
  `data_movimento` datetime NOT NULL DEFAULT current_timestamp(),
  `sync_status` enum('pendente','sincronizado','erro') DEFAULT 'pendente',
  `sync_data` timestamp NOT NULL DEFAULT current_timestamp(),
  `sync_hash` varchar(32) DEFAULT NULL,
  `created_at` timestamp NOT NULL DEFAULT current_timestamp(),
  `updated_at` timestamp NOT NULL DEFAULT current_timestamp() ON UPDATE current_timestamp(),
  PRIMARY KEY (`id`),
  KEY `idx_sync` (`sync_status`,`sync_data`)
) ENGINE=InnoDB DEFAULT CHARSET=utf8 COLLATE=utf8_unicode_ci ROW_FORMAT=DYNAMIC;

#
# Data for table "caixa_movimentos"
#


#
# Structure for table "caixas"
#

DROP TABLE IF EXISTS `meufinanceiro`.`caixas`;
CREATE TABLE `meufinanceiro`.`caixas` (
  `id` int(11) NOT NULL AUTO_INCREMENT,
  `empresa_id` int(11) NOT NULL,
  `usuario_id` int(11) NOT NULL,
  `data_abertura` datetime NOT NULL DEFAULT current_timestamp(),
  `data_fechamento` datetime DEFAULT NULL,
  `valor_abertura` decimal(10,2) NOT NULL,
  `valor_informado` decimal(10,2) DEFAULT NULL,
  `status` enum('aberto','fechado') NOT NULL DEFAULT 'aberto',
  `observacoes` text DEFAULT NULL,
  `valor_vendas` decimal(10,2) DEFAULT NULL,
  `sync_status` enum('pendente','sincronizado','erro') DEFAULT 'pendente',
  `sync_data` timestamp NOT NULL DEFAULT current_timestamp(),
  `sync_hash` varchar(32) DEFAULT NULL,
  `created_at` timestamp NOT NULL DEFAULT current_timestamp(),
  `updated_at` timestamp NOT NULL DEFAULT current_timestamp() ON UPDATE current_timestamp(),
  PRIMARY KEY (`id`),
  KEY `idx_sync` (`sync_status`,`sync_data`)
) ENGINE=InnoDB AUTO_INCREMENT=21 DEFAULT CHARSET=utf8 COLLATE=utf8_unicode_ci ROW_FORMAT=DYNAMIC;

#
# Data for table "caixas"
#

INSERT INTO `caixas` VALUES (18,1,3,'2025-05-07 02:00:19',NULL,30.00,NULL,'aberto',NULL,NULL,'pendente','2025-07-22 07:54:43',NULL,'2025-07-23 04:54:05','2025-07-23 17:27:23'),(19,1,1,'2025-05-31 00:37:18',NULL,300.00,NULL,'aberto',NULL,NULL,'pendente','2025-07-22 07:54:43',NULL,'2025-07-23 04:54:05','2025-07-23 07:58:47'),(20,1,5,'2025-06-05 11:11:57',NULL,70.00,NULL,'aberto',NULL,NULL,'pendente','2025-07-22 07:54:43',NULL,'2025-07-23 04:54:05','2025-07-23 07:58:47');

#
# Structure for table "categorias_sugeridas"
#

DROP TABLE IF EXISTS `meufinanceiro`.`categorias_sugeridas`;
CREATE TABLE `meufinanceiro`.`categorias_sugeridas` (
  `id` int(11) NOT NULL AUTO_INCREMENT,
  `palavra_chave` varchar(255) NOT NULL,
  `conta_gerencial_id` int(11) NOT NULL,
  `empresa_id` int(11) DEFAULT NULL,
  `usuario_id` int(11) DEFAULT NULL,
  `data_criacao` timestamp NOT NULL DEFAULT current_timestamp(),
  `funcionario_id` int(11) DEFAULT NULL,
  `sync_data` timestamp NOT NULL DEFAULT current_timestamp(),
  `sync_hash` varchar(32) DEFAULT NULL,
  `sync_status` enum('pendente','sincronizado','erro') DEFAULT 'pendente',
  `created_at` timestamp NOT NULL DEFAULT current_timestamp(),
  `updated_at` timestamp NOT NULL DEFAULT current_timestamp() ON UPDATE current_timestamp(),
  PRIMARY KEY (`id`)
) ENGINE=InnoDB AUTO_INCREMENT=55 DEFAULT CHARSET=utf8 COLLATE=utf8_unicode_ci ROW_FORMAT=DYNAMIC;

#
# Data for table "categorias_sugeridas"
#

INSERT INTO `categorias_sugeridas` VALUES (1,'restaurante',26,NULL,NULL,'2025-05-04 03:30:26',NULL,'2025-07-23 05:09:59',NULL,'pendente','2025-07-22 19:00:07','2025-07-23 17:27:24'),(2,'lanchonete',26,NULL,NULL,'2025-05-04 03:30:26',NULL,'2025-07-23 05:09:59',NULL,'pendente','2025-07-22 19:00:07','2025-07-23 07:11:56'),(3,'pizzaria',26,NULL,NULL,'2025-05-04 03:30:26',NULL,'2025-07-23 05:09:59',NULL,'pendente','2025-07-22 19:00:07','2025-07-23 07:11:56'),(4,'padaria',26,NULL,NULL,'2025-05-04 03:30:26',NULL,'2025-07-23 05:09:59',NULL,'pendente','2025-07-22 19:00:07','2025-07-23 07:11:56'),(5,'panificadora',26,NULL,NULL,'2025-05-04 03:30:26',NULL,'2025-07-23 05:09:59',NULL,'pendente','2025-07-22 19:00:07','2025-07-23 07:11:57'),(6,'churrascaria',26,NULL,NULL,'2025-05-04 03:30:26',NULL,'2025-07-23 05:09:59',NULL,'pendente','2025-07-22 19:00:07','2025-07-23 07:11:57'),(7,'burger',26,NULL,NULL,'2025-05-04 03:30:26',NULL,'2025-07-23 05:09:59',NULL,'pendente','2025-07-22 19:00:07','2025-07-23 07:11:57'),(8,'sushi',26,NULL,NULL,'2025-05-04 03:30:26',NULL,'2025-07-23 05:09:59',NULL,'pendente','2025-07-22 19:00:07','2025-07-23 07:11:58'),(9,'mercado',11,NULL,NULL,'2025-05-04 03:30:26',NULL,'2025-07-23 05:09:59',NULL,'pendente','2025-07-22 19:00:07','2025-07-23 07:11:58'),(10,'supermercado',11,NULL,NULL,'2025-05-04 03:30:26',NULL,'2025-07-23 05:09:59',NULL,'pendente','2025-07-22 19:00:07','2025-07-23 07:11:58'),(11,'atacadão',11,NULL,NULL,'2025-05-04 03:30:26',NULL,'2025-07-23 05:09:59',NULL,'pendente','2025-07-22 19:00:07','2025-07-23 07:11:59'),(12,'comercial',11,NULL,NULL,'2025-05-04 03:30:26',NULL,'2025-07-23 05:09:59',NULL,'pendente','2025-07-22 19:00:07','2025-07-23 07:11:59'),(13,'feirao',11,NULL,NULL,'2025-05-04 03:30:26',NULL,'2025-07-23 05:09:59',NULL,'pendente','2025-07-22 19:00:07','2025-07-23 07:11:59'),(14,'material construção',34,NULL,NULL,'2025-05-04 03:30:26',NULL,'2025-07-23 05:09:59',NULL,'pendente','2025-07-22 19:00:07','2025-07-23 07:11:59'),(15,'madeireira',34,NULL,NULL,'2025-05-04 03:30:26',NULL,'2025-07-23 05:09:59',NULL,'pendente','2025-07-22 19:00:07','2025-07-23 07:12:00'),(16,'depósito',34,NULL,NULL,'2025-05-04 03:30:26',NULL,'2025-07-23 05:09:59',NULL,'pendente','2025-07-22 19:00:07','2025-07-23 07:12:00'),(17,'construção',34,NULL,NULL,'2025-05-04 03:30:26',NULL,'2025-07-23 05:09:59',NULL,'pendente','2025-07-22 19:00:07','2025-07-23 07:12:00'),(18,'cimento',34,NULL,NULL,'2025-05-04 03:30:26',NULL,'2025-07-23 05:09:59',NULL,'pendente','2025-07-22 19:00:07','2025-07-23 07:12:01'),(19,'tijolo',34,NULL,NULL,'2025-05-04 03:30:26',NULL,'2025-07-23 05:09:59',NULL,'pendente','2025-07-22 19:00:07','2025-07-23 07:12:01'),(20,'areia',34,NULL,NULL,'2025-05-04 03:30:26',NULL,'2025-07-23 05:09:59',NULL,'pendente','2025-07-22 19:00:07','2025-07-23 07:12:01'),(21,'posto',14,NULL,NULL,'2025-05-04 03:30:26',NULL,'2025-07-23 05:09:59',NULL,'pendente','2025-07-22 19:00:07','2025-07-23 07:12:02'),(22,'combustível',14,NULL,NULL,'2025-05-04 03:30:26',NULL,'2025-07-23 05:09:59',NULL,'pendente','2025-07-22 19:00:07','2025-07-23 07:12:02'),(23,'gasolina',14,NULL,NULL,'2025-05-04 03:30:26',NULL,'2025-07-23 05:09:59',NULL,'pendente','2025-07-22 19:00:07','2025-07-23 07:12:02'),(24,'pedágio',14,NULL,NULL,'2025-05-04 03:30:26',NULL,'2025-07-23 05:09:59',NULL,'pendente','2025-07-22 19:00:07','2025-07-23 07:12:02'),(25,'transportadora',59,NULL,NULL,'2025-05-04 03:30:26',NULL,'2025-07-23 05:09:59',NULL,'pendente','2025-07-22 19:00:07','2025-07-23 07:12:03'),(26,'frete',59,NULL,NULL,'2025-05-04 03:30:26',NULL,'2025-07-23 05:09:59',NULL,'pendente','2025-07-22 19:00:07','2025-07-23 07:12:03'),(27,'taxi',59,NULL,NULL,'2025-05-04 03:30:26',NULL,'2025-07-23 05:09:59',NULL,'pendente','2025-07-22 19:00:07','2025-07-23 07:12:03'),(28,'uber',59,NULL,NULL,'2025-05-04 03:30:26',NULL,'2025-07-23 05:09:59',NULL,'pendente','2025-07-22 19:00:07','2025-07-23 07:12:04'),(29,'farmácia',54,NULL,NULL,'2025-05-04 03:30:26',NULL,'2025-07-23 05:09:59',NULL,'pendente','2025-07-22 19:00:07','2025-07-23 07:12:04'),(30,'drogaria',54,NULL,NULL,'2025-05-04 03:30:26',NULL,'2025-07-23 05:09:59',NULL,'pendente','2025-07-22 19:00:07','2025-07-23 07:12:04'),(31,'hospital',54,NULL,NULL,'2025-05-04 03:30:26',NULL,'2025-07-23 05:09:59',NULL,'pendente','2025-07-22 19:00:07','2025-07-23 07:12:05'),(32,'clínica',54,NULL,NULL,'2025-05-04 03:30:26',NULL,'2025-07-23 05:09:59',NULL,'pendente','2025-07-22 19:00:07','2025-07-23 07:12:05'),(33,'internet',21,NULL,NULL,'2025-05-04 03:30:26',NULL,'2025-07-23 05:09:59',NULL,'pendente','2025-07-22 19:00:07','2025-07-23 07:12:05'),(34,'telefone',30,NULL,NULL,'2025-05-04 03:30:26',NULL,'2025-07-23 05:09:59',NULL,'pendente','2025-07-22 19:00:07','2025-07-23 07:12:05'),(35,'celular',30,NULL,NULL,'2025-05-04 03:30:26',NULL,'2025-07-23 05:09:59',NULL,'pendente','2025-07-22 19:00:07','2025-07-23 07:12:06'),(36,'energia',24,NULL,NULL,'2025-05-04 03:30:26',NULL,'2025-07-23 05:09:59',NULL,'pendente','2025-07-22 19:00:07','2025-07-23 07:12:06'),(37,'luz',24,NULL,NULL,'2025-05-04 03:30:26',NULL,'2025-07-23 05:09:59',NULL,'pendente','2025-07-22 19:00:07','2025-07-23 07:12:06'),(38,'água',3,NULL,NULL,'2025-05-04 03:30:26',NULL,'2025-07-23 05:09:59',NULL,'pendente','2025-07-22 19:00:07','2025-07-23 07:12:07'),(39,'tarifa',29,NULL,NULL,'2025-05-04 03:30:26',NULL,'2025-07-23 05:09:59',NULL,'pendente','2025-07-22 19:00:07','2025-07-23 07:12:07'),(40,'juros',23,NULL,NULL,'2025-05-04 03:30:26',NULL,'2025-07-23 05:09:59',NULL,'pendente','2025-07-22 19:00:07','2025-07-23 07:12:07'),(41,'empréstimo',5,NULL,NULL,'2025-05-04 03:30:26',NULL,'2025-07-23 05:09:59',NULL,'pendente','2025-07-22 19:00:07','2025-07-23 07:12:08'),(42,'financiamento',6,NULL,NULL,'2025-05-04 03:30:26',NULL,'2025-07-23 05:09:59',NULL,'pendente','2025-07-22 19:00:07','2025-07-23 07:12:08'),(45,'aluguel',43,NULL,NULL,'2025-05-04 03:30:26',NULL,'2025-07-23 05:09:59',NULL,'pendente','2025-07-22 19:00:07','2025-07-23 07:12:08'),(46,'iptu',22,NULL,NULL,'2025-05-04 03:30:26',NULL,'2025-07-23 05:09:59',NULL,'pendente','2025-07-22 19:00:07','2025-07-23 07:12:08'),(47,'seguro',28,NULL,NULL,'2025-05-04 03:30:26',NULL,'2025-07-23 05:09:59',NULL,'pendente','2025-07-22 19:00:07','2025-07-23 07:12:09'),(48,'manutenção',25,NULL,NULL,'2025-05-04 03:30:26',NULL,'2025-07-23 05:09:59',NULL,'pendente','2025-07-22 19:00:07','2025-07-23 07:12:09'),(49,'oficina',25,NULL,NULL,'2025-05-04 03:30:26',NULL,'2025-07-23 05:09:59',NULL,'pendente','2025-07-22 19:00:07','2025-07-23 07:12:09'),(50,'escola',55,NULL,NULL,'2025-05-04 03:30:26',NULL,'2025-07-23 05:09:59',NULL,'pendente','2025-07-22 19:00:07','2025-07-23 07:12:10'),(51,'curso',55,NULL,NULL,'2025-05-04 03:30:26',NULL,'2025-07-23 05:09:59',NULL,'pendente','2025-07-22 19:00:07','2025-07-23 07:12:10'),(52,'treinamento',55,NULL,NULL,'2025-05-04 03:30:26',NULL,'2025-07-23 05:09:59',NULL,'pendente','2025-07-22 19:00:07','2025-07-23 07:12:10'),(53,'Transferência enviada',66,1,NULL,'2025-05-04 19:23:15',NULL,'2025-07-23 05:09:59',NULL,'pendente','2025-07-22 19:00:07','2025-07-23 07:12:11'),(54,'Transferência recebida',7,1,NULL,'2025-05-04 19:24:58',NULL,'2025-07-23 05:09:59',NULL,'pendente','2025-07-22 19:00:07','2025-07-23 07:12:11');

#
# Structure for table "classificacoes_dre"
#

DROP TABLE IF EXISTS `meufinanceiro`.`classificacoes_dre`;
CREATE TABLE `meufinanceiro`.`classificacoes_dre` (
  `id` int(11) NOT NULL AUTO_INCREMENT,
  `nome` varchar(255) NOT NULL,
  `descricao` text DEFAULT NULL,
  `created_at` timestamp NOT NULL DEFAULT current_timestamp(),
  `updated_at` timestamp NOT NULL DEFAULT current_timestamp() ON UPDATE current_timestamp(),
  `tipo_id` int(11) DEFAULT NULL,
  `empresa_id` int(11) NOT NULL,
  `sync_hash` varchar(64) DEFAULT NULL,
  `sync_status` enum('pendente','sincronizado') DEFAULT 'pendente',
  `sync_data` timestamp NOT NULL DEFAULT current_timestamp(),
  PRIMARY KEY (`id`),
  KEY `idx_sync` (`sync_status`,`sync_data`)
) ENGINE=InnoDB AUTO_INCREMENT=16 DEFAULT CHARSET=utf8 COLLATE=utf8_unicode_ci ROW_FORMAT=DYNAMIC;

#
# Data for table "classificacoes_dre"
#

INSERT INTO `classificacoes_dre` VALUES (3,'ALUGUEL CONDOMINIO E IPTU','Despesas relacionadas a aluguel de imóveis, condomínios e pagamento de IPTU','2025-03-26 00:27:29','2025-07-23 17:27:24',2,1,NULL,'pendente','2025-07-23 05:09:59'),(4,'CUSTO DA MERCADORIA','Custos diretamente relacionados à aquisição de mercadorias para revenda','2025-03-26 00:39:30','2025-07-23 07:12:12',2,1,NULL,'pendente','2025-07-23 05:09:59'),(5,'DESPESAS FINANCEIRAS','Despesas relacionadas a operações financeiras como juros, tarifas bancárias, etc','2025-03-26 01:08:19','2025-07-23 07:12:12',2,1,NULL,'pendente','2025-07-23 05:09:59'),(6,'GERAIS E ADMINISTRATIVAS','Despesas gerais e administrativas necessárias para operação da empresa','2025-03-26 01:08:50','2025-07-23 07:12:12',2,1,NULL,'pendente','2025-07-23 05:09:59'),(7,'IMPOSTOS E DEVOLUÇÕES','Impostos sobre vendas e devoluções de mercadorias','2025-03-26 01:09:09','2025-07-23 07:12:13',2,1,NULL,'pendente','2025-07-23 05:09:59'),(8,'PESSOAL (FUNCIONARIOS)','Todos os custos relacionados à folha de pagamento de funcionários','2025-03-26 01:09:20','2025-07-23 07:12:13',2,1,NULL,'pendente','2025-07-23 05:09:59'),(9,'PRO-LABORE','Remuneração dos sócios ou proprietários da empresa','2025-03-26 01:09:27','2025-07-23 07:12:13',2,1,NULL,'pendente','2025-07-23 05:09:59'),(10,'PROPAGANDA E MARKETING','Despesas com publicidade, marketing e promoção de vendas','2025-03-26 01:10:05','2025-07-23 07:12:14',2,1,NULL,'pendente','2025-07-23 05:09:59'),(11,'ULTILIDADES','Despesas com serviços públicos como água, luz, gás, etc','2025-03-26 01:10:23','2025-07-23 07:12:14',2,1,NULL,'pendente','2025-07-23 05:09:59'),(12,'RECEITAS FINANCEIRAS','Receitas provenientes de aplicações financeiras ou rendimentos','2025-03-26 01:17:26','2025-07-23 07:12:14',1,1,NULL,'pendente','2025-07-23 05:09:59'),(13,'ENTRADAS VENDAS','Receitas provenientes das vendas de produtos ou serviços','2025-03-26 01:18:02','2025-07-23 07:12:14',1,1,NULL,'pendente','2025-07-23 05:09:59'),(14,'MERCADORIA REVENDA','Custos com mercadorias adquiridas para revenda','2025-03-26 05:36:33','2025-07-23 07:12:15',2,1,NULL,'pendente','2025-07-23 05:09:59'),(15,'ENTRADAS OUTRAS','Outras receitas não relacionadas diretamente com a atividade principal','2025-03-27 05:45:03','2025-07-23 07:12:15',1,1,NULL,'pendente','2025-07-23 05:09:59');

#
# Structure for table "config"
#

DROP TABLE IF EXISTS `meufinanceiro`.`config`;
CREATE TABLE `meufinanceiro`.`config` (
  `id` int(11) NOT NULL AUTO_INCREMENT,
  `name` varchar(255) NOT NULL,
  `value` varchar(255) NOT NULL,
  `description` text DEFAULT NULL,
  `created_at` timestamp NOT NULL DEFAULT current_timestamp(),
  `updated_at` timestamp NOT NULL DEFAULT current_timestamp() ON UPDATE current_timestamp(),
  `empresa_id` int(11) NOT NULL,
  `origem` varchar(25) DEFAULT NULL,
  `ativo` int(1) DEFAULT NULL,
  `sync_data` timestamp NOT NULL DEFAULT current_timestamp(),
  `sync_hash` varchar(32) DEFAULT NULL,
  `sync_status` enum('pendente','sincronizado','erro') DEFAULT 'pendente',
  `codigo_sistema` varchar(50) DEFAULT NULL COMMENT 'Código único do sistema',
  PRIMARY KEY (`id`),
  UNIQUE KEY `name` (`name`)
) ENGINE=InnoDB AUTO_INCREMENT=17 DEFAULT CHARSET=utf8 COLLATE=utf8_unicode_ci ROW_FORMAT=DYNAMIC;

#
# Data for table "config"
#

INSERT INTO `config` VALUES (1,'taxa_inss','11.0','Taxa do INSS em percentual','2025-07-23 06:32:45','2025-07-23 17:27:29',1,'sistema',1,'2025-07-23 05:09:59',NULL,'pendente',NULL),(2,'taxa_fgts','8.0','Taxa do FGTS em percentual','2025-07-23 06:32:45','2025-07-23 17:27:29',1,'sistema',1,'2025-07-23 05:09:59',NULL,'pendente',NULL),(3,'taxa_irrf','7.5','Taxa inicial do IRRF em percentual','2025-07-23 06:32:45','2025-07-23 17:27:29',1,'sistema',1,'2025-07-23 05:09:59',NULL,'pendente',NULL),(4,'conta_gerencial_pdv','33',NULL,'2025-07-23 06:32:45','2025-07-23 17:27:29',1,'pdv',1,'2025-07-23 05:09:59',NULL,'pendente',NULL),(5,'mesas_pdv','30',NULL,'2025-07-23 06:32:45','2025-07-23 17:27:29',1,'pdv',1,'2025-07-23 05:09:59',NULL,'pendente',NULL),(6,'preco_custo_baseado_na_fichaTecnica','1','preço de custo baseado na ficha tecnica 1 para sim 0 para nao ','2025-07-23 06:32:45','2025-07-23 17:27:29',1,'produtos',1,'2025-07-23 05:09:59',NULL,'pendente',NULL),(7,'controle_fiado_id','10','informa o id da tabela que controla o fiado \r\n\r\n','2025-07-23 06:32:45','2025-07-23 17:27:29',1,'pdv',1,'2025-07-23 05:09:59',NULL,'pendente',NULL),(8,'controle_fiado','1',NULL,'2025-07-23 06:32:45','2025-07-23 17:27:29',1,'pdv',1,'2025-07-23 05:09:59',NULL,'pendente',NULL),(9,'testeccc','1',NULL,'2025-07-23 06:32:45','2025-07-23 17:27:29',1,'pdv',1,'2025-07-23 05:09:59',NULL,'pendente',NULL),(11,'tste  rf','1','1\t\t\t\t','2025-07-23 06:32:45','2025-07-23 17:27:29',1,'pdv',1,'2025-07-23 05:09:59',NULL,'pendente',NULL),(12,'teste10','1',NULL,'2025-07-23 06:32:45','2025-07-23 17:27:29',1,'pdv',1,'2025-07-23 05:09:59',NULL,'pendente',NULL),(13,'teste7','1',NULL,'2025-07-23 06:32:45','2025-07-23 17:27:29',1,'pdv',1,'2025-07-23 05:09:59',NULL,'pendente',NULL),(14,'teste8','1',NULL,'2025-07-23 06:32:45','2025-07-23 17:27:29',1,'pdv',1,'2025-07-23 05:16:08',NULL,'pendente',NULL),(15,'teste 9','1',NULL,'2025-07-23 06:32:45','2025-07-23 17:27:29',1,'pdv',1,'2025-07-23 06:59:08',NULL,'pendente',NULL),(16,'teste11','1',NULL,'2025-07-23 06:32:45','2025-07-23 17:27:29',1,'pdv',1,'2025-07-23 07:32:41',NULL,'pendente',NULL);

#
# Structure for table "config_db_connections"
#

DROP TABLE IF EXISTS `meufinanceiro`.`config_db_connections`;
CREATE TABLE `meufinanceiro`.`config_db_connections` (
  `id` bigint(20) unsigned NOT NULL AUTO_INCREMENT,
  `empresa_id` int(11) NOT NULL COMMENT 'ID da empresa',
  `nome` varchar(100) NOT NULL COMMENT 'Nome descritivo da conexão',
  `ambiente_id` bigint(20) unsigned NOT NULL COMMENT 'ID do ambiente',
  `driver` enum('mysql','postgresql','sqlite','sqlserver') NOT NULL DEFAULT 'mysql' COMMENT 'Driver do banco de dados',
  `host` varchar(255) NOT NULL COMMENT 'Host do servidor',
  `porta` int(11) NOT NULL DEFAULT 3306 COMMENT 'Porta do servidor',
  `banco` varchar(100) NOT NULL COMMENT 'Nome do banco de dados',
  `usuario` varchar(100) NOT NULL COMMENT 'Usuário do banco',
  `senha` text NOT NULL COMMENT 'Senha criptografada',
  `charset` varchar(20) NOT NULL DEFAULT 'utf8mb4' COMMENT 'Charset do banco',
  `collation` varchar(100) NOT NULL DEFAULT 'utf8mb4_unicode_ci' COMMENT 'Collation do banco',
  `prefixo` varchar(50) DEFAULT NULL COMMENT 'Prefixo das tabelas',
  `padrao` tinyint(1) NOT NULL DEFAULT 0 COMMENT 'Se é a conexão padrão',
  `sync_hash` varchar(64) DEFAULT NULL COMMENT 'Hash para sincronização',
  `sync_status` enum('pendente','sincronizado','erro') NOT NULL DEFAULT 'pendente',
  `sync_data` timestamp NULL DEFAULT NULL COMMENT 'Data da última sincronização',
  `created_at` timestamp NULL DEFAULT NULL,
  `updated_at` timestamp NULL DEFAULT NULL,
  `deleted_at` timestamp NULL DEFAULT NULL,
  PRIMARY KEY (`id`),
  KEY `config_db_connections_empresa_id_ambiente_id_index` (`empresa_id`,`ambiente_id`),
  KEY `config_db_connections_ambiente_id_index` (`ambiente_id`)
) ENGINE=InnoDB AUTO_INCREMENT=3 DEFAULT CHARSET=utf8mb4 COLLATE=utf8mb4_unicode_ci;

#
# Data for table "config_db_connections"
#

INSERT INTO `config_db_connections` VALUES (1,1,'Banco Local',2,'mysql','localhost',3306,'meufinanceiro','root','encrypted_empty_password_here','utf8mb4','utf8mb4_unicode_ci',NULL,1,NULL,'pendente',NULL,'2025-07-31 17:04:54','2025-07-31 17:04:54',NULL),(2,1,'Banco Produção',1,'mysql','162.241.2.71',3306,'finanp06_meufinanceiro','finanp06_tradicao','encrypted:Mazinho2512@','utf8mb4','utf8mb4_unicode_ci',NULL,1,NULL,'pendente',NULL,'2025-07-31 17:04:54','2025-07-31 17:04:54',NULL);

#
# Structure for table "config_definitions"
#

DROP TABLE IF EXISTS `meufinanceiro`.`config_definitions`;
CREATE TABLE `meufinanceiro`.`config_definitions` (
  `id` bigint(20) unsigned NOT NULL AUTO_INCREMENT,
  `empresa_id` int(11) NOT NULL COMMENT 'ID da empresa',
  `chave` varchar(100) NOT NULL COMMENT 'Nome da chave de configuração',
  `nome` varchar(100) NOT NULL COMMENT 'Nome amigável da configuração',
  `descricao` text DEFAULT NULL COMMENT 'Descrição da configuração',
  `tipo` enum('string','integer','float','boolean','array','json','url','email','password') NOT NULL DEFAULT 'string' COMMENT 'Tipo de dado',
  `grupo_id` bigint(20) unsigned DEFAULT NULL COMMENT 'Grupo ao qual pertence',
  `valor_padrao` text DEFAULT NULL COMMENT 'Valor padrão',
  `obrigatorio` tinyint(1) NOT NULL DEFAULT 0 COMMENT 'Se é obrigatória',
  `min_length` int(11) DEFAULT NULL COMMENT 'Tamanho mínimo',
  `max_length` int(11) DEFAULT NULL COMMENT 'Tamanho máximo',
  `regex_validacao` varchar(255) DEFAULT NULL COMMENT 'Regex para validação',
  `opcoes` text DEFAULT NULL COMMENT 'Opções possíveis (JSON)',
  `editavel` tinyint(1) NOT NULL DEFAULT 1 COMMENT 'Se pode ser editado via interface',
  `avancado` tinyint(1) NOT NULL DEFAULT 0 COMMENT 'Se é uma configuração avançada',
  `ordem` int(11) NOT NULL DEFAULT 0 COMMENT 'Ordem de exibição',
  `dica` text DEFAULT NULL COMMENT 'Dica de ajuda na interface',
  `ajuda` text DEFAULT NULL COMMENT 'Texto de ajuda detalhado',
  `ativo` tinyint(1) NOT NULL DEFAULT 1 COMMENT 'Status da definição',
  `sync_hash` varchar(64) DEFAULT NULL COMMENT 'Hash para sincronização',
  `sync_status` enum('pendente','sincronizado','erro') NOT NULL DEFAULT 'pendente',
  `sync_data` timestamp NULL DEFAULT NULL COMMENT 'Data da última sincronização',
  `created_at` timestamp NULL DEFAULT NULL,
  `updated_at` timestamp NULL DEFAULT NULL,
  `deleted_at` timestamp NULL DEFAULT NULL,
  PRIMARY KEY (`id`),
  UNIQUE KEY `config_definitions_empresa_id_chave_unique` (`empresa_id`,`chave`),
  KEY `config_definitions_empresa_id_index` (`empresa_id`),
  KEY `config_definitions_grupo_id_index` (`grupo_id`)
) ENGINE=InnoDB AUTO_INCREMENT=48 DEFAULT CHARSET=utf8mb4 COLLATE=utf8mb4_unicode_ci;

#
# Data for table "config_definitions"
#

INSERT INTO `config_definitions` VALUES (1,1,'app_name','Nome da Aplicação','Nome principal da aplicação','string',1,'MeuFinanceiro',1,NULL,NULL,NULL,NULL,1,0,0,NULL,NULL,1,NULL,'',NULL,'2025-07-31 17:04:54','2025-07-31 17:04:54',NULL),(2,1,'app_version','Versão do Sistema','Versão atual do sistema','string',1,'1.0.0',1,NULL,NULL,NULL,NULL,1,0,0,NULL,NULL,1,NULL,'',NULL,'2025-07-31 17:04:54','2025-07-31 17:04:54',NULL),(3,1,'app_debug','Modo Debug','Ativar modo de depuração','boolean',1,'false',0,NULL,NULL,NULL,NULL,1,0,0,NULL,NULL,1,NULL,'',NULL,'2025-07-31 17:04:54','2025-07-31 17:04:54',NULL),(4,1,'maintenance_mode','Modo Manutenção','Ativar modo de manutenção do sistema','boolean',1,'false',0,NULL,NULL,NULL,NULL,1,0,0,NULL,NULL,1,NULL,'',NULL,'2025-07-31 17:04:54','2025-07-31 17:04:54',NULL),(5,1,'error_reporting_level','Nível de Log de Erros','Nível de detalhamento dos logs de erro','string',1,'E_ALL',0,NULL,NULL,NULL,NULL,1,0,0,NULL,NULL,1,NULL,'',NULL,'2025-07-31 17:04:54','2025-07-31 17:04:54',NULL),(6,1,'empresa_nome','Nome da Empresa','Nome da empresa desenvolvedora','string',2,'Marketplace Demo Ltda',1,NULL,NULL,NULL,NULL,1,0,0,NULL,NULL,1,NULL,'',NULL,'2025-07-31 17:04:54','2025-07-31 17:04:54',NULL),(7,1,'empresa_cnpj','CNPJ da Empresa','CNPJ da empresa desenvolvedora','string',2,'12.345.678/0001-90',1,NULL,NULL,NULL,NULL,1,0,0,NULL,NULL,1,NULL,'',NULL,'2025-07-31 17:04:54','2025-07-31 17:04:54',NULL),(8,1,'empresa_email','Email de Contato','Email para contato da empresa','email',2,'admin@marketplace.local',1,NULL,NULL,NULL,NULL,1,0,0,NULL,NULL,1,NULL,'',NULL,'2025-07-31 17:04:54','2025-07-31 17:04:54',NULL),(9,1,'empresa_telefone','Telefone','Telefone de contato da empresa','string',2,'(99) 99999-9999',0,NULL,NULL,NULL,NULL,1,0,0,NULL,NULL,1,NULL,'',NULL,'2025-07-31 17:04:54','2025-07-31 17:04:54',NULL),(10,1,'empresa_endereco','Endereço','Endereço completo da empresa','string',2,'Rua Exemplo, 123 - Centro',0,NULL,NULL,NULL,NULL,1,0,0,NULL,NULL,1,NULL,'',NULL,'2025-07-31 17:04:54','2025-07-31 17:04:54',NULL),(11,1,'empresa_logo_url','URL do Logo','URL para o logo da empresa','url',2,'/assets/img/logo.png',0,NULL,NULL,NULL,NULL,1,0,0,NULL,NULL,1,NULL,'',NULL,'2025-07-31 17:04:54','2025-07-31 17:04:54',NULL),(12,1,'licenca_versao_atual','Versão Atual','Versão atual do sistema licenciado','string',3,'1.0.0',1,NULL,NULL,NULL,NULL,1,0,0,NULL,NULL,1,NULL,'',NULL,'2025-07-31 17:04:54','2025-07-31 17:04:54',NULL),(13,1,'licenca_update_url','URL de Atualização','URL para verificação de atualizações','url',3,'https://api.meufinanceiro.com/updates',0,NULL,NULL,NULL,NULL,1,0,0,NULL,NULL,1,NULL,'',NULL,'2025-07-31 17:04:54','2025-07-31 17:04:54',NULL),(14,1,'licenca_check_interval','Intervalo de Verificação','Intervalo para verificação de licenças (dias)','integer',3,'7',1,NULL,NULL,NULL,NULL,1,0,0,NULL,NULL,1,NULL,'',NULL,'2025-07-31 17:04:54','2025-07-31 17:04:54',NULL),(15,1,'licenca_key','Chave de Licença','Chave de licença principal do sistema','string',3,'XYZ-DEV-1234-ABCD-5678',1,NULL,NULL,NULL,NULL,0,0,0,NULL,NULL,1,NULL,'',NULL,'2025-07-31 17:04:54','2025-07-31 17:04:54',NULL),(16,1,'licenca_planos','Planos Disponíveis','Planos de licenciamento disponíveis','json',3,'{\"basic\":{\"nome\":\"Básico\",\"usuarios\":5,\"preco\":99},\"standard\":{\"nome\":\"Padrão\",\"usuarios\":10,\"preco\":199},\"premium\":{\"nome\":\"Premium\",\"usuarios\":30,\"preco\":299}}',1,NULL,NULL,NULL,NULL,1,0,0,NULL,NULL,1,NULL,'',NULL,'2025-07-31 17:04:54','2025-07-31 17:04:54',NULL),(17,1,'max_clientes','Máximo de Clientes','Número máximo de clientes permitidos','integer',4,'100',1,NULL,NULL,NULL,NULL,1,0,0,NULL,NULL,1,NULL,'',NULL,'2025-07-31 17:04:54','2025-07-31 17:04:54',NULL),(18,1,'periodo_trial_padrao','Período Trial','Período de avaliação padrão em dias','integer',4,'15',1,NULL,NULL,NULL,NULL,1,0,0,NULL,NULL,1,NULL,'',NULL,'2025-07-31 17:04:54','2025-07-31 17:04:54',NULL),(19,1,'notificacao_antes_expiracao','Dias para Notificação','Dias antes da expiração para notificar','integer',4,'7',1,NULL,NULL,NULL,NULL,1,0,0,NULL,NULL,1,NULL,'',NULL,'2025-07-31 17:04:54','2025-07-31 17:04:54',NULL),(20,1,'template_email_boas_vindas','Template de Boas-Vindas','Template de email de boas-vindas','string',4,'Bem-vindo ao MeuFinanceiro! Seu acesso foi configurado com sucesso.',0,NULL,NULL,NULL,NULL,1,0,0,NULL,NULL,1,NULL,'',NULL,'2025-07-31 17:04:54','2025-07-31 17:04:54',NULL),(21,1,'cliente_2_nome','Nome do Cliente','Nome do cliente Pizzaria','string',4,'Pizzaria',1,NULL,NULL,NULL,NULL,1,0,0,NULL,NULL,1,NULL,'',NULL,'2025-07-31 17:04:54','2025-07-31 17:04:54',NULL),(22,1,'cliente_2_plano','Plano do Cliente','Plano contratado pelo cliente','string',4,'standard',1,NULL,NULL,NULL,NULL,1,0,0,NULL,NULL,1,NULL,'',NULL,'2025-07-31 17:04:54','2025-07-31 17:04:54',NULL),(23,1,'cliente_2_usuarios_max','Máximo de Usuários','Máximo de usuários permitidos','integer',4,'10',1,NULL,NULL,NULL,NULL,1,0,0,NULL,NULL,1,NULL,'',NULL,'2025-07-31 17:04:54','2025-07-31 17:04:54',NULL),(24,1,'cliente_2_ativo','Status do Cliente','Se o cliente está ativo','boolean',4,'1',1,NULL,NULL,NULL,NULL,1,0,0,NULL,NULL,1,NULL,'',NULL,'2025-07-31 17:04:54','2025-07-31 17:04:54',NULL),(25,1,'cliente_2_data_expiracao','Data de Expiração','Data de expiração da licença','string',4,'2026-07-31',1,NULL,NULL,NULL,NULL,1,0,0,NULL,NULL,1,NULL,'',NULL,'2025-07-31 17:04:54','2025-07-31 17:04:54',NULL),(26,1,'cliente_2_trial_days','Dias de Trial','Dias restantes de período trial','integer',4,'0',0,NULL,NULL,NULL,NULL,1,0,0,NULL,NULL,1,NULL,'',NULL,'2025-07-31 17:04:54','2025-07-31 17:04:54',NULL),(27,1,'cliente_2_modules','Módulos Habilitados','Lista de módulos habilitados para o cliente','json',4,'[\"pdv\",\"financeiro\",\"estoque\",\"produtos\"]',0,NULL,NULL,NULL,NULL,1,0,0,NULL,NULL,1,NULL,'',NULL,'2025-07-31 17:04:54','2025-07-31 17:04:54',NULL),(28,1,'sync_interval_minutes','Intervalo de Sincronização','Intervalo de sincronização em minutos','integer',5,'15',1,NULL,NULL,NULL,NULL,1,0,0,NULL,NULL,1,NULL,'',NULL,'2025-07-31 17:04:54','2025-07-31 17:04:54',NULL),(29,1,'sync_auto_on_startup','Sincronizar ao Iniciar','Sincronizar automaticamente ao iniciar o sistema','boolean',5,'1',0,NULL,NULL,NULL,NULL,1,0,0,NULL,NULL,1,NULL,'',NULL,'2025-07-31 17:04:54','2025-07-31 17:04:54',NULL),(30,1,'export_dir','Diretório de Exportação','Diretório para exportação de arquivos','string',5,'../backups/exports/',0,NULL,NULL,NULL,NULL,1,0,0,NULL,NULL,1,NULL,'',NULL,'2025-07-31 17:04:54','2025-07-31 17:04:54',NULL),(31,1,'import_dir','Diretório de Importação','Diretório para importação automática','string',5,'../temp/auto_import/',0,NULL,NULL,NULL,NULL,1,0,0,NULL,NULL,1,NULL,'',NULL,'2025-07-31 17:04:54','2025-07-31 17:04:54',NULL),(32,1,'telegram_token','Token do Bot','Token do bot do Telegram','string',6,'8176661265:AAFkQyV6FrWMA3CLfORs4kAoQGNE26N3Yzk',0,NULL,NULL,NULL,NULL,1,0,0,NULL,NULL,1,NULL,'',NULL,'2025-07-31 17:04:54','2025-07-31 17:04:54',NULL),(33,1,'telegram_chat_id','ID do Chat','ID do chat do Telegram','string',6,'7644334347',0,NULL,NULL,NULL,NULL,1,0,0,NULL,NULL,1,NULL,'',NULL,'2025-07-31 17:04:54','2025-07-31 17:04:54',NULL),(34,1,'telegram_notify_errors','Notificar Erros','Notificar erros via Telegram','boolean',6,'1',0,NULL,NULL,NULL,NULL,1,0,0,NULL,NULL,1,NULL,'',NULL,'2025-07-31 17:04:54','2025-07-31 17:04:54',NULL),(35,2,'app_name','Nome da Aplicação','Nome da aplicação para o cliente','string',9,'Pizzaria App',1,NULL,NULL,NULL,NULL,1,0,0,NULL,NULL,1,NULL,'',NULL,'2025-07-31 17:04:54','2025-07-31 17:04:54',NULL),(36,2,'app_debug','Modo Debug','Ativar modo de depuração','boolean',9,'false',0,NULL,NULL,NULL,NULL,1,0,0,NULL,NULL,1,NULL,'',NULL,'2025-07-31 17:04:54','2025-07-31 17:04:54',NULL),(37,2,'taxa_inss','Taxa do INSS','Taxa do INSS em percentual','float',12,'11.0',1,NULL,NULL,NULL,NULL,1,0,0,NULL,NULL,1,NULL,'',NULL,'2025-07-31 17:04:54','2025-07-31 17:04:54',NULL),(38,2,'taxa_fgts','Taxa do FGTS','Taxa do FGTS em percentual','float',12,'8.0',1,NULL,NULL,NULL,NULL,1,0,0,NULL,NULL,1,NULL,'',NULL,'2025-07-31 17:04:54','2025-07-31 17:04:54',NULL),(39,2,'taxa_irrf','Taxa do IRRF','Taxa inicial do IRRF em percentual','float',12,'7.5',1,NULL,NULL,NULL,NULL,1,0,0,NULL,NULL,1,NULL,'',NULL,'2025-07-31 17:04:54','2025-07-31 17:04:54',NULL),(40,2,'conta_gerencial_pdv','Conta Gerencial PDV','ID da conta gerencial do PDV','integer',10,'33',1,NULL,NULL,NULL,NULL,1,0,0,NULL,NULL,1,NULL,'',NULL,'2025-07-31 17:04:54','2025-07-31 17:04:54',NULL),(41,2,'mesas_pdv','Mesas do PDV','Número de mesas do PDV','integer',10,'30',1,NULL,NULL,NULL,NULL,1,0,0,NULL,NULL,1,NULL,'',NULL,'2025-07-31 17:04:54','2025-07-31 17:04:54',NULL),(42,2,'controle_fiado_id','ID do Controle de Fiado','ID da tabela que controla o fiado','integer',10,'10',1,NULL,NULL,NULL,NULL,1,0,0,NULL,NULL,1,NULL,'',NULL,'2025-07-31 17:04:54','2025-07-31 17:04:54',NULL),(43,2,'controle_fiado','Controle de Fiado','Ativa o controle de fiado','integer',10,'1',1,NULL,NULL,NULL,NULL,1,0,0,NULL,NULL,1,NULL,'',NULL,'2025-07-31 17:04:54','2025-07-31 17:04:54',NULL),(44,2,'impressao_auto_ativa','Impressão Automática','Ativar impressão automática (0=Manual, 1=Automática)','integer',10,'1',1,NULL,NULL,NULL,NULL,1,0,0,NULL,NULL,1,NULL,'',NULL,'2025-07-31 17:04:54','2025-07-31 17:04:54',NULL),(45,2,'impressao_modo_geral','Modo de Impressão','Modo global: imediata, manual, timer, hibrido, online','string',10,'imediata',1,NULL,NULL,NULL,NULL,1,0,0,NULL,NULL,1,NULL,'',NULL,'2025-07-31 17:04:54','2025-07-31 17:04:54',NULL),(46,2,'impressao_timer_segundos','Timer de Impressão','Timer automático em segundos','integer',10,'25',1,NULL,NULL,NULL,NULL,1,0,0,NULL,NULL,1,NULL,'',NULL,'2025-07-31 17:04:54','2025-07-31 17:04:54',NULL),(47,2,'preco_custo_baseado_na_fichaTecnica','Preço de Custo Baseado na Ficha Técnica','Preço de custo baseado na ficha técnica','integer',11,'1',1,NULL,NULL,NULL,NULL,1,0,0,NULL,NULL,1,NULL,'',NULL,'2025-07-31 17:04:54','2025-07-31 17:04:54',NULL);

#
# Structure for table "config_environments"
#

DROP TABLE IF EXISTS `meufinanceiro`.`config_environments`;
CREATE TABLE `meufinanceiro`.`config_environments` (
  `id` bigint(20) unsigned NOT NULL AUTO_INCREMENT,
  `empresa_id` int(11) NOT NULL COMMENT 'ID da empresa',
  `codigo` varchar(50) NOT NULL COMMENT 'Código único do ambiente',
  `nome` varchar(100) NOT NULL COMMENT 'Nome de exibição do ambiente',
  `descricao` text DEFAULT NULL COMMENT 'Descrição do ambiente',
  `is_producao` tinyint(1) NOT NULL DEFAULT 0 COMMENT 'Ambiente de produção',
  `ativo` tinyint(1) NOT NULL DEFAULT 1 COMMENT 'Status do ambiente',
  `sync_hash` varchar(64) DEFAULT NULL COMMENT 'Hash para sincronização',
  `sync_status` enum('pending','synced','error') NOT NULL DEFAULT 'pending' COMMENT 'Status da sincronização',
  `sync_data` timestamp NULL DEFAULT NULL COMMENT 'Data da última sincronização',
  `created_at` timestamp NULL DEFAULT NULL,
  `updated_at` timestamp NULL DEFAULT NULL,
  `deleted_at` timestamp NULL DEFAULT NULL,
  PRIMARY KEY (`id`),
  UNIQUE KEY `config_environments_empresa_id_codigo_unique` (`empresa_id`,`codigo`),
  KEY `config_environments_empresa_id_index` (`empresa_id`)
) ENGINE=InnoDB AUTO_INCREMENT=6 DEFAULT CHARSET=utf8mb4 COLLATE=utf8mb4_unicode_ci;

#
# Data for table "config_environments"
#

INSERT INTO `config_environments` VALUES (1,1,'producao','Produção','Ambiente de produção do Marketplace',1,1,NULL,'pending',NULL,'2025-07-31 17:04:54','2025-07-31 17:04:54',NULL),(2,1,'desenvolvimento','Desenvolvimento','Ambiente de desenvolvimento do Marketplace',0,1,NULL,'pending',NULL,'2025-07-31 17:04:54','2025-07-31 17:04:54',NULL),(3,1,'homologacao','Homologação','Ambiente de homologação do Marketplace',0,1,NULL,'pending',NULL,'2025-07-31 17:04:54','2025-07-31 17:04:54',NULL),(4,2,'producao','Produção','Ambiente de produção da Pizzaria',1,1,NULL,'pending',NULL,'2025-07-31 17:04:54','2025-07-31 17:04:54',NULL),(5,2,'desenvolvimento','Desenvolvimento','Ambiente de desenvolvimento da Pizzaria',0,1,NULL,'pending',NULL,'2025-07-31 17:04:54','2025-07-31 17:04:54',NULL);

#
# Structure for table "config_groups"
#

DROP TABLE IF EXISTS `meufinanceiro`.`config_groups`;
CREATE TABLE `meufinanceiro`.`config_groups` (
  `id` bigint(20) unsigned NOT NULL AUTO_INCREMENT,
  `empresa_id` int(11) NOT NULL COMMENT 'ID da empresa',
  `codigo` varchar(50) NOT NULL COMMENT 'Código único do grupo',
  `nome` varchar(100) NOT NULL COMMENT 'Nome de exibição do grupo',
  `descricao` text DEFAULT NULL COMMENT 'Descrição do grupo',
  `grupo_pai_id` bigint(20) unsigned DEFAULT NULL COMMENT 'ID do grupo pai',
  `icone` varchar(50) DEFAULT NULL COMMENT 'Classe de ícone para interface',
  `icone_class` varchar(50) DEFAULT NULL COMMENT 'Classe de ícone para interface',
  `ordem` int(11) NOT NULL DEFAULT 0 COMMENT 'Ordem de exibição do grupo',
  `ativo` tinyint(1) NOT NULL DEFAULT 1 COMMENT 'Status do grupo',
  `sync_hash` varchar(64) DEFAULT NULL COMMENT 'Hash para sincronização',
  `sync_status` enum('pending','synced','error') NOT NULL DEFAULT 'pending' COMMENT 'Status da sincronização',
  `sync_data` timestamp NULL DEFAULT NULL COMMENT 'Data da última sincronização',
  `created_at` timestamp NULL DEFAULT NULL,
  `updated_at` timestamp NULL DEFAULT NULL,
  `deleted_at` timestamp NULL DEFAULT NULL,
  PRIMARY KEY (`id`),
  UNIQUE KEY `config_groups_empresa_id_codigo_unique` (`empresa_id`,`codigo`),
  KEY `config_groups_empresa_id_index` (`empresa_id`),
  KEY `config_groups_grupo_pai_id_index` (`grupo_pai_id`)
) ENGINE=InnoDB AUTO_INCREMENT=14 DEFAULT CHARSET=utf8mb4 COLLATE=utf8mb4_unicode_ci;

#
# Data for table "config_groups"
#

INSERT INTO `config_groups` VALUES (1,1,'sistema','Sistema','Configurações gerais do sistema',NULL,NULL,'fas fa-cogs',1,1,NULL,'pending',NULL,'2025-07-31 17:04:54','2025-07-31 17:04:54',NULL),(2,1,'empresa','Empresa','Dados da empresa desenvolvedora',NULL,NULL,'fas fa-building',2,1,NULL,'pending',NULL,'2025-07-31 17:04:54','2025-07-31 17:04:54',NULL),(3,1,'licenca','Licenciamento','Configurações de licenciamento',NULL,NULL,'fas fa-key',3,1,NULL,'pending',NULL,'2025-07-31 17:04:54','2025-07-31 17:04:54',NULL),(4,1,'clientes','Clientes','Configurações de clientes',NULL,NULL,'fas fa-users',4,1,NULL,'pending',NULL,'2025-07-31 17:04:54','2025-07-31 17:04:54',NULL),(5,1,'sync','Sincronização','Configurações de sincronização',NULL,NULL,'fas fa-sync',5,1,NULL,'pending',NULL,'2025-07-31 17:04:54','2025-07-31 17:04:54',NULL),(6,1,'telegram','Telegram','Configurações do Telegram',NULL,NULL,'fab fa-telegram',6,1,NULL,'pending',NULL,'2025-07-31 17:04:54','2025-07-31 17:04:54',NULL),(7,1,'cloud','Cloud','Configurações de armazenamento em nuvem',NULL,NULL,'fas fa-cloud',7,1,NULL,'pending',NULL,'2025-07-31 17:04:54','2025-07-31 17:04:54',NULL),(8,1,'api','API','Configurações das APIs',NULL,NULL,'fas fa-code',8,1,NULL,'pending',NULL,'2025-07-31 17:04:54','2025-07-31 17:04:54',NULL),(9,2,'sistema','Sistema','Configurações gerais do sistema',NULL,NULL,'fas fa-cogs',1,1,NULL,'pending',NULL,'2025-07-31 17:04:54','2025-07-31 17:04:54',NULL),(10,2,'pdv','PDV','Configurações do ponto de venda',NULL,NULL,'fas fa-cash-register',2,1,NULL,'pending',NULL,'2025-07-31 17:04:54','2025-07-31 17:04:54',NULL),(11,2,'produtos','Produtos','Configurações de produtos e estoque',NULL,NULL,'fas fa-box',3,1,NULL,'pending',NULL,'2025-07-31 17:04:54','2025-07-31 17:04:54',NULL),(12,2,'impostos','Impostos','Configurações de impostos e taxas',NULL,NULL,'fas fa-percent',4,1,NULL,'pending',NULL,'2025-07-31 17:04:54','2025-07-31 17:04:54',NULL),(13,2,'pagamento','Pagamento','Configurações de pagamento',NULL,NULL,'fas fa-credit-card',5,1,NULL,'pending',NULL,'2025-07-31 17:04:54','2025-07-31 17:04:54',NULL);

#
# Structure for table "config_history"
#

DROP TABLE IF EXISTS `meufinanceiro`.`config_history`;
CREATE TABLE `meufinanceiro`.`config_history` (
  `id` bigint(20) unsigned NOT NULL AUTO_INCREMENT,
  `empresa_id` int(11) NOT NULL COMMENT 'ID da empresa',
  `config_id` bigint(20) unsigned NOT NULL COMMENT 'ID da configuração',
  `site_id` bigint(20) unsigned DEFAULT NULL COMMENT 'ID do site',
  `ambiente_id` bigint(20) unsigned DEFAULT NULL COMMENT 'ID do ambiente',
  `acao` enum('create','update','delete') NOT NULL COMMENT 'Ação realizada',
  `valor_anterior` text DEFAULT NULL COMMENT 'Valor anterior',
  `valor_novo` text DEFAULT NULL COMMENT 'Novo valor',
  `usuario_id` int(11) DEFAULT NULL COMMENT 'ID do usuário',
  `usuario_nome` varchar(100) DEFAULT NULL COMMENT 'Nome do usuário',
  `ip` varchar(45) DEFAULT NULL COMMENT 'IP do usuário',
  `user_agent` text DEFAULT NULL COMMENT 'User-Agent do navegador',
  `contexto_info` text DEFAULT NULL COMMENT 'Informações de contexto',
  `sync_hash` varchar(64) DEFAULT NULL COMMENT 'Hash para sincronização',
  `sync_status` enum('pending','synced','error') NOT NULL DEFAULT 'pending' COMMENT 'Status da sincronização',
  `sync_data` timestamp NULL DEFAULT NULL COMMENT 'Data da última sincronização',
  `created_at` timestamp NULL DEFAULT NULL,
  `updated_at` timestamp NULL DEFAULT NULL,
  `deleted_at` timestamp NULL DEFAULT NULL,
  PRIMARY KEY (`id`),
  KEY `config_history_empresa_id_index` (`empresa_id`),
  KEY `config_history_config_id_index` (`config_id`),
  KEY `config_history_usuario_id_index` (`usuario_id`)
) ENGINE=InnoDB DEFAULT CHARSET=utf8mb4 COLLATE=utf8mb4_unicode_ci;

#
# Data for table "config_history"
#


#
# Structure for table "config_sites"
#

DROP TABLE IF EXISTS `meufinanceiro`.`config_sites`;
CREATE TABLE `meufinanceiro`.`config_sites` (
  `id` bigint(20) unsigned NOT NULL AUTO_INCREMENT,
  `empresa_id` int(11) NOT NULL COMMENT 'ID da empresa',
  `codigo` varchar(50) NOT NULL COMMENT 'Código único do site',
  `nome` varchar(100) NOT NULL COMMENT 'Nome de exibição do site',
  `descricao` text DEFAULT NULL COMMENT 'Descrição do site',
  `base_url_padrao` varchar(255) DEFAULT NULL COMMENT 'URL base padrão do site',
  `ativo` tinyint(1) NOT NULL DEFAULT 1 COMMENT 'Status do site',
  `sync_hash` varchar(64) DEFAULT NULL COMMENT 'Hash para sincronização',
  `sync_status` enum('pending','synced','error') NOT NULL DEFAULT 'pending' COMMENT 'Status da sincronização',
  `sync_data` timestamp NULL DEFAULT NULL COMMENT 'Data da última sincronização',
  `created_at` timestamp NULL DEFAULT NULL,
  `updated_at` timestamp NULL DEFAULT NULL,
  `deleted_at` timestamp NULL DEFAULT NULL,
  PRIMARY KEY (`id`),
  UNIQUE KEY `config_sites_empresa_id_codigo_unique` (`empresa_id`,`codigo`),
  KEY `config_sites_empresa_id_index` (`empresa_id`)
) ENGINE=InnoDB AUTO_INCREMENT=5 DEFAULT CHARSET=utf8mb4 COLLATE=utf8mb4_unicode_ci;

#
# Data for table "config_sites"
#

INSERT INTO `config_sites` VALUES (1,1,'marketplace_web','Marketplace Web','Sistema principal do Marketplace','https://marketplace.exemplo.com',1,NULL,'pending',NULL,'2025-07-31 17:04:54','2025-07-31 17:04:54',NULL),(2,1,'admin','Admin','Painel administrativo do Marketplace','https://admin.marketplace.exemplo.com',1,NULL,'pending',NULL,'2025-07-31 17:04:54','2025-07-31 17:04:54',NULL),(3,2,'sistema','Sistema','Sistema administrativo da Pizzaria','/sistema',1,NULL,'pending',NULL,'2025-07-31 17:04:54','2025-07-31 17:04:54',NULL),(4,2,'pdv','PDV','Ponto de venda da Pizzaria','/pdv',1,NULL,'pending',NULL,'2025-07-31 17:04:54','2025-07-31 17:04:54',NULL);

#
# Structure for table "config_url_mappings"
#

DROP TABLE IF EXISTS `meufinanceiro`.`config_url_mappings`;
CREATE TABLE `meufinanceiro`.`config_url_mappings` (
  `id` bigint(20) unsigned NOT NULL AUTO_INCREMENT,
  `empresa_id` int(11) NOT NULL COMMENT 'ID da empresa',
  `site_id` bigint(20) unsigned NOT NULL COMMENT 'ID do site',
  `ambiente_id` bigint(20) unsigned NOT NULL COMMENT 'ID do ambiente',
  `dominio` varchar(255) NOT NULL COMMENT 'Domínio do site',
  `base_url` varchar(255) NOT NULL COMMENT 'URL base',
  `api_url` varchar(255) DEFAULT NULL COMMENT 'URL da API',
  `asset_url` varchar(255) DEFAULT NULL COMMENT 'URL dos assets',
  `sync_hash` varchar(64) DEFAULT NULL COMMENT 'Hash para sincronização',
  `sync_status` enum('pending','synced','error') NOT NULL DEFAULT 'pending' COMMENT 'Status da sincronização',
  `sync_data` timestamp NULL DEFAULT NULL COMMENT 'Data da última sincronização',
  `created_at` timestamp NULL DEFAULT NULL,
  `updated_at` timestamp NULL DEFAULT NULL,
  `deleted_at` timestamp NULL DEFAULT NULL,
  PRIMARY KEY (`id`),
  UNIQUE KEY `config_url_mappings_empresa_id_site_id_ambiente_id_unique` (`empresa_id`,`site_id`,`ambiente_id`),
  KEY `config_url_mappings_site_id_index` (`site_id`),
  KEY `config_url_mappings_ambiente_id_index` (`ambiente_id`)
) ENGINE=InnoDB AUTO_INCREMENT=9 DEFAULT CHARSET=utf8mb4 COLLATE=utf8mb4_unicode_ci;

#
# Data for table "config_url_mappings"
#

INSERT INTO `config_url_mappings` VALUES (1,1,1,1,'marketplace.exemplo.com','https://marketplace.exemplo.com','https://marketplace.exemplo.com/api','https://marketplace.exemplo.com/assets',NULL,'pending',NULL,'2025-07-31 17:04:54','2025-07-31 17:04:54',NULL),(2,1,2,1,'admin.marketplace.exemplo.com','https://admin.marketplace.exemplo.com','https://admin.marketplace.exemplo.com/api','https://admin.marketplace.exemplo.com/assets',NULL,'pending',NULL,'2025-07-31 17:04:54','2025-07-31 17:04:54',NULL),(3,1,1,2,'localhost','http://localhost/marketplace/web/public','http://localhost/marketplace/web/public/api','http://localhost/marketplace/web/public/assets',NULL,'pending',NULL,'2025-07-31 17:04:54','2025-07-31 17:04:54',NULL),(4,1,2,2,'localhost','http://localhost/marketplace/admin/public','http://localhost/marketplace/admin/public/api','http://localhost/marketplace/admin/public/assets',NULL,'pending',NULL,'2025-07-31 17:04:54','2025-07-31 17:04:54',NULL),(5,2,3,4,'pizzaria.exemplo.com','https://pizzaria.exemplo.com/sistema','https://pizzaria.exemplo.com/sistema/api','https://pizzaria.exemplo.com/sistema/assets',NULL,'pending',NULL,'2025-07-31 17:04:54','2025-07-31 17:04:54',NULL),(6,2,4,4,'pizzaria.exemplo.com','https://pizzaria.exemplo.com/pdv','https://pizzaria.exemplo.com/pdv/api','https://pizzaria.exemplo.com/pdv/assets',NULL,'pending',NULL,'2025-07-31 17:04:54','2025-07-31 17:04:54',NULL),(7,2,3,5,'localhost','http://localhost/pizzaria/sistema/public','http://localhost/pizzaria/sistema/public/api','http://localhost/pizzaria/sistema/public/assets',NULL,'pending',NULL,'2025-07-31 17:04:54','2025-07-31 17:04:54',NULL),(8,2,4,5,'localhost','http://localhost/pizzaria/pdv/public','http://localhost/pizzaria/pdv/public/api','http://localhost/pizzaria/pdv/public/assets',NULL,'pending',NULL,'2025-07-31 17:04:54','2025-07-31 17:04:54',NULL);

#
# Structure for table "config_values"
#

DROP TABLE IF EXISTS `meufinanceiro`.`config_values`;
CREATE TABLE `meufinanceiro`.`config_values` (
  `id` bigint(20) unsigned NOT NULL AUTO_INCREMENT,
  `empresa_id` int(11) NOT NULL COMMENT 'ID da empresa',
  `config_id` bigint(20) unsigned NOT NULL COMMENT 'ID da definição da configuração',
  `site_id` bigint(20) unsigned DEFAULT NULL COMMENT 'ID do site específico',
  `ambiente_id` bigint(20) unsigned DEFAULT NULL COMMENT 'ID do ambiente específico',
  `valor` text DEFAULT NULL COMMENT 'Valor da configuração',
  `usuario_id` int(11) DEFAULT NULL COMMENT 'ID do usuário que fez a alteração',
  `sync_hash` varchar(64) DEFAULT NULL COMMENT 'Hash para sincronização',
  `sync_status` enum('pending','synced','error') NOT NULL DEFAULT 'pending' COMMENT 'Status da sincronização',
  `sync_data` timestamp NULL DEFAULT NULL COMMENT 'Data da última sincronização',
  `created_at` timestamp NULL DEFAULT NULL,
  `updated_at` timestamp NULL DEFAULT NULL,
  `deleted_at` timestamp NULL DEFAULT NULL,
  PRIMARY KEY (`id`),
  UNIQUE KEY `config_values_empresa_id_config_id_site_id_ambiente_id_unique` (`empresa_id`,`config_id`,`site_id`,`ambiente_id`),
  KEY `config_values_empresa_id_index` (`empresa_id`),
  KEY `config_values_config_id_index` (`config_id`),
  KEY `config_values_site_id_index` (`site_id`),
  KEY `config_values_ambiente_id_index` (`ambiente_id`)
) ENGINE=InnoDB AUTO_INCREMENT=48 DEFAULT CHARSET=utf8mb4 COLLATE=utf8mb4_unicode_ci;

#
# Data for table "config_values"
#

INSERT INTO `config_values` VALUES (1,1,1,1,1,'MeuFinanceiro',NULL,NULL,'pending',NULL,'2025-07-31 17:04:54','2025-07-31 17:04:54',NULL),(2,1,2,1,1,'1.0.0',NULL,NULL,'pending',NULL,'2025-07-31 17:04:54','2025-07-31 17:04:54',NULL),(3,1,3,1,1,'false',NULL,NULL,'pending',NULL,'2025-07-31 17:04:54','2025-07-31 17:04:54',NULL),(4,1,4,1,1,'false',NULL,NULL,'pending',NULL,'2025-07-31 17:04:54','2025-07-31 17:04:54',NULL),(5,1,5,1,1,'E_ALL',NULL,NULL,'pending',NULL,'2025-07-31 17:04:54','2025-07-31 17:04:54',NULL),(6,1,6,1,1,'Marketplace Demo Ltda',NULL,NULL,'pending',NULL,'2025-07-31 17:04:54','2025-07-31 17:04:54',NULL),(7,1,7,1,1,'12.345.678/0001-90',NULL,NULL,'pending',NULL,'2025-07-31 17:04:54','2025-07-31 17:04:54',NULL),(8,1,8,1,1,'admin@marketplace.local',NULL,NULL,'pending',NULL,'2025-07-31 17:04:54','2025-07-31 17:04:54',NULL),(9,1,9,1,1,'(99) 99999-9999',NULL,NULL,'pending',NULL,'2025-07-31 17:04:54','2025-07-31 17:04:54',NULL),(10,1,10,1,1,'Rua Exemplo, 123 - Centro',NULL,NULL,'pending',NULL,'2025-07-31 17:04:54','2025-07-31 17:04:54',NULL),(11,1,11,1,1,'/assets/img/logo.png',NULL,NULL,'pending',NULL,'2025-07-31 17:04:54','2025-07-31 17:04:54',NULL),(12,1,12,1,1,'1.0.0',NULL,NULL,'pending',NULL,'2025-07-31 17:04:54','2025-07-31 17:04:54',NULL),(13,1,13,1,1,'https://api.meufinanceiro.com/updates',NULL,NULL,'pending',NULL,'2025-07-31 17:04:54','2025-07-31 17:04:54',NULL),(14,1,14,1,1,'7',NULL,NULL,'pending',NULL,'2025-07-31 17:04:54','2025-07-31 17:04:54',NULL),(15,1,15,1,1,'XYZ-DEV-1234-ABCD-5678',NULL,NULL,'pending',NULL,'2025-07-31 17:04:54','2025-07-31 17:04:54',NULL),(16,1,16,1,1,'{\"basic\":{\"nome\":\"Básico\",\"usuarios\":5,\"preco\":99},\"standard\":{\"nome\":\"Padrão\",\"usuarios\":10,\"preco\":199},\"premium\":{\"nome\":\"Premium\",\"usuarios\":30,\"preco\":299}}',NULL,NULL,'pending',NULL,'2025-07-31 17:04:54','2025-07-31 17:04:54',NULL),(17,1,17,1,1,'100',NULL,NULL,'pending',NULL,'2025-07-31 17:04:54','2025-07-31 17:04:54',NULL),(18,1,18,1,1,'15',NULL,NULL,'pending',NULL,'2025-07-31 17:04:54','2025-07-31 17:04:54',NULL),(19,1,19,1,1,'7',NULL,NULL,'pending',NULL,'2025-07-31 17:04:54','2025-07-31 17:04:54',NULL),(20,1,20,1,1,'Bem-vindo ao MeuFinanceiro! Seu acesso foi configurado com sucesso.',NULL,NULL,'pending',NULL,'2025-07-31 17:04:54','2025-07-31 17:04:54',NULL),(21,1,21,1,1,'Pizzaria',NULL,NULL,'pending',NULL,'2025-07-31 17:04:54','2025-07-31 17:04:54',NULL),(22,1,22,1,1,'standard',NULL,NULL,'pending',NULL,'2025-07-31 17:04:54','2025-07-31 17:04:54',NULL),(23,1,23,1,1,'10',NULL,NULL,'pending',NULL,'2025-07-31 17:04:54','2025-07-31 17:04:54',NULL),(24,1,24,1,1,'1',NULL,NULL,'pending',NULL,'2025-07-31 17:04:54','2025-07-31 17:04:54',NULL),(25,1,25,1,1,'2026-07-31',NULL,NULL,'pending',NULL,'2025-07-31 17:04:54','2025-07-31 17:04:54',NULL),(26,1,26,1,1,'0',NULL,NULL,'pending',NULL,'2025-07-31 17:04:54','2025-07-31 17:04:54',NULL),(27,1,27,1,1,'[\"pdv\",\"financeiro\",\"estoque\",\"produtos\"]',NULL,NULL,'pending',NULL,'2025-07-31 17:04:54','2025-07-31 17:04:54',NULL),(28,1,28,1,1,'15',NULL,NULL,'pending',NULL,'2025-07-31 17:04:54','2025-07-31 17:04:54',NULL),(29,1,29,1,1,'1',NULL,NULL,'pending',NULL,'2025-07-31 17:04:54','2025-07-31 17:04:54',NULL),(30,1,30,1,1,'../backups/exports/',NULL,NULL,'pending',NULL,'2025-07-31 17:04:54','2025-07-31 17:04:54',NULL),(31,1,31,1,1,'../temp/auto_import/',NULL,NULL,'pending',NULL,'2025-07-31 17:04:54','2025-07-31 17:04:54',NULL),(32,1,32,1,1,'8176661265:AAFkQyV6FrWMA3CLfORs4kAoQGNE26N3Yzk',NULL,NULL,'pending',NULL,'2025-07-31 17:04:54','2025-07-31 17:04:54',NULL),(33,1,33,1,1,'7644334347',NULL,NULL,'pending',NULL,'2025-07-31 17:04:54','2025-07-31 17:04:54',NULL),(34,1,34,1,1,'1',NULL,NULL,'pending',NULL,'2025-07-31 17:04:54','2025-07-31 17:04:54',NULL),(35,2,36,3,4,'false',NULL,NULL,'pending',NULL,'2025-07-31 17:04:54','2025-07-31 17:04:54',NULL),(36,2,35,3,4,'Pizzaria App',NULL,NULL,'pending',NULL,'2025-07-31 17:04:54','2025-07-31 17:04:54',NULL),(37,2,47,3,4,'1',NULL,NULL,'pending',NULL,'2025-07-31 17:04:54','2025-07-31 17:04:54',NULL),(38,2,38,3,4,'8.0',NULL,NULL,'pending',NULL,'2025-07-31 17:04:54','2025-07-31 17:04:54',NULL),(39,2,37,3,4,'11.0',NULL,NULL,'pending',NULL,'2025-07-31 17:04:54','2025-07-31 17:04:54',NULL),(40,2,39,3,4,'7.5',NULL,NULL,'pending',NULL,'2025-07-31 17:04:54','2025-07-31 17:04:54',NULL),(41,2,40,4,4,'33',NULL,NULL,'pending',NULL,'2025-07-31 17:04:54','2025-07-31 17:04:54',NULL),(42,2,43,4,4,'1',NULL,NULL,'pending',NULL,'2025-07-31 17:04:54','2025-07-31 17:04:54',NULL),(43,2,42,4,4,'10',NULL,NULL,'pending',NULL,'2025-07-31 17:04:54','2025-07-31 17:04:54',NULL),(44,2,44,4,4,'1',NULL,NULL,'pending',NULL,'2025-07-31 17:04:54','2025-07-31 17:04:54',NULL),(45,2,45,4,4,'imediata',NULL,NULL,'pending',NULL,'2025-07-31 17:04:54','2025-07-31 17:04:54',NULL),(46,2,46,4,4,'25',NULL,NULL,'pending',NULL,'2025-07-31 17:04:54','2025-07-31 17:04:54',NULL),(47,2,41,4,4,'30',NULL,NULL,'pending',NULL,'2025-07-31 17:04:54','2025-07-31 17:04:54',NULL);

#
# Structure for table "conta_bancaria"
#

DROP TABLE IF EXISTS `meufinanceiro`.`conta_bancaria`;
CREATE TABLE `meufinanceiro`.`conta_bancaria` (
  `id` int(11) NOT NULL AUTO_INCREMENT,
  `empresa_id` int(11) NOT NULL,
  `nome_conta` varchar(255) NOT NULL,
  `banco` varchar(255) NOT NULL,
  `agencia` varchar(50) NOT NULL,
  `numero_conta` varchar(50) NOT NULL,
  `saldo` decimal(15,2) NOT NULL DEFAULT 0.00,
  `created_at` timestamp NOT NULL DEFAULT current_timestamp(),
  `updated_at` timestamp NOT NULL DEFAULT current_timestamp() ON UPDATE current_timestamp(),
  `sync_data` timestamp NOT NULL DEFAULT current_timestamp(),
  `sync_hash` varchar(32) DEFAULT NULL,
  `sync_status` enum('pendente','sincronizado','erro') DEFAULT 'pendente',
  `codigo_sistema` varchar(50) DEFAULT NULL COMMENT 'Código único do sistema',
  PRIMARY KEY (`id`)
) ENGINE=InnoDB AUTO_INCREMENT=8 DEFAULT CHARSET=utf8 COLLATE=utf8_unicode_ci ROW_FORMAT=DYNAMIC;

#
# Data for table "conta_bancaria"
#

INSERT INTO `conta_bancaria` VALUES (1,1,'NUBANK','748','0802','78870',636.00,'2025-04-17 06:31:29','2025-07-23 17:27:30','2025-07-23 05:09:59',NULL,'pendente',NULL),(3,1,'ITAU','748','555','544445',0.00,'2025-04-17 16:13:14','2025-07-23 07:52:23','2025-07-23 05:09:59',NULL,'pendente',NULL),(4,1,'CAIXA ( DINHEIRO )','0','0','0',-265.00,'2025-04-20 06:59:54','2025-07-23 07:52:24','2025-07-23 05:09:59',NULL,'pendente',NULL),(5,1,'Conta do thiago','Banco do brasil','2536','220680',0.00,'2025-06-10 14:56:17','2025-07-23 07:52:24','2025-07-23 05:09:59',NULL,'pendente',NULL),(6,1,'teste','kjkjk','22w2w','2w2w2w',10.00,'2025-07-23 07:38:15','2025-07-23 07:52:24','2025-07-23 07:38:15',NULL,'pendente',NULL),(7,1,'teste off','545','5454','545',54.00,'2025-07-23 06:38:52','2025-07-23 07:52:25','2025-07-23 07:52:25',NULL,'pendente',NULL);

#
# Structure for table "conta_gerencial"
#

DROP TABLE IF EXISTS `meufinanceiro`.`conta_gerencial`;
CREATE TABLE `meufinanceiro`.`conta_gerencial` (
  `id` int(11) NOT NULL AUTO_INCREMENT,
  `nome` varchar(255) NOT NULL,
  `descricao` varchar(255) DEFAULT NULL,
  `usuario_id` int(11) DEFAULT NULL,
  `empresa_id` int(11) DEFAULT NULL,
  `classificacao_dre_id` int(11) DEFAULT NULL,
  `tipo_id` int(11) DEFAULT NULL,
  `sync_data` timestamp NOT NULL DEFAULT current_timestamp(),
  `sync_hash` varchar(32) DEFAULT NULL,
  `sync_status` enum('pendente','sincronizado','erro') DEFAULT 'pendente',
  `created_at` timestamp NOT NULL DEFAULT current_timestamp(),
  `updated_at` timestamp NOT NULL DEFAULT current_timestamp() ON UPDATE current_timestamp(),
  PRIMARY KEY (`id`),
  KEY `id` (`id`)
) ENGINE=InnoDB AUTO_INCREMENT=71 DEFAULT CHARSET=utf8 COLLATE=utf8_unicode_ci ROW_FORMAT=DYNAMIC;

#
# Data for table "conta_gerencial"
#

INSERT INTO `conta_gerencial` VALUES (1,'ABATIMENTO','Descontos concedidos nas vendas que reduzem o valor da receita bruta',1,1,7,1,'2025-07-23 05:09:59',NULL,'pendente','2025-07-22 19:00:07','2025-07-23 17:27:31'),(3,'AGUA','Despesas com consumo de água e esgoto',1,1,11,2,'2025-07-23 05:09:59',NULL,'pendente','2025-07-22 19:00:07','2025-07-23 07:12:17'),(4,'ALUGUEL RECEITA','Despesas com aluguel de imóveis para operação da empresa',1,1,3,1,'2025-07-23 05:09:59',NULL,'pendente','2025-07-22 19:00:07','2025-07-23 07:12:17'),(5,'EMPRESTIMOS E AMORTIZAÇÃO','Pagamentos de empréstimos e amortizações de dívidas',1,1,5,2,'2025-07-23 05:09:59',NULL,'pendente','2025-07-22 19:00:07','2025-07-23 07:12:17'),(6,'FINANCIAMENTOS','Receitas ou despesas relacionadas a operações de financiamento',1,1,12,2,'2025-07-23 05:09:59',NULL,'pendente','2025-07-22 19:00:07','2025-07-23 07:12:17'),(7,'ENTRADAS','Receitas diversas não classificadas em outras contas',1,1,13,2,'2025-07-23 05:09:59',NULL,'pendente','2025-07-22 19:00:07','2025-07-23 07:12:18'),(10,'COMPRA DE EQUIPAMENTOS','Aquisição de equipamentos para uso na empresa',1,1,6,2,'2025-07-23 05:09:59',NULL,'pendente','2025-07-22 19:00:07','2025-07-23 07:12:18'),(11,'COMPRA DE MERCADORIA REVENDA','Aquisição de mercadorias para revenda ou consumo',1,1,14,2,'2025-07-23 05:09:59',NULL,'pendente','2025-07-22 19:00:07','2025-07-23 07:12:18'),(13,'DIREITOS TRABALHISTAS','Encargos trabalhistas e previdenciários sobre a folha de pagamento',1,1,8,2,'2025-07-23 05:09:59',NULL,'pendente','2025-07-22 19:00:07','2025-07-23 07:12:19'),(14,'COMBUSTIVEL E PEDÁGIO','Despesas com combustível para veículos e pedágios',1,1,6,2,'2025-07-23 05:09:59',NULL,'pendente','2025-07-22 19:00:07','2025-07-23 07:12:19'),(15,'COMISSÃO DE VENDA','Pagamento de comissões sobre vendas realizadas',1,1,8,2,'2025-07-23 05:09:59',NULL,'pendente','2025-07-22 19:00:07','2025-07-23 07:12:19'),(16,'CONTABILIDADE','Honorários contábeis e serviços de escrituração',1,1,6,2,'2025-07-23 05:09:59',NULL,'pendente','2025-07-22 19:00:07','2025-07-23 07:12:20'),(17,'DEVOLUÇÕES / ABATIMANETOS','Devoluções de mercadorias e abatimentos concedidos',1,1,7,2,'2025-07-23 05:09:59',NULL,'pendente','2025-07-22 19:00:07','2025-07-23 07:12:20'),(18,'MARKETING E PROPAGANDA','Despesas com propaganda e ações de marketing',1,1,6,2,'2025-07-23 05:09:59',NULL,'pendente','2025-07-22 19:00:07','2025-07-23 07:12:20'),(19,'HONORARIOS ADVOGATÍCIOS ','Honorários pagos a advogados e serviços jurídicos',1,1,6,2,'2025-07-23 05:09:59',NULL,'pendente','2025-07-22 19:00:07','2025-07-23 07:12:20'),(20,'IMPOSTOS','Impostos sobre vendas e outras obrigações tributárias',1,1,7,2,'2025-07-23 05:09:59',NULL,'pendente','2025-07-22 19:00:07','2025-07-23 07:12:21'),(21,'INTERNET','Despesas com serviços de internet e comunicação de dados',1,1,11,2,'2025-07-23 05:09:59',NULL,'pendente','2025-07-22 19:00:07','2025-07-23 07:12:21'),(22,'IPTU','Imposto Predial e Territorial Urbano sobre imóveis da empresa',1,1,3,2,'2025-07-23 05:09:59',NULL,'pendente','2025-07-22 19:00:07','2025-07-23 07:12:21'),(23,'JUROS DE EMPRÉSTIMOS ','Juros pagos sobre empréstimos e financiamentos',1,1,5,2,'2025-07-23 05:09:59',NULL,'pendente','2025-07-22 19:00:07','2025-07-23 07:12:22'),(24,'LUZ / ENERGIA','Despesas com consumo de energia elétrica',1,1,11,2,'2025-07-23 05:09:59',NULL,'pendente','2025-07-22 19:00:07','2025-07-23 07:12:22'),(25,'MANUTENÇÃO','Despesas com manutenção de equipamentos e instalações',1,1,6,2,'2025-07-23 05:09:59',NULL,'pendente','2025-07-22 19:00:07','2025-07-23 07:12:22'),(26,'INSUMO - MATERIA PRIMA','Aquisição de matérias-primas para produção',1,1,4,2,'2025-07-23 05:09:59',NULL,'pendente','2025-07-22 19:00:07','2025-07-23 07:12:23'),(27,'SALÁRIOS','Remuneração fixa paga aos funcionários',1,1,8,2,'2025-07-23 05:09:59',NULL,'pendente','2025-07-22 19:00:07','2025-07-23 07:12:23'),(28,'SEGUROS EM GERAL','Prêmios de seguros contratados pela empresa',1,1,6,2,'2025-07-23 05:09:59',NULL,'pendente','2025-07-22 19:00:07','2025-07-23 07:12:23'),(29,'TARIFAS BANCÁRIAS','Tarifas e taxas cobradas por instituições financeiras',1,1,5,2,'2025-07-23 05:09:59',NULL,'pendente','2025-07-22 19:00:07','2025-07-23 07:12:23'),(30,'TELEFONE / CELULAR','Despesas com serviços de telefonia fixa e móvel',1,1,6,2,'2025-07-23 05:09:59',NULL,'pendente','2025-07-22 19:00:07','2025-07-23 07:12:24'),(31,'VENDAS ( MAIS DELIVERY )','Receitas de vendas com entrega delivery',1,1,13,1,'2025-07-23 05:09:59',NULL,'pendente','2025-07-22 19:00:07','2025-07-23 07:12:24'),(32,'VENDAS ( CONSUMER )','Receitas de vendas para consumidores finais',1,1,13,1,'2025-07-23 05:09:59',NULL,'pendente','2025-07-22 19:00:07','2025-07-23 07:12:24'),(33,'VENDAS (ALLOY)','Receitas de vendas específicas para a marca Alloy',1,1,13,1,'2025-07-23 05:09:59',NULL,'pendente','2025-07-22 19:00:07','2025-07-23 07:12:25'),(34,'MATERIAL DE CONSTRUÇÃO','Aquisição de materiais para construção ou reforma',1,1,6,2,'2025-07-23 05:09:59',NULL,'pendente','2025-07-22 19:00:07','2025-07-23 07:12:25'),(35,'CARTÃO DE CREDITO','Taxas e despesas relacionadas a operações com cartões',1,1,6,2,'2025-07-23 05:09:59',NULL,'pendente','2025-07-22 19:00:07','2025-07-23 07:12:25'),(36,'VALE','Benefícios como vale-transporte e vale-refeição',1,1,8,2,'2025-07-23 05:09:59',NULL,'pendente','2025-07-22 19:00:07','2025-07-23 07:12:25'),(43,'ALUGUEL DESPESA','Despesas com locação de imóveis para operação da empresa',1,1,3,2,'2025-07-23 05:09:59',NULL,'pendente','2025-07-22 19:00:07','2025-07-23 07:12:26'),(44,'VENDAS ( DINHEIRO )','Receitas de vendas realizadas em dinheiro',1,1,13,1,'2025-07-23 05:09:59',NULL,'pendente','2025-07-22 19:00:07','2025-07-23 07:12:26'),(45,'FGTS','Recolhimento do Fundo de Garantia por Tempo de Serviço',1,1,8,2,'2025-07-23 05:09:59',NULL,'pendente','2025-07-22 19:00:07','2025-07-23 07:12:26'),(46,'INSS PATRONAL','Contribuição previdenciária patronal sobre a folha',1,1,8,2,'2025-07-23 05:09:59',NULL,'pendente','2025-07-22 19:00:07','2025-07-23 07:12:27'),(47,'13º SALÁRIO','Provisão para pagamento do décimo terceiro salário',1,1,8,2,'2025-07-23 05:09:59',NULL,'pendente','2025-07-22 19:00:07','2025-07-23 07:12:27'),(48,'FÉRIAS','Provisão para pagamento de férias dos funcionários',1,1,8,2,'2025-07-23 05:09:59',NULL,'pendente','2025-07-22 19:00:07','2025-07-23 07:12:27'),(49,'RESCISÕES','Pagamentos de rescisões contratuais',1,1,8,2,'2025-07-23 05:09:59',NULL,'pendente','2025-07-22 19:00:07','2025-07-23 07:12:28'),(50,'PLR','Participação nos Lucros ou Resultados aos funcionários',1,1,8,2,'2025-07-23 05:09:59',NULL,'pendente','2025-07-22 19:00:07','2025-07-23 07:12:28'),(51,'BONIFICAÇÕES','Bonificações e gratificações pagas aos funcionários',1,1,8,2,'2025-07-23 05:09:59',NULL,'pendente','2025-07-22 19:00:07','2025-07-23 07:12:28'),(52,'ADICIONAIS','Adicionais como noturno, periculosidade, insalubridade',1,1,8,2,'2025-07-23 05:09:59',NULL,'pendente','2025-07-22 19:00:07','2025-07-23 07:12:28'),(53,'HORAS EXTRAS','Pagamento de horas extras trabalhadas',1,1,8,2,'2025-07-23 05:09:59',NULL,'pendente','2025-07-22 19:00:07','2025-07-23 07:12:29'),(54,'ASSISTÊNCIA MÉDICA','Custos com planos de saúde para funcionários',1,1,8,2,'2025-07-23 05:09:59',NULL,'pendente','2025-07-22 19:00:07','2025-07-23 07:12:29'),(55,'TREINAMENTOS','Despesas com capacitação e desenvolvimento de pessoal',1,1,8,2,'2025-07-23 05:09:59',NULL,'pendente','2025-07-22 19:00:07','2025-07-23 07:12:29'),(56,'UNIFORMES','Custos com fornecimento de uniformes aos funcionários',1,1,8,2,'2025-07-23 05:09:59',NULL,'pendente','2025-07-22 19:00:07','2025-07-23 07:12:30'),(57,'EPI','Equipamentos de Proteção Individual para funcionários',1,1,8,2,'2025-07-23 05:09:59',NULL,'pendente','2025-07-22 19:00:07','2025-07-23 07:12:30'),(58,'ALIMENTAÇÃO','Custos com alimentação fornecida aos funcionários',1,1,8,2,'2025-07-23 05:09:59',NULL,'pendente','2025-07-22 19:00:07','2025-07-23 07:12:30'),(59,'FRETE / TRANSPORTE','Custos com transporte de funcionários',1,1,8,2,'2025-07-23 05:09:59',NULL,'pendente','2025-07-22 19:00:07','2025-07-23 07:12:31'),(60,'DEPRECIAÇÃO DE EQUIPAMENTO','',1,1,6,2,'2025-07-23 05:09:59',NULL,'pendente','2025-07-22 19:00:07','2025-07-23 07:12:31'),(61,'EMBALAGENS','',1,1,4,2,'2025-07-23 05:09:59',NULL,'pendente','2025-07-22 19:00:07','2025-07-23 07:12:31'),(62,'MATERIAL ESCRITÓRIO','',1,1,6,2,'2025-07-23 05:09:59',NULL,'pendente','2025-07-22 19:00:07','2025-07-23 07:12:31'),(63,'PROMOÇÕES DE VENDA','',1,1,10,2,'2025-07-23 05:09:59',NULL,'pendente','2025-07-22 19:00:07','2025-07-23 07:12:32'),(64,'ENTREGADORES','',1,1,6,2,'2025-07-23 05:09:59',NULL,'pendente','2025-07-22 19:00:07','2025-07-23 07:12:32'),(65,'DIARIAS','',1,1,8,2,'2025-07-23 05:09:59',NULL,'pendente','2025-07-22 19:00:07','2025-07-23 07:12:32'),(66,'OUTRAS SAIDAS','',1,1,6,2,'2025-07-23 05:09:59',NULL,'pendente','2025-07-22 19:00:07','2025-07-23 07:12:33'),(67,'OUTRAS ENTRADAS','ENTRADAS DIVERSAS',3,1,15,1,'2025-07-23 05:09:59',NULL,'pendente','2025-07-22 19:00:07','2025-07-23 07:12:33'),(68,'SISTEMA PIZZARIA','SISTEMA',1,1,6,2,'2025-07-23 05:09:59',NULL,'pendente','2025-07-22 19:00:07','2025-07-23 07:12:33'),(69,'RECEBIMENTO FIADO','',3,1,15,1,'2025-07-23 05:09:59',NULL,'pendente','2025-07-22 19:00:07','2025-07-23 07:12:34'),(70,'OUTROS PAGAMENTOS PIZZARIA','',3,1,6,2,'2025-07-23 05:09:59',NULL,'pendente','2025-07-22 19:00:07','2025-07-23 07:12:34');

#
# Structure for table "conta_gerencial_natureza"
#

DROP TABLE IF EXISTS `meufinanceiro`.`conta_gerencial_natureza`;
CREATE TABLE `meufinanceiro`.`conta_gerencial_natureza` (
  `id` int(11) NOT NULL AUTO_INCREMENT,
  `nome` varchar(50) NOT NULL,
  `empresa_id` int(11) DEFAULT NULL,
  `nome_completo` varchar(50) NOT NULL,
  `sync_data` timestamp NOT NULL DEFAULT current_timestamp(),
  `sync_hash` varchar(32) DEFAULT NULL,
  `sync_status` enum('pendente','sincronizado','erro') DEFAULT 'pendente',
  `created_at` timestamp NOT NULL DEFAULT current_timestamp(),
  `updated_at` timestamp NOT NULL DEFAULT current_timestamp() ON UPDATE current_timestamp(),
  PRIMARY KEY (`id`)
) ENGINE=InnoDB AUTO_INCREMENT=7 DEFAULT CHARSET=utf8 COLLATE=utf8_unicode_ci ROW_FORMAT=DYNAMIC;

#
# Data for table "conta_gerencial_natureza"
#

INSERT INTO `conta_gerencial_natureza` VALUES (1,'despesa_fixa',1,'Despesa Fixa','2025-07-23 05:09:59',NULL,'pendente','2025-07-22 19:00:07','2025-07-23 17:27:32'),(2,'despesa_variavel',1,'Despesa Variável ','2025-07-23 05:09:59',NULL,'pendente','2025-07-22 19:00:07','2025-07-23 07:12:35'),(3,'custo_fixo',1,'Custo Fixo','2025-07-23 05:09:59',NULL,'pendente','2025-07-22 19:00:07','2025-07-23 07:12:35'),(4,'custo_variavel',1,'Capital de giro','2025-07-23 05:09:59',NULL,'pendente','2025-07-22 19:00:07','2025-07-23 07:12:35'),(5,'receita_vendas',1,'Receita Com vendas ','2025-07-23 05:09:59',NULL,'pendente','2025-07-22 19:00:07','2025-07-23 07:12:36'),(6,'OUTRAS RECEITAS',1,'Outras Recitas ','2025-07-23 05:09:59',NULL,'pendente','2025-07-22 19:00:07','2025-07-23 07:12:36');

#
# Structure for table "conta_gerencial_naturezas"
#

DROP TABLE IF EXISTS `meufinanceiro`.`conta_gerencial_naturezas`;
CREATE TABLE `meufinanceiro`.`conta_gerencial_naturezas` (
  `id` int(10) unsigned NOT NULL AUTO_INCREMENT,
  `conta_gerencial_id` int(11) NOT NULL,
  `natureza_id` int(11) NOT NULL,
  `empresa_id` int(11) DEFAULT NULL,
  `sync_data` timestamp NOT NULL DEFAULT current_timestamp(),
  `sync_hash` varchar(32) DEFAULT NULL,
  `sync_status` enum('pendente','sincronizado','erro') DEFAULT 'pendente',
  `created_at` timestamp NOT NULL DEFAULT current_timestamp(),
  `updated_at` timestamp NOT NULL DEFAULT current_timestamp() ON UPDATE current_timestamp(),
  PRIMARY KEY (`id`),
  KEY `conta_gerencial_id` (`conta_gerencial_id`,`natureza_id`),
  KEY `natureza_id` (`natureza_id`)
) ENGINE=InnoDB AUTO_INCREMENT=72 DEFAULT CHARSET=utf8 COLLATE=utf8_unicode_ci ROW_FORMAT=DYNAMIC;

#
# Data for table "conta_gerencial_naturezas"
#

INSERT INTO `conta_gerencial_naturezas` VALUES (10,43,3,1,'2025-07-23 05:09:59',NULL,'pendente','2025-07-22 19:00:07','2025-07-23 17:27:33'),(17,45,3,1,'2025-07-23 05:09:59',NULL,'pendente','2025-07-22 19:00:07','2025-07-23 07:12:37'),(18,46,3,1,'2025-07-23 05:09:59',NULL,'pendente','2025-07-22 19:00:07','2025-07-23 07:12:37'),(19,47,3,1,'2025-07-23 05:09:59',NULL,'pendente','2025-07-22 19:00:07','2025-07-23 07:12:37'),(20,48,3,1,'2025-07-23 05:09:59',NULL,'pendente','2025-07-22 19:00:07','2025-07-23 07:12:38'),(21,49,3,1,'2025-07-23 05:09:59',NULL,'pendente','2025-07-22 19:00:07','2025-07-23 07:12:38'),(22,50,3,1,'2025-07-23 05:09:59',NULL,'pendente','2025-07-22 19:00:07','2025-07-23 07:12:38'),(23,51,1,1,'2025-07-23 05:09:59',NULL,'pendente','2025-07-22 19:00:07','2025-07-23 07:12:39'),(24,52,3,1,'2025-07-23 05:09:59',NULL,'pendente','2025-07-22 19:00:07','2025-07-23 07:12:39'),(25,53,1,1,'2025-07-23 05:09:59',NULL,'pendente','2025-07-22 19:00:07','2025-07-23 07:12:39'),(26,54,3,1,'2025-07-23 05:09:59',NULL,'pendente','2025-07-22 19:00:07','2025-07-23 07:12:40'),(27,55,3,1,'2025-07-23 05:09:59',NULL,'pendente','2025-07-22 19:00:07','2025-07-23 07:12:40'),(28,56,3,1,'2025-07-23 05:09:59',NULL,'pendente','2025-07-22 19:00:07','2025-07-23 07:12:40'),(29,57,3,1,'2025-07-23 05:09:59',NULL,'pendente','2025-07-22 19:00:07','2025-07-23 07:12:40'),(30,58,3,1,'2025-07-23 05:09:59',NULL,'pendente','2025-07-22 19:00:07','2025-07-23 07:12:41'),(31,59,3,1,'2025-07-23 05:09:59',NULL,'pendente','2025-07-22 19:00:07','2025-07-23 07:12:41'),(32,36,3,1,'2025-07-23 05:09:59',NULL,'pendente','2025-07-22 19:00:07','2025-07-23 07:12:41'),(33,28,3,1,'2025-07-23 05:09:59',NULL,'pendente','2025-07-22 19:00:07','2025-07-23 07:12:42'),(34,60,3,1,'2025-07-23 05:09:59',NULL,'pendente','2025-07-22 19:00:07','2025-07-23 07:12:42'),(35,25,3,1,'2025-07-23 05:09:59',NULL,'pendente','2025-07-22 19:00:07','2025-07-23 07:12:42'),(36,16,3,1,'2025-07-23 05:09:59',NULL,'pendente','2025-07-22 19:00:07','2025-07-23 07:12:43'),(37,18,3,1,'2025-07-23 05:09:59',NULL,'pendente','2025-07-22 19:00:07','2025-07-23 07:12:43'),(38,26,4,1,'2025-07-23 05:09:59',NULL,'pendente','2025-07-22 19:00:07','2025-07-23 07:12:43'),(39,15,4,1,'2025-07-23 05:09:59',NULL,'pendente','2025-07-22 19:00:07','2025-07-23 07:12:43'),(40,59,4,1,'2025-07-23 05:09:59',NULL,'pendente','2025-07-22 19:00:07','2025-07-23 07:12:44'),(41,24,4,1,'2025-07-23 05:09:59',NULL,'pendente','2025-07-22 19:00:07','2025-07-23 07:12:44'),(44,27,3,1,'2025-07-23 05:09:59',NULL,'pendente','2025-07-22 19:00:07','2025-07-23 07:12:44'),(45,3,1,1,'2025-07-23 05:09:59',NULL,'pendente','2025-07-22 19:00:07','2025-07-23 07:12:45'),(47,28,1,1,'2025-07-23 05:09:59',NULL,'pendente','2025-07-22 19:00:07','2025-07-23 07:12:45'),(48,21,1,1,'2025-07-23 05:09:59',NULL,'pendente','2025-07-22 19:00:07','2025-07-23 07:12:45'),(49,30,1,1,'2025-07-23 05:09:59',NULL,'pendente','2025-07-22 19:00:07','2025-07-23 07:12:46'),(50,25,1,1,'2025-07-23 05:09:59',NULL,'pendente','2025-07-22 19:00:07','2025-07-23 07:12:46'),(51,18,1,1,'2025-07-23 05:09:59',NULL,'pendente','2025-07-22 19:00:07','2025-07-23 07:12:46'),(52,15,2,1,'2025-07-23 05:09:59',NULL,'pendente','2025-07-22 19:00:07','2025-07-23 07:12:46'),(53,62,2,1,'2025-07-23 05:09:59',NULL,'pendente','2025-07-22 19:00:07','2025-07-23 07:12:47'),(54,63,2,1,'2025-07-23 05:09:59',NULL,'pendente','2025-07-22 19:00:07','2025-07-23 07:12:47'),(55,59,2,1,'2025-07-23 05:09:59',NULL,'pendente','2025-07-22 19:00:07','2025-07-23 07:12:47'),(56,64,4,1,'2025-07-23 05:09:59',NULL,'pendente','2025-07-22 19:00:07','2025-07-23 07:12:48'),(58,1,5,1,'2025-07-23 05:09:59',NULL,'pendente','2025-07-22 19:00:07','2025-07-23 07:12:48'),(60,31,5,1,'2025-07-23 05:09:59',NULL,'pendente','2025-07-22 19:00:07','2025-07-23 07:12:48'),(61,32,5,1,'2025-07-23 05:09:59',NULL,'pendente','2025-07-22 19:00:07','2025-07-23 07:12:49'),(62,33,5,1,'2025-07-23 05:09:59',NULL,'pendente','2025-07-22 19:00:07','2025-07-23 07:12:49'),(63,44,5,1,'2025-07-23 05:09:59',NULL,'pendente','2025-07-22 19:00:07','2025-07-23 07:12:49'),(64,65,3,1,'2025-07-23 05:09:59',NULL,'pendente','2025-07-22 19:00:07','2025-07-23 07:12:49'),(65,66,2,1,'2025-07-23 05:09:59',NULL,'pendente','2025-07-22 19:00:07','2025-07-23 07:12:50'),(66,67,6,1,'2025-07-23 05:09:59',NULL,'pendente','2025-07-22 19:00:07','2025-07-23 07:12:50'),(67,11,4,1,'2025-07-23 05:09:59',NULL,'pendente','2025-07-22 19:00:07','2025-07-23 07:12:50'),(68,68,1,1,'2025-07-23 05:09:59',NULL,'pendente','2025-07-22 19:00:07','2025-07-23 07:12:51'),(69,5,2,1,'2025-07-23 05:09:59',NULL,'pendente','2025-07-22 19:00:07','2025-07-23 07:12:51'),(70,70,2,1,'2025-07-23 05:09:59',NULL,'pendente','2025-07-22 19:00:07','2025-07-23 07:12:51'),(71,69,5,1,'2025-07-23 05:09:59',NULL,'pendente','2025-07-22 19:00:07','2025-07-23 07:12:51');

#
# Structure for table "empresa_dias_semana"
#

DROP TABLE IF EXISTS `meufinanceiro`.`empresa_dias_semana`;
CREATE TABLE `meufinanceiro`.`empresa_dias_semana` (
  `id` tinyint(3) NOT NULL AUTO_INCREMENT,
  `nome` varchar(13) NOT NULL,
  `abreviacao` char(3) NOT NULL,
  `sync_data` timestamp NOT NULL DEFAULT current_timestamp(),
  `sync_hash` varchar(32) CHARACTER SET utf8 COLLATE utf8_unicode_ci DEFAULT NULL,
  `sync_status` enum('pendente','sincronizado','erro') CHARACTER SET utf8 COLLATE utf8_unicode_ci DEFAULT 'pendente',
  `created_at` timestamp NOT NULL DEFAULT current_timestamp(),
  `updated_at` timestamp NOT NULL DEFAULT current_timestamp() ON UPDATE current_timestamp(),
  PRIMARY KEY (`id`)
) ENGINE=InnoDB AUTO_INCREMENT=8 DEFAULT CHARSET=utf8 COLLATE=utf8_general_ci ROW_FORMAT=DYNAMIC;

#
# Data for table "empresa_dias_semana"
#

INSERT INTO `empresa_dias_semana` VALUES (1,'Segunda-feira','Seg','2025-07-23 05:10:00',NULL,'pendente','2025-07-22 19:00:07','2025-07-23 17:27:33'),(2,'Terça-feira','Ter','2025-07-23 05:10:00',NULL,'pendente','2025-07-22 19:00:07','2025-07-23 07:12:52'),(3,'Quarta-feira','Qua','2025-07-23 05:10:00',NULL,'pendente','2025-07-22 19:00:07','2025-07-23 07:12:53'),(4,'Quinta-feira','Qui','2025-07-23 05:10:00',NULL,'pendente','2025-07-22 19:00:07','2025-07-23 07:12:53'),(5,'Sexta-feira','Sex','2025-07-23 05:10:00',NULL,'pendente','2025-07-22 19:00:07','2025-07-23 07:12:53'),(6,'Sábado','Sáb','2025-07-23 05:10:00',NULL,'pendente','2025-07-22 19:00:07','2025-07-23 07:12:54'),(7,'Domingo','Dom','2025-07-23 05:10:00',NULL,'pendente','2025-07-22 19:00:07','2025-07-23 07:12:54');

#
# Structure for table "empresa_horarios_funcionamento"
#

DROP TABLE IF EXISTS `meufinanceiro`.`empresa_horarios_funcionamento`;
CREATE TABLE `meufinanceiro`.`empresa_horarios_funcionamento` (
  `id` int(11) NOT NULL AUTO_INCREMENT,
  `empresa_id` int(11) NOT NULL,
  `dia_semana_id` int(11) DEFAULT NULL,
  `aberto` tinyint(1) DEFAULT 1,
  `hora_abertura` time DEFAULT NULL,
  `hora_fechamento` time DEFAULT NULL,
  `sistema` enum('TODOS','PDV','FINANCEIRO','ONLINE') DEFAULT 'TODOS',
  `is_excecao` tinyint(1) DEFAULT 0,
  `data_excecao` date DEFAULT NULL,
  `descricao_excecao` varchar(100) DEFAULT NULL,
  `created_at` timestamp NOT NULL DEFAULT current_timestamp(),
  `updated_at` timestamp NOT NULL DEFAULT current_timestamp() ON UPDATE current_timestamp(),
  `sync_data` timestamp NOT NULL DEFAULT current_timestamp(),
  `sync_hash` varchar(32) DEFAULT NULL,
  `sync_status` enum('pendente','sincronizado','erro') DEFAULT 'pendente',
  PRIMARY KEY (`id`),
  KEY `idx_empresa_data` (`empresa_id`,`data_excecao`)
) ENGINE=InnoDB AUTO_INCREMENT=36 DEFAULT CHARSET=utf8 COLLATE=utf8_unicode_ci ROW_FORMAT=DYNAMIC;

#
# Data for table "empresa_horarios_funcionamento"
#

INSERT INTO `empresa_horarios_funcionamento` VALUES (9,1,1,1,'18:00:00','23:00:00','PDV',0,NULL,NULL,'2025-07-11 04:03:38','2025-07-23 17:27:34','2025-07-23 05:10:00',NULL,'pendente'),(10,1,2,1,'18:00:00','23:00:00','PDV',0,NULL,NULL,'2025-07-11 04:03:42','2025-07-23 07:12:55','2025-07-23 05:10:00',NULL,'pendente'),(13,1,3,1,'18:00:00','23:00:00','PDV',0,NULL,NULL,'2025-07-11 04:13:45','2025-07-23 07:12:55','2025-07-23 05:10:00',NULL,'pendente'),(14,1,4,1,'18:00:00','23:00:00','PDV',0,NULL,NULL,'2025-07-11 04:13:49','2025-07-23 07:12:55','2025-07-23 05:10:00',NULL,'pendente'),(16,1,6,1,'18:00:00','23:00:00','PDV',0,NULL,NULL,'2025-07-11 04:13:55','2025-07-23 07:12:56','2025-07-23 05:10:00',NULL,'pendente'),(17,1,7,1,'18:00:00','23:00:00','PDV',0,NULL,NULL,'2025-07-11 04:13:58','2025-07-23 07:12:56','2025-07-23 05:10:00',NULL,'pendente'),(18,1,1,1,'08:00:00','15:00:00','FINANCEIRO',0,NULL,NULL,'2025-07-11 04:14:23','2025-07-23 07:12:56','2025-07-23 05:10:00',NULL,'pendente'),(19,1,2,1,'08:00:00','15:00:00','FINANCEIRO',0,NULL,NULL,'2025-07-11 04:14:27','2025-07-23 07:12:57','2025-07-23 05:10:00',NULL,'pendente'),(20,1,3,1,'08:00:00','15:00:00','FINANCEIRO',0,NULL,NULL,'2025-07-11 04:14:31','2025-07-23 07:12:57','2025-07-23 05:10:00',NULL,'pendente'),(21,1,4,1,'08:00:00','15:00:00','FINANCEIRO',0,NULL,NULL,'2025-07-11 04:14:33','2025-07-23 07:12:57','2025-07-23 05:10:00',NULL,'pendente'),(22,1,5,1,'01:00:00','08:00:00','FINANCEIRO',0,NULL,NULL,'2025-07-11 04:14:37','2025-07-23 07:12:58','2025-07-23 05:10:00',NULL,'pendente'),(23,1,6,0,'08:00:00','15:00:00','FINANCEIRO',0,NULL,NULL,'2025-07-11 04:14:43','2025-07-23 07:12:58','2025-07-23 05:10:00',NULL,'pendente'),(24,1,7,0,'08:00:00','15:00:00','FINANCEIRO',0,NULL,NULL,'2025-07-11 04:14:47','2025-07-23 07:12:58','2025-07-23 05:10:00',NULL,'pendente'),(25,1,1,1,'18:00:00','22:45:00','ONLINE',0,NULL,NULL,'2025-07-11 04:15:11','2025-07-23 07:12:58','2025-07-23 05:10:00',NULL,'pendente'),(26,1,2,1,'18:00:00','22:45:00','ONLINE',0,NULL,NULL,'2025-07-11 04:15:14','2025-07-23 07:12:59','2025-07-23 05:10:00',NULL,'pendente'),(27,1,3,1,'18:00:00','22:45:00','ONLINE',0,NULL,NULL,'2025-07-11 04:15:17','2025-07-23 07:12:59','2025-07-23 05:10:00',NULL,'pendente'),(28,1,4,1,'18:00:00','22:45:00','ONLINE',0,NULL,NULL,'2025-07-11 04:15:20','2025-07-23 07:12:59','2025-07-23 05:10:00',NULL,'pendente'),(29,1,5,1,'01:00:00','04:45:00','ONLINE',0,NULL,NULL,'2025-07-11 04:15:22','2025-07-23 07:13:00','2025-07-23 05:10:00',NULL,'pendente'),(30,1,6,1,'18:00:00','22:45:00','ONLINE',0,NULL,NULL,'2025-07-11 04:15:26','2025-07-23 07:13:00','2025-07-23 05:10:00',NULL,'pendente'),(31,1,7,1,'18:00:00','22:45:00','ONLINE',0,NULL,NULL,'2025-07-11 04:15:29','2025-07-23 07:13:00','2025-07-23 05:10:00',NULL,'pendente'),(33,1,5,1,'01:00:00','08:00:00','PDV',0,NULL,NULL,'2025-07-11 06:04:34','2025-07-23 07:13:00','2025-07-23 05:10:00',NULL,'pendente'),(34,1,NULL,1,'03:00:00','05:00:00','PDV',1,'2025-07-11','wswsws','2025-07-11 06:15:30','2025-07-23 07:13:01','2025-07-23 05:10:00',NULL,'pendente'),(35,1,0,1,'03:00:00','05:00:00','FINANCEIRO',1,'2025-07-11',NULL,'2025-07-11 06:16:53','2025-07-23 07:13:01','2025-07-23 05:10:00',NULL,'pendente');

#
# Structure for table "empresa_usuarios"
#
-- Primeiro limpe a tabela se necessário
DROP TABLE IF EXISTS `meufinanceiro`.`empresa_usuarios`;

-- Criação da tabela (mantendo sua estrutura original)
CREATE TABLE `meufinanceiro`.`empresa_usuarios` (
  `id` int(11) NOT NULL AUTO_INCREMENT,
  `uuid` char(36) DEFAULT NULL,
  `username` varchar(100) DEFAULT NULL,
  `nome` varchar(255) NOT NULL,
  `email` varchar(255) NOT NULL,
  `senha` varchar(255) NOT NULL,
  `data_cadastro` datetime DEFAULT current_timestamp(),
  `empresa_id` int(11) DEFAULT NULL,
  `perfil_id` int(11) DEFAULT NULL,
  `status` enum('ativo','inativo','pendente','bloqueado') NOT NULL DEFAULT 'pendente',
  `last_login` timestamp NULL DEFAULT NULL,
  `email_verified_at` timestamp NULL DEFAULT NULL,
  `password_changed_at` timestamp NULL DEFAULT NULL,
  `failed_login_attempts` int(11) DEFAULT 0,
  `locked_until` timestamp NULL DEFAULT NULL,
  `two_factor_secret` varchar(255) DEFAULT NULL,
  `two_factor_enabled` tinyint(1) DEFAULT 0,
  `avatar` varchar(255) DEFAULT NULL,
  `telefone` varchar(20) DEFAULT NULL,
  `cargo` varchar(100) DEFAULT NULL,
  `created_at` timestamp NOT NULL DEFAULT current_timestamp(),
  `updated_at` timestamp NOT NULL DEFAULT current_timestamp() ON UPDATE current_timestamp(),
  `deleted_at` timestamp NULL DEFAULT NULL,
  `require_password_change` tinyint(1) DEFAULT 0,
  `sync_data` timestamp NOT NULL DEFAULT current_timestamp(),
  `sync_hash` varchar(32) DEFAULT NULL,
  `sync_status` enum('pendente','sincronizado','erro') DEFAULT 'pendente',
  `remember_token` varchar(100) DEFAULT NULL,
  PRIMARY KEY (`id`),
  UNIQUE KEY `email` (`email`),
  UNIQUE KEY `uuid` (`uuid`),
  UNIQUE KEY `username` (`username`)
) ENGINE=InnoDB AUTO_INCREMENT=6 DEFAULT CHARSET=utf8 COLLATE=utf8_unicode_ci ROW_FORMAT=DYNAMIC;

-- Inserção correta dos dados
INSERT INTO `empresa_usuarios` 
(`id`, `nome`, `email`, `senha`, `data_cadastro`, `empresa_id`, `status`, `created_at`, `updated_at`, `sync_data`)
VALUES 
(1, 'Camila', 'camila@gmail.com', '$2y$10$ghC9dst1iVlr5vuTc0vOqO.dCcNOPqLz6mc2TphblwmCRnHAGJDzS', '2025-03-24 03:41:03', 1, 'inativo', '2025-07-15 18:02:45', '2025-07-23 17:27:35', '2025-07-23 05:10:00'),

(2, 'mazinho Pessoal', 'mazinhoP@gmail.com', '$2y$10$u6dlWZSaafFaPvQABwihI.AkWRND4Iv3sLzjV8FGLsZNkTULXKk7u', '2025-03-25 01:00:00', 1, 'ativo', '2025-07-15 18:02:45', '2025-07-31 20:21:14', '2025-07-23 05:10:00'),

(3, 'mazinho', 'mazinho@gmail.com', '$2y$10$7.b1JsI2ywPeMHZbioX7YOoATi9b/LbcVw5QUBhfoZ.X/Mknjbqv2', '2025-04-13 14:35:00', 1, 'ativo', '2025-07-15 18:02:45', '2025-07-31 17:13:04', '2025-07-23 05:10:00'),

(5, 'Thiago Souza', 'thiago@gmail.com', '$2y$10$7.b1JsI2ywPeMHZbioX7YOoATi9b/LbcVw5QUBhfoZ.X/Mknjbqv2', '2025-04-17 13:32:01', 1, 'ativo', '2025-07-15 18:02:45', '2025-07-23 21:33:41', '2025-07-23 05:10:00');
#
# Structure for table "empresa_usuarios_activity_log"
#

DROP TABLE IF EXISTS `meufinanceiro`.`empresa_usuarios_activity_log`;
CREATE TABLE `meufinanceiro`.`empresa_usuarios_activity_log` (
  `id` int(11) NOT NULL AUTO_INCREMENT,
  `user_id` int(11) NOT NULL,
  `action` varchar(50) NOT NULL,
  `description` text DEFAULT NULL,
  `ip_address` varchar(45) DEFAULT NULL,
  `user_agent` text DEFAULT NULL,
  `created_at` timestamp NOT NULL DEFAULT current_timestamp(),
  `empresa_id` int(11) DEFAULT 1,
  `sync_data` timestamp NOT NULL DEFAULT current_timestamp(),
  `sync_hash` varchar(32) DEFAULT NULL,
  `sync_status` enum('pendente','sincronizado','erro') DEFAULT 'pendente',
  `created_at_copy` timestamp NOT NULL DEFAULT current_timestamp(),
  `updated_at` timestamp NOT NULL DEFAULT current_timestamp() ON UPDATE current_timestamp(),
  PRIMARY KEY (`id`),
  KEY `idx_action` (`action`),
  KEY `idx_created` (`created_at`),
  KEY `idx_user_id` (`user_id`),
  CONSTRAINT `fk_activity_log_usuario` FOREIGN KEY (`user_id`) REFERENCES `meufinanceiro`.`empresa_usuarios` (`id`) ON DELETE CASCADE
) ENGINE=InnoDB AUTO_INCREMENT=19 DEFAULT CHARSET=utf8 COLLATE=utf8_unicode_ci ROW_FORMAT=DYNAMIC;

#
# Data for table "empresa_usuarios_activity_log"
#

INSERT INTO `empresa_usuarios_activity_log` VALUES (1,3,'LOGIN','Login realizado com sucesso','168.232.202.200','Mozilla/5.0 (Windows NT 10.0; Win64; x64) AppleWebKit/537.36 (KHTML, like Gecko) Chrome/138.0.0.0 Safari/537.36','2025-07-15 03:08:00',1,'2025-07-23 05:10:00',NULL,'pendente','2025-07-23 04:57:16','2025-07-23 17:27:36'),(2,3,'LOGIN','Login realizado com sucesso','168.232.202.200','Mozilla/5.0 (Windows NT 10.0; Win64; x64) AppleWebKit/537.36 (KHTML, like Gecko) Chrome/138.0.0.0 Safari/537.36','2025-07-15 04:57:46',1,'2025-07-23 05:10:00',NULL,'pendente','2025-07-23 04:57:16','2025-07-23 07:13:03'),(3,3,'LOGOUT','Logout realizado com sucesso','168.232.202.200','Mozilla/5.0 (Windows NT 10.0; Win64; x64) AppleWebKit/537.36 (KHTML, like Gecko) Chrome/138.0.0.0 Safari/537.36','2025-07-15 04:57:52',1,'2025-07-23 05:10:00',NULL,'pendente','2025-07-23 04:57:16','2025-07-23 07:13:03'),(4,3,'LOGIN','Login realizado com sucesso','168.232.202.200','Mozilla/5.0 (Windows NT 10.0; Win64; x64) AppleWebKit/537.36 (KHTML, like Gecko) Chrome/138.0.0.0 Safari/537.36','2025-07-15 05:30:04',1,'2025-07-23 05:10:00',NULL,'pendente','2025-07-23 04:57:16','2025-07-23 07:13:03'),(5,5,'LOGIN','Login realizado com sucesso','177.222.239.26','Mozilla/5.0 (Windows NT 10.0; Win64; x64) AppleWebKit/537.36 (KHTML, like Gecko) Chrome/138.0.0.0 Safari/537.36 Edg/138.0.0.0','2025-07-15 14:38:53',1,'2025-07-23 05:10:00',NULL,'pendente','2025-07-23 04:57:16','2025-07-23 07:13:04'),(6,5,'LOGOUT','Logout realizado com sucesso','177.222.239.26','Mozilla/5.0 (Windows NT 10.0; Win64; x64) AppleWebKit/537.36 (KHTML, like Gecko) Chrome/138.0.0.0 Safari/537.36 Edg/138.0.0.0','2025-07-15 14:39:04',1,'2025-07-23 05:10:00',NULL,'pendente','2025-07-23 04:57:16','2025-07-23 07:13:04'),(7,3,'LOGIN','Login realizado com sucesso','168.232.202.125','Mozilla/5.0 (Windows NT 10.0; Win64; x64) AppleWebKit/537.36 (KHTML, like Gecko) Chrome/138.0.0.0 Safari/537.36','2025-07-15 21:49:31',1,'2025-07-23 05:10:00',NULL,'pendente','2025-07-23 04:57:16','2025-07-23 07:13:04'),(8,5,'LOGIN','Login realizado com sucesso','177.222.239.26','Mozilla/5.0 (Windows NT 10.0; Win64; x64) AppleWebKit/537.36 (KHTML, like Gecko) Chrome/138.0.0.0 Safari/537.36 Edg/138.0.0.0','2025-07-16 12:16:25',1,'2025-07-23 05:10:00',NULL,'pendente','2025-07-23 04:57:16','2025-07-23 07:13:04'),(9,3,'LOGIN','Login realizado com sucesso','168.232.202.217','Mozilla/5.0 (Linux; Android 10; K) AppleWebKit/537.36 (KHTML, like Gecko) Chrome/138.0.0.0 Mobile Safari/537.36','2025-07-17 22:17:00',1,'2025-07-23 05:10:00',NULL,'pendente','2025-07-23 04:57:16','2025-07-23 07:13:05'),(10,3,'LOGIN','Login realizado com sucesso','168.232.202.105','Mozilla/5.0 (Windows NT 10.0; Win64; x64) AppleWebKit/537.36 (KHTML, like Gecko) Chrome/138.0.0.0 Safari/537.36','2025-07-18 20:18:36',1,'2025-07-23 05:10:00',NULL,'pendente','2025-07-23 04:57:16','2025-07-23 07:13:05'),(11,3,'AUTO_LOGIN','Login automático via token \"lembrar de mim\"','168.232.202.105','Mozilla/5.0 (Windows NT 10.0; Win64; x64) AppleWebKit/537.36 (KHTML, like Gecko) Chrome/138.0.0.0 Safari/537.36','2025-07-19 02:17:45',1,'2025-07-23 05:10:00',NULL,'pendente','2025-07-23 04:57:16','2025-07-23 07:13:05'),(12,3,'LOGIN','Login realizado com sucesso','168.232.202.242','Mozilla/5.0 (Windows NT 10.0; Win64; x64) AppleWebKit/537.36 (KHTML, like Gecko) Chrome/138.0.0.0 Safari/537.36','2025-07-22 07:00:33',1,'2025-07-23 05:10:00',NULL,'pendente','2025-07-23 04:57:16','2025-07-23 04:57:16'),(13,3,'LOGIN','Login realizado com sucesso','168.232.202.242','Mozilla/5.0 (Windows NT 10.0; Win64; x64) AppleWebKit/537.36 (KHTML, like Gecko) Chrome/138.0.0.0 Safari/537.36','2025-07-22 08:31:43',1,'2025-07-23 05:10:00',NULL,'pendente','2025-07-23 04:57:16','2025-07-23 04:57:16'),(14,3,'LOGIN','Login realizado com sucesso','168.232.202.95','Mozilla/5.0 (Windows NT 10.0; Win64; x64) AppleWebKit/537.36 (KHTML, like Gecko) Chrome/138.0.0.0 Safari/537.36','2025-07-23 07:00:06',1,'2025-07-23 07:00:06',NULL,'pendente','2025-07-23 07:00:06','2025-07-23 07:00:06'),(15,5,'LOGIN','Login realizado com sucesso','177.222.239.26','Mozilla/5.0 (Windows NT 10.0; Win64; x64) AppleWebKit/537.36 (KHTML, like Gecko) Chrome/138.0.0.0 Safari/537.36 Edg/138.0.0.0','2025-07-23 21:33:41',1,'2025-07-23 21:33:41',NULL,'pendente','2025-07-23 21:33:41','2025-07-23 21:33:41'),(16,5,'LOGOUT','Logout realizado com sucesso','177.222.239.26','Mozilla/5.0 (Windows NT 10.0; Win64; x64) AppleWebKit/537.36 (KHTML, like Gecko) Chrome/138.0.0.0 Safari/537.36 Edg/138.0.0.0','2025-07-23 21:33:47',1,'2025-07-23 21:33:47',NULL,'pendente','2025-07-23 21:33:47','2025-07-23 21:33:47'),(17,3,'LOGIN','Login realizado com sucesso','168.232.202.16','Mozilla/5.0 (Linux; Android 10; K) AppleWebKit/537.36 (KHTML, like Gecko) Chrome/138.0.0.0 Mobile Safari/537.36','2025-07-27 03:32:19',1,'2025-07-27 03:32:19',NULL,'pendente','2025-07-27 03:32:19','2025-07-27 03:32:19');

#
# Structure for table "empresa_usuarios_login_attempts"
#

DROP TABLE IF EXISTS `meufinanceiro`.`empresa_usuarios_login_attempts`;
CREATE TABLE `meufinanceiro`.`empresa_usuarios_login_attempts` (
  `id` int(11) NOT NULL AUTO_INCREMENT,
  `email` varchar(255) NOT NULL,
  `success` tinyint(1) NOT NULL DEFAULT 0,
  `ip_address` varchar(45) DEFAULT NULL,
  `user_agent` text DEFAULT NULL,
  `created_at` timestamp NOT NULL DEFAULT current_timestamp(),
  `empresa_id` int(11) DEFAULT 1,
  `sync_data` timestamp NOT NULL DEFAULT current_timestamp(),
  `sync_hash` varchar(32) DEFAULT NULL,
  `sync_status` enum('pendente','sincronizado','erro') DEFAULT 'pendente',
  `updated_at` timestamp NOT NULL DEFAULT current_timestamp() ON UPDATE current_timestamp(),
  PRIMARY KEY (`id`),
  KEY `idx_email_created` (`email`,`created_at`),
  KEY `idx_success` (`success`)
) ENGINE=InnoDB AUTO_INCREMENT=11 DEFAULT CHARSET=utf8 COLLATE=utf8_unicode_ci ROW_FORMAT=DYNAMIC;

#
# Data for table "empresa_usuarios_login_attempts"
#

INSERT INTO `empresa_usuarios_login_attempts` VALUES (10,'thiagosouza_5@hotmail.com',0,'177.222.239.26','Mozilla/5.0 (Windows NT 10.0; Win64; x64) AppleWebKit/537.36 (KHTML, like Gecko) Chrome/138.0.0.0 Safari/537.36 Edg/138.0.0.0','2025-07-23 21:33:33',1,'2025-07-23 21:33:33',NULL,'pendente','2025-07-23 21:33:33');

#
# Structure for table "empresa_usuarios_remember_tokens"
#

DROP TABLE IF EXISTS `meufinanceiro`.`empresa_usuarios_remember_tokens`;
CREATE TABLE `meufinanceiro`.`empresa_usuarios_remember_tokens` (
  `id` int(11) NOT NULL AUTO_INCREMENT,
  `user_id` int(11) NOT NULL,
  `token` varchar(255) NOT NULL,
  `expires_at` timestamp NOT NULL DEFAULT current_timestamp() ON UPDATE current_timestamp(),
  `created_at` timestamp NOT NULL DEFAULT current_timestamp(),
  `empresa_id` int(11) DEFAULT 1,
  `sync_data` timestamp NOT NULL DEFAULT current_timestamp(),
  `sync_hash` varchar(32) DEFAULT NULL,
  `sync_status` enum('pendente','sincronizado','erro') DEFAULT 'pendente',
  `updated_at` timestamp NOT NULL DEFAULT current_timestamp() ON UPDATE current_timestamp(),
  PRIMARY KEY (`id`),
  UNIQUE KEY `token` (`token`),
  KEY `idx_expires` (`expires_at`),
  KEY `idx_user_id` (`user_id`),
  CONSTRAINT `fk_remember_tokens_usuario` FOREIGN KEY (`user_id`) REFERENCES `meufinanceiro`.`empresa_usuarios` (`id`) ON DELETE CASCADE
) ENGINE=InnoDB AUTO_INCREMENT=2 DEFAULT CHARSET=utf8 COLLATE=utf8_unicode_ci ROW_FORMAT=DYNAMIC;

#
# Data for table "empresa_usuarios_remember_tokens"
#

INSERT INTO `empresa_usuarios_remember_tokens` VALUES (1,3,'c3b020a844ec65772e96ded402dcbb22251b935b147b32ac2d88b0bd2b05e29f','2025-07-23 17:27:37','2025-07-15 05:30:04',1,'2025-07-23 05:10:00',NULL,'pendente','2025-07-23 17:27:37');

#
# Structure for table "empresas"
#

DROP TABLE IF EXISTS `meufinanceiro`.`empresas`;
CREATE TABLE `meufinanceiro`.`empresas` (
  `id` int(11) NOT NULL AUTO_INCREMENT,
  `uuid` char(36) DEFAULT NULL,
  `razao_social` varchar(255) NOT NULL,
  `nome_fantasia` varchar(255) DEFAULT NULL,
  `trade_name` varchar(255) DEFAULT NULL COMMENT 'Nome fantasia',
  `document` varchar(20) DEFAULT NULL COMMENT 'CNPJ/CPF',
  `document_type` enum('cnpj','cpf') DEFAULT 'cnpj',
  `cnpj` varchar(18) NOT NULL,
  `inscricao_estadual` varchar(20) DEFAULT NULL,
  `inscricao_municipal` varchar(20) DEFAULT NULL,
  `data_abertura` date DEFAULT NULL,
  `telefone` varchar(20) DEFAULT NULL,
  `celular` varchar(20) DEFAULT NULL,
  `email` varchar(100) DEFAULT NULL,
  `site` varchar(100) DEFAULT NULL,
  `cep` varchar(9) DEFAULT NULL,
  `logradouro` varchar(255) DEFAULT NULL,
  `numero` varchar(10) DEFAULT NULL,
  `complemento` varchar(100) DEFAULT NULL,
  `bairro` varchar(100) DEFAULT NULL,
  `cidade` varchar(100) DEFAULT NULL,
  `uf` char(2) DEFAULT NULL,
  `pais` varchar(50) DEFAULT 'Brasil',
  `regime_tributario` enum('Simples Nacional','Lucro Presumido','Lucro Real') NOT NULL,
  `optante_simples` tinyint(1) DEFAULT 1,
  `incentivo_fiscal` tinyint(1) DEFAULT 0,
  `cnae_principal` varchar(10) DEFAULT NULL,
  `banco_nome` varchar(100) DEFAULT NULL,
  `banco_agencia` varchar(10) DEFAULT NULL,
  `banco_conta` varchar(20) DEFAULT NULL,
  `banco_tipo_conta` enum('Corrente','Poupança','Salário') DEFAULT NULL,
  `banco_pix` varchar(100) DEFAULT NULL,
  `moeda_padrao` varchar(3) DEFAULT 'BRL',
  `fuso_horario` varchar(50) DEFAULT 'America/Sao_Paulo',
  `idioma_padrao` varchar(10) DEFAULT 'pt-BR',
  `logo_url` varchar(255) DEFAULT NULL,
  `status` enum('ativo','inativo','trial','suspenso') DEFAULT 'ativo',
  `subscription_plan` varchar(50) DEFAULT 'basico',
  `trial_ends_at` timestamp NULL DEFAULT NULL,
  `subscription_ends_at` timestamp NULL DEFAULT NULL,
  `cor_principal` varchar(7) DEFAULT '#007bff',
  `ativo` tinyint(1) DEFAULT 1,
  `data_cadastro` timestamp NOT NULL DEFAULT current_timestamp(),
  `data_atualizacao` timestamp NOT NULL DEFAULT current_timestamp() ON UPDATE current_timestamp(),
  `sync_data` timestamp NOT NULL DEFAULT current_timestamp(),
  `sync_hash` varchar(32) DEFAULT NULL,
  `sync_status` enum('pendente','sincronizado','erro') DEFAULT 'pendente',
  `created_at` timestamp NOT NULL DEFAULT current_timestamp(),
  `updated_at` timestamp NOT NULL DEFAULT current_timestamp() ON UPDATE current_timestamp(),
  PRIMARY KEY (`id`),
  UNIQUE KEY `cnpj` (`cnpj`),
  UNIQUE KEY `uuid` (`uuid`),
  UNIQUE KEY `document` (`document`),
  KEY `idx_cnpj` (`cnpj`),
  KEY `idx_razao_social` (`razao_social`)
) ENGINE=InnoDB AUTO_INCREMENT=2 DEFAULT CHARSET=utf8 COLLATE=utf8_unicode_ci ROW_FORMAT=DYNAMIC;

#
# Data for table "empresas"
#

INSERT INTO `empresas` VALUES (1,NULL,'Pizzaria','Pizzaria',NULL,NULL,'cnpj','11882474000120',NULL,NULL,NULL,NULL,NULL,NULL,NULL,NULL,NULL,NULL,NULL,NULL,NULL,NULL,'Brasil','Simples Nacional',1,0,NULL,NULL,NULL,NULL,NULL,'1','BRL','America/Sao_Paulo','pt-BR',NULL,'ativo','basico',NULL,NULL,'#007bff',1,'2025-07-11 18:17:28','2025-07-23 17:27:38','2025-07-23 05:10:00',NULL,'pendente','2025-07-22 19:00:07','2025-07-23 17:27:38');

#
# Structure for table "empresa_usuarios_security_settings"
#

DROP TABLE IF EXISTS `meufinanceiro`.`empresa_usuarios_security_settings`;
CREATE TABLE `meufinanceiro`.`empresa_usuarios_security_settings` (
  `id` int(11) NOT NULL AUTO_INCREMENT,
  `empresa_id` int(11) NOT NULL,
  `max_login_attempts` int(11) DEFAULT 5,
  `lockout_duration` int(11) DEFAULT 900,
  `session_timeout` int(11) DEFAULT 3600,
  `password_min_length` int(11) DEFAULT 6,
  `require_password_change` tinyint(1) DEFAULT 0,
  `password_change_days` int(11) DEFAULT 90,
  `enable_two_factor` tinyint(1) DEFAULT 0,
  `created_at` timestamp NOT NULL DEFAULT current_timestamp(),
  `updated_at` timestamp NOT NULL DEFAULT current_timestamp() ON UPDATE current_timestamp(),
  `sync_data` timestamp NOT NULL DEFAULT current_timestamp(),
  `sync_hash` varchar(32) DEFAULT NULL,
  `sync_status` enum('pendente','sincronizado','erro') DEFAULT 'pendente',
  PRIMARY KEY (`id`),
  UNIQUE KEY `empresa_id` (`empresa_id`),
  CONSTRAINT `fk_security_settings_empresa` FOREIGN KEY (`empresa_id`) REFERENCES `meufinanceiro`.`empresas` (`id`) ON DELETE CASCADE
) ENGINE=InnoDB AUTO_INCREMENT=2 DEFAULT CHARSET=utf8 COLLATE=utf8_unicode_ci ROW_FORMAT=DYNAMIC;

#
# Data for table "empresa_usuarios_security_settings"
#

INSERT INTO `empresa_usuarios_security_settings` VALUES (1,1,5,900,3600,6,0,90,0,'2025-07-15 03:05:17','2025-07-23 17:27:37','2025-07-23 05:10:00',NULL,'pendente');

#
# Structure for table "empresa_logs_permissoes"
#

DROP TABLE IF EXISTS `meufinanceiro`.`empresa_logs_permissoes`;
CREATE TABLE `meufinanceiro`.`empresa_logs_permissoes` (
  `id` int(11) NOT NULL AUTO_INCREMENT,
  `usuario_id` int(11) NOT NULL COMMENT 'Usuário que teve permissão alterada',
  `autor_id` int(11) NOT NULL COMMENT 'Usuário que fez a alteração',
  `empresa_id` int(11) NOT NULL,
  `acao` enum('conceder_papel','revogar_papel','conceder_permissao','revogar_permissao') NOT NULL,
  `alvo_id` int(11) NOT NULL COMMENT 'ID do papel ou permissão',
  `tipo_alvo` enum('papel','permissao') NOT NULL,
  `detalhes` text DEFAULT NULL COMMENT 'Detalhes adicionais em JSON',
  `ip` varchar(45) DEFAULT NULL,
  `user_agent` text DEFAULT NULL,
  `sync_status` enum('pendente','sincronizado','erro') DEFAULT 'pendente',
  `sync_data` timestamp NOT NULL DEFAULT current_timestamp(),
  `sync_hash` varchar(32) DEFAULT NULL,
  `created_at` timestamp NOT NULL DEFAULT current_timestamp(),
  PRIMARY KEY (`id`),
  KEY `idx_usuario_id` (`usuario_id`),
  KEY `idx_autor_id` (`autor_id`),
  KEY `idx_empresa_id` (`empresa_id`),
  KEY `idx_created_at` (`created_at`),
  KEY `idx_sync` (`sync_status`,`sync_data`),
  CONSTRAINT `fk_logs_autor` FOREIGN KEY (`autor_id`) REFERENCES `meufinanceiro`.`empresa_usuarios` (`id`),
  CONSTRAINT `fk_logs_empresa` FOREIGN KEY (`empresa_id`) REFERENCES `meufinanceiro`.`empresas` (`id`),
  CONSTRAINT `fk_logs_usuario` FOREIGN KEY (`usuario_id`) REFERENCES `meufinanceiro`.`empresa_usuarios` (`id`)
) ENGINE=InnoDB DEFAULT CHARSET=utf8mb4 COLLATE=utf8mb4_unicode_ci;

#
# Data for table "empresa_logs_permissoes"
#


#
# Structure for table "empresa_usuario_empresas"
#

DROP TABLE IF EXISTS `meufinanceiro`.`empresa_usuario_empresas`;
CREATE TABLE `meufinanceiro`.`empresa_usuario_empresas` (
  `id` int(11) NOT NULL AUTO_INCREMENT,
  `usuario_id` int(11) NOT NULL,
  `empresa_id` int(11) NOT NULL,
  `is_proprietario` tinyint(1) NOT NULL DEFAULT 0 COMMENT 'Se é proprietário da empresa',
  `is_padrao` tinyint(1) NOT NULL DEFAULT 0 COMMENT 'Empresa padrão do usuário',
  `data_associacao` timestamp NOT NULL DEFAULT current_timestamp(),
  `ultimo_acesso` timestamp NULL DEFAULT NULL,
  `sync_status` enum('pendente','sincronizado','erro') DEFAULT 'pendente',
  `sync_data` timestamp NOT NULL DEFAULT current_timestamp(),
  `sync_hash` varchar(32) DEFAULT NULL,
  `created_at` timestamp NOT NULL DEFAULT current_timestamp(),
  `updated_at` timestamp NOT NULL DEFAULT current_timestamp() ON UPDATE current_timestamp(),
  `deleted_at` timestamp NULL DEFAULT NULL,
  PRIMARY KEY (`id`),
  UNIQUE KEY `usuario_empresa` (`usuario_id`,`empresa_id`),
  KEY `idx_usuario_id` (`usuario_id`),
  KEY `idx_empresa_id` (`empresa_id`),
  KEY `idx_sync` (`sync_status`,`sync_data`),
  CONSTRAINT `fk_ue_empresa` FOREIGN KEY (`empresa_id`) REFERENCES `meufinanceiro`.`empresas` (`id`) ON DELETE CASCADE,
  CONSTRAINT `fk_ue_usuario` FOREIGN KEY (`usuario_id`) REFERENCES `meufinanceiro`.`empresa_usuarios` (`id`) ON DELETE CASCADE
) ENGINE=InnoDB DEFAULT CHARSET=utf8mb4 COLLATE=utf8mb4_unicode_ci;

#
# Data for table "empresa_usuario_empresas"
#

INSERT INTO `empresa_usuario_empresas` VALUES (1,1,1,1,1,'2025-07-31 20:19:47',NULL,'pendente','2025-07-31 20:19:47',NULL,'2025-07-31 20:19:47','2025-07-31 20:19:47',NULL),(2,3,1,1,1,'2025-07-31 20:19:47',NULL,'pendente','2025-07-31 20:19:47',NULL,'2025-07-31 20:19:47','2025-07-31 20:19:47',NULL),(3,5,1,1,1,'2025-07-31 20:19:47',NULL,'pendente','2025-07-31 20:19:47',NULL,'2025-07-31 20:19:47','2025-07-31 20:19:47',NULL);

#
# Structure for table "empresa_socios"
#

DROP TABLE IF EXISTS `meufinanceiro`.`empresa_socios`;
CREATE TABLE `meufinanceiro`.`empresa_socios` (
  `id` int(11) NOT NULL AUTO_INCREMENT,
  `empresa_id` int(11) NOT NULL,
  `nome` varchar(255) NOT NULL,
  `cpf` varchar(14) NOT NULL,
  `participacao` decimal(5,2) DEFAULT NULL,
  `administrador` tinyint(1) DEFAULT 0,
  `sync_data` timestamp NOT NULL DEFAULT current_timestamp(),
  `sync_hash` varchar(32) DEFAULT NULL,
  `sync_status` enum('pendente','sincronizado','erro') DEFAULT 'pendente',
  `created_at` timestamp NOT NULL DEFAULT current_timestamp(),
  `updated_at` timestamp NOT NULL DEFAULT current_timestamp() ON UPDATE current_timestamp(),
  PRIMARY KEY (`id`),
  KEY `empresa_id` (`empresa_id`),
  CONSTRAINT `fk_empresa_socios_empresa` FOREIGN KEY (`empresa_id`) REFERENCES `meufinanceiro`.`empresas` (`id`)
) ENGINE=InnoDB DEFAULT CHARSET=utf8 COLLATE=utf8_unicode_ci ROW_FORMAT=DYNAMIC;

#
# Data for table "empresa_socios"
#


#
# Structure for table "empresa_permissoes"
#

DROP TABLE IF EXISTS `meufinanceiro`.`empresa_permissoes`;
CREATE TABLE `meufinanceiro`.`empresa_permissoes` (
  `id` int(11) NOT NULL AUTO_INCREMENT,
  `nome` varchar(100) NOT NULL COMMENT 'Nome amigável da permissão',
  `codigo` varchar(100) NOT NULL COMMENT 'Código único da permissão (ex: usuarios.criar)',
  `descricao` text DEFAULT NULL,
  `categoria` varchar(50) DEFAULT NULL COMMENT 'Categoria para agrupar permissões',
  `is_sistema` tinyint(1) NOT NULL DEFAULT 1 COMMENT 'Se é uma permissão do sistema',
  `empresa_id` int(11) DEFAULT NULL COMMENT 'NULL para permissões do sistema, ID da empresa para permissões personalizadas',
  `sync_status` enum('pendente','sincronizado','erro') DEFAULT 'pendente',
  `sync_data` timestamp NOT NULL DEFAULT current_timestamp(),
  `sync_hash` varchar(32) DEFAULT NULL,
  `created_at` timestamp NOT NULL DEFAULT current_timestamp(),
  `updated_at` timestamp NOT NULL DEFAULT current_timestamp() ON UPDATE current_timestamp(),
  `deleted_at` timestamp NULL DEFAULT NULL,
  PRIMARY KEY (`id`),
  UNIQUE KEY `empresa_codigo` (`empresa_id`,`codigo`),
  KEY `idx_categoria` (`categoria`),
  KEY `idx_empresa_id` (`empresa_id`),
  KEY `idx_sync` (`sync_status`,`sync_data`),
  CONSTRAINT `fk_permissoes_empresa` FOREIGN KEY (`empresa_id`) REFERENCES `meufinanceiro`.`empresas` (`id`) ON DELETE CASCADE
) ENGINE=InnoDB AUTO_INCREMENT=54 DEFAULT CHARSET=utf8mb4 COLLATE=utf8mb4_unicode_ci;

#
# Data for table "empresa_permissoes"
#

INSERT INTO `empresa_permissoes` VALUES (1,'Visualizar Dashboard','dashboard.visualizar','Visualizar o painel principal','Dashboard',1,NULL,'pendente','2025-07-31 20:13:57',NULL,'2025-07-31 20:13:57','2025-07-31 20:13:57',NULL),(2,'Listar Usuários','usuarios.listar','Ver lista de usuários','Usuários',1,NULL,'pendente','2025-07-31 20:13:57',NULL,'2025-07-31 20:13:57','2025-07-31 20:13:57',NULL),(3,'Ver Usuário','usuarios.visualizar','Ver detalhes de um usuário','Usuários',1,NULL,'pendente','2025-07-31 20:13:57',NULL,'2025-07-31 20:13:57','2025-07-31 20:13:57',NULL),(4,'Criar Usuário','usuarios.criar','Criar novos usuários','Usuários',1,NULL,'pendente','2025-07-31 20:13:57',NULL,'2025-07-31 20:13:57','2025-07-31 20:13:57',NULL),(5,'Editar Usuário','usuarios.editar','Editar usuários existentes','Usuários',1,NULL,'pendente','2025-07-31 20:13:57',NULL,'2025-07-31 20:13:57','2025-07-31 20:13:57',NULL),(6,'Excluir Usuário','usuarios.excluir','Excluir usuários','Usuários',1,NULL,'pendente','2025-07-31 20:13:57',NULL,'2025-07-31 20:13:57','2025-07-31 20:13:57',NULL),(7,'Gerenciar Papéis','usuarios.gerenciar_papeis','Atribuir papéis aos usuários','Usuários',1,NULL,'pendente','2025-07-31 20:13:57',NULL,'2025-07-31 20:13:57','2025-07-31 20:13:57',NULL),(8,'Gerenciar Permissões','usuarios.gerenciar_permissoes','Atribuir permissões específicas aos usuários','Usuários',1,NULL,'pendente','2025-07-31 20:13:57',NULL,'2025-07-31 20:13:57','2025-07-31 20:13:57',NULL),(9,'Listar Empresas','empresas.listar','Ver lista de empresas','Empresas',1,NULL,'pendente','2025-07-31 20:13:57',NULL,'2025-07-31 20:13:57','2025-07-31 20:13:57',NULL),(10,'Ver Empresa','empresas.visualizar','Ver detalhes de uma empresa','Empresas',1,NULL,'pendente','2025-07-31 20:13:57',NULL,'2025-07-31 20:13:57','2025-07-31 20:13:57',NULL),(11,'Criar Empresa','empresas.criar','Criar novas empresas','Empresas',1,NULL,'pendente','2025-07-31 20:13:57',NULL,'2025-07-31 20:13:57','2025-07-31 20:13:57',NULL),(12,'Editar Empresa','empresas.editar','Editar empresas existentes','Empresas',1,NULL,'pendente','2025-07-31 20:13:57',NULL,'2025-07-31 20:13:57','2025-07-31 20:13:57',NULL),(13,'Excluir Empresa','empresas.excluir','Excluir empresas','Empresas',1,NULL,'pendente','2025-07-31 20:13:57',NULL,'2025-07-31 20:13:57','2025-07-31 20:13:57',NULL),(14,'Acessar PDV','pdv.acessar','Acessar o módulo de PDV','PDV',1,NULL,'pendente','2025-07-31 20:13:57',NULL,'2025-07-31 20:13:57','2025-07-31 20:13:57',NULL),(15,'Iniciar Venda','pdv.iniciar_venda','Iniciar uma nova venda','PDV',1,NULL,'pendente','2025-07-31 20:13:57',NULL,'2025-07-31 20:13:57','2025-07-31 20:13:57',NULL),(16,'Adicionar Item','pdv.adicionar_item','Adicionar item a uma venda','PDV',1,NULL,'pendente','2025-07-31 20:13:57',NULL,'2025-07-31 20:13:57','2025-07-31 20:13:57',NULL),(17,'Remover Item','pdv.remover_item','Remover item de uma venda','PDV',1,NULL,'pendente','2025-07-31 20:13:57',NULL,'2025-07-31 20:13:57','2025-07-31 20:13:57',NULL),(18,'Aplicar Desconto','pdv.aplicar_desconto','Aplicar desconto em vendas','PDV',1,NULL,'pendente','2025-07-31 20:13:57',NULL,'2025-07-31 20:13:57','2025-07-31 20:13:57',NULL),(19,'Finalizar Venda','pdv.finalizar_venda','Finalizar uma venda','PDV',1,NULL,'pendente','2025-07-31 20:13:57',NULL,'2025-07-31 20:13:57','2025-07-31 20:13:57',NULL),(20,'Cancelar Venda','pdv.cancelar_venda','Cancelar uma venda','PDV',1,NULL,'pendente','2025-07-31 20:13:57',NULL,'2025-07-31 20:13:57','2025-07-31 20:13:57',NULL),(21,'Abrir Caixa','caixa.abrir','Abrir um caixa','Caixa',1,NULL,'pendente','2025-07-31 20:13:57',NULL,'2025-07-31 20:13:57','2025-07-31 20:13:57',NULL),(22,'Fechar Caixa','caixa.fechar','Fechar um caixa','Caixa',1,NULL,'pendente','2025-07-31 20:13:57',NULL,'2025-07-31 20:13:57','2025-07-31 20:13:57',NULL),(23,'Realizar Sangria','caixa.sangria','Realizar uma sangria de caixa','Caixa',1,NULL,'pendente','2025-07-31 20:13:57',NULL,'2025-07-31 20:13:57','2025-07-31 20:13:57',NULL),(24,'Realizar Suprimento','caixa.suprimento','Realizar um suprimento de caixa','Caixa',1,NULL,'pendente','2025-07-31 20:13:57',NULL,'2025-07-31 20:13:57','2025-07-31 20:13:57',NULL),(25,'Ver Relatório de Caixa','caixa.relatorio','Ver relatório de movimentações de caixa','Caixa',1,NULL,'pendente','2025-07-31 20:13:57',NULL,'2025-07-31 20:13:57','2025-07-31 20:13:57',NULL),(26,'Listar Produtos','produtos.listar','Ver lista de produtos','Produtos',1,NULL,'pendente','2025-07-31 20:13:57',NULL,'2025-07-31 20:13:57','2025-07-31 20:13:57',NULL),(27,'Ver Produto','produtos.visualizar','Ver detalhes de um produto','Produtos',1,NULL,'pendente','2025-07-31 20:13:57',NULL,'2025-07-31 20:13:57','2025-07-31 20:13:57',NULL),(28,'Criar Produto','produtos.criar','Criar novos produtos','Produtos',1,NULL,'pendente','2025-07-31 20:13:57',NULL,'2025-07-31 20:13:57','2025-07-31 20:13:57',NULL),(29,'Editar Produto','produtos.editar','Editar produtos existentes','Produtos',1,NULL,'pendente','2025-07-31 20:13:57',NULL,'2025-07-31 20:13:57','2025-07-31 20:13:57',NULL),(30,'Excluir Produto','produtos.excluir','Excluir produtos','Produtos',1,NULL,'pendente','2025-07-31 20:13:57',NULL,'2025-07-31 20:13:57','2025-07-31 20:13:57',NULL),(31,'Gerenciar Estoque','produtos.gerenciar_estoque','Gerenciar estoque de produtos','Produtos',1,NULL,'pendente','2025-07-31 20:13:57',NULL,'2025-07-31 20:13:57','2025-07-31 20:13:57',NULL),(32,'Listar Clientes','clientes.listar','Ver lista de clientes','Clientes',1,NULL,'pendente','2025-07-31 20:13:57',NULL,'2025-07-31 20:13:57','2025-07-31 20:13:57',NULL),(33,'Ver Cliente','clientes.visualizar','Ver detalhes de um cliente','Clientes',1,NULL,'pendente','2025-07-31 20:13:57',NULL,'2025-07-31 20:13:57','2025-07-31 20:13:57',NULL),(34,'Criar Cliente','clientes.criar','Criar novos clientes','Clientes',1,NULL,'pendente','2025-07-31 20:13:57',NULL,'2025-07-31 20:13:57','2025-07-31 20:13:57',NULL),(35,'Editar Cliente','clientes.editar','Editar clientes existentes','Clientes',1,NULL,'pendente','2025-07-31 20:13:57',NULL,'2025-07-31 20:13:57','2025-07-31 20:13:57',NULL),(36,'Excluir Cliente','clientes.excluir','Excluir clientes','Clientes',1,NULL,'pendente','2025-07-31 20:13:57',NULL,'2025-07-31 20:13:57','2025-07-31 20:13:57',NULL),(37,'Relatórios de Vendas','relatorios.vendas','Acessar relatórios de vendas','Relatórios',1,NULL,'pendente','2025-07-31 20:13:57',NULL,'2025-07-31 20:13:57','2025-07-31 20:13:57',NULL),(38,'Relatórios Financeiros','relatorios.financeiros','Acessar relatórios financeiros','Relatórios',1,NULL,'pendente','2025-07-31 20:13:57',NULL,'2025-07-31 20:13:57','2025-07-31 20:13:57',NULL),(39,'Relatórios de Estoque','relatorios.estoque','Acessar relatórios de estoque','Relatórios',1,NULL,'pendente','2025-07-31 20:13:57',NULL,'2025-07-31 20:13:57','2025-07-31 20:13:57',NULL),(40,'Relatórios de Clientes','relatorios.clientes','Acessar relatórios de clientes','Relatórios',1,NULL,'pendente','2025-07-31 20:13:57',NULL,'2025-07-31 20:13:57','2025-07-31 20:13:57',NULL),(41,'Relatórios Avançados','relatorios.avancados','Acessar relatórios avançados e personalizados','Relatórios',1,NULL,'pendente','2025-07-31 20:13:57',NULL,'2025-07-31 20:13:57','2025-07-31 20:13:57',NULL),(42,'Configurações Gerais','configuracoes.gerais','Acessar configurações gerais do sistema','Configurações',1,NULL,'pendente','2025-07-31 20:13:57',NULL,'2025-07-31 20:13:57','2025-07-31 20:13:57',NULL),(43,'Configurações de PDV','configuracoes.pdv','Acessar configurações do PDV','Configurações',1,NULL,'pendente','2025-07-31 20:13:57',NULL,'2025-07-31 20:13:57','2025-07-31 20:13:57',NULL),(44,'Configurações de Impressão','configuracoes.impressao','Acessar configurações de impressão','Configurações',1,NULL,'pendente','2025-07-31 20:13:57',NULL,'2025-07-31 20:13:57','2025-07-31 20:13:57',NULL),(45,'Configurações de Segurança','configuracoes.seguranca','Acessar configurações de segurança','Configurações',1,NULL,'pendente','2025-07-31 20:13:57',NULL,'2025-07-31 20:13:57','2025-07-31 20:13:57',NULL),(46,'Backup e Restauração','configuracoes.backup','Realizar backup e restauração de dados','Configurações',1,NULL,'pendente','2025-07-31 20:13:57',NULL,'2025-07-31 20:13:57','2025-07-31 20:13:57',NULL),(47,'Abrir Caixa','caixa-abrir_caixa','Abrir Caixa','Migrado',0,1,'pendente','2025-07-31 20:15:26',NULL,'2025-07-31 20:15:26','2025-07-31 20:15:26',NULL),(48,'Excluir Item','caixa-excluir_item','Excluir Item','Migrado',0,1,'pendente','2025-07-31 20:15:26',NULL,'2025-07-31 20:15:26','2025-07-31 20:15:26',NULL),(49,'acesso ao sistema ','atendente-acesso_sistema','acesso ao sistema ','Migrado',0,1,'pendente','2025-07-31 20:15:26',NULL,'2025-07-31 20:15:26','2025-07-31 20:15:26',NULL),(50,'Caixa->Acessar Pdv','caixa-acesso_pdv','Caixa->Acessar Pdv','Migrado',0,1,'pendente','2025-07-31 20:15:26',NULL,'2025-07-31 20:15:26','2025-07-31 20:15:26',NULL),(51,'Form Pagamento','caixa-form_pgto','Form Pagamento','Migrado',0,1,'pendente','2025-07-31 20:15:26',NULL,'2025-07-31 20:15:26','2025-07-31 20:15:26',NULL),(52,'caixa-Finalizar_venda','Finalizar venda','caixa-Finalizar_venda','Migrado',0,1,'pendente','2025-07-31 20:15:26',NULL,'2025-07-31 20:15:26','2025-07-31 20:15:26',NULL);

#
# Structure for table "empresa_usuario_permissoes"
#

DROP TABLE IF EXISTS `meufinanceiro`.`empresa_usuario_permissoes`;
CREATE TABLE `meufinanceiro`.`empresa_usuario_permissoes` (
  `id` int(11) NOT NULL AUTO_INCREMENT,
  `usuario_id` int(11) NOT NULL,
  `permissao_id` int(11) NOT NULL,
  `empresa_id` int(11) NOT NULL,
  `is_concedida` tinyint(1) NOT NULL DEFAULT 1 COMMENT '1=concedida, 0=negada (sobrepõe permissões de papel)',
  `atribuido_por` int(11) DEFAULT NULL COMMENT 'ID do usuário que atribuiu a permissão',
  `data_atribuicao` timestamp NOT NULL DEFAULT current_timestamp(),
  `data_expiracao` timestamp NULL DEFAULT NULL COMMENT 'Data de expiração (opcional)',
  `sync_status` enum('pendente','sincronizado','erro') DEFAULT 'pendente',
  `sync_data` timestamp NOT NULL DEFAULT current_timestamp(),
  `sync_hash` varchar(32) DEFAULT NULL,
  `created_at` timestamp NOT NULL DEFAULT current_timestamp(),
  `updated_at` timestamp NOT NULL DEFAULT current_timestamp() ON UPDATE current_timestamp(),
  `deleted_at` timestamp NULL DEFAULT NULL,
  PRIMARY KEY (`id`),
  UNIQUE KEY `usuario_permissao_empresa` (`usuario_id`,`permissao_id`,`empresa_id`),
  KEY `idx_usuario_id` (`usuario_id`),
  KEY `idx_permissao_id` (`permissao_id`),
  KEY `idx_empresa_id` (`empresa_id`),
  KEY `idx_sync` (`sync_status`,`sync_data`),
  CONSTRAINT `fk_up_empresa_id` FOREIGN KEY (`empresa_id`) REFERENCES `meufinanceiro`.`empresas` (`id`) ON DELETE CASCADE,
  CONSTRAINT `fk_up_permissao_id` FOREIGN KEY (`permissao_id`) REFERENCES `meufinanceiro`.`empresa_permissoes` (`id`) ON DELETE CASCADE,
  CONSTRAINT `fk_up_usuario_id` FOREIGN KEY (`usuario_id`) REFERENCES `meufinanceiro`.`empresa_usuarios` (`id`) ON DELETE CASCADE
) ENGINE=InnoDB DEFAULT CHARSET=utf8mb4 COLLATE=utf8mb4_unicode_ci;

#
# Data for table "empresa_usuario_permissoes"
#


#
# Structure for table "empresa_papeis"
#

DROP TABLE IF EXISTS `meufinanceiro`.`empresa_papeis`;
CREATE TABLE `meufinanceiro`.`empresa_papeis` (
  `id` int(11) NOT NULL AUTO_INCREMENT,
  `nome` varchar(100) NOT NULL,
  `codigo` varchar(50) NOT NULL COMMENT 'Código único do papel',
  `descricao` text DEFAULT NULL,
  `is_sistema` tinyint(1) NOT NULL DEFAULT 0 COMMENT 'Se é um papel do sistema (não pode ser excluído)',
  `nivel_acesso` int(11) NOT NULL DEFAULT 0 COMMENT 'Nível hierárquico (0-100)',
  `empresa_id` int(11) DEFAULT NULL COMMENT 'NULL para papéis do sistema, ID da empresa para papéis personalizados',
  `sync_status` enum('pendente','sincronizado','erro') DEFAULT 'pendente',
  `sync_data` timestamp NOT NULL DEFAULT current_timestamp(),
  `sync_hash` varchar(32) DEFAULT NULL,
  `created_at` timestamp NOT NULL DEFAULT current_timestamp(),
  `updated_at` timestamp NOT NULL DEFAULT current_timestamp() ON UPDATE current_timestamp(),
  `deleted_at` timestamp NULL DEFAULT NULL,
  PRIMARY KEY (`id`),
  UNIQUE KEY `empresa_codigo` (`empresa_id`,`codigo`),
  KEY `idx_empresa_id` (`empresa_id`),
  KEY `idx_nivel_acesso` (`nivel_acesso`),
  KEY `idx_sync` (`sync_status`,`sync_data`),
  CONSTRAINT `fk_papeis_empresa` FOREIGN KEY (`empresa_id`) REFERENCES `meufinanceiro`.`empresas` (`id`) ON DELETE CASCADE
) ENGINE=InnoDB AUTO_INCREMENT=13 DEFAULT CHARSET=utf8mb4 COLLATE=utf8mb4_unicode_ci;

#
# Data for table "empresa_papeis"
#

INSERT INTO `empresa_papeis` VALUES (1,'Super Administrador','super_admin','Controle total do sistema, incluindo todas as empresas',1,100,NULL,'pendente','2025-07-31 20:13:52',NULL,'2025-07-31 20:13:52','2025-07-31 20:13:52',NULL),(2,'Administrador','admin','Administrador de uma empresa específica',1,90,NULL,'pendente','2025-07-31 20:13:52',NULL,'2025-07-31 20:13:52','2025-07-31 20:13:52',NULL),(3,'Gerente','gerente','Gerente com acesso à maioria das funcionalidades',1,70,NULL,'pendente','2025-07-31 20:13:52',NULL,'2025-07-31 20:13:52','2025-07-31 20:13:52',NULL),(4,'Supervisor','supervisor','Supervisor com acesso a relatórios e algumas configurações',1,60,NULL,'pendente','2025-07-31 20:13:52',NULL,'2025-07-31 20:13:52','2025-07-31 20:13:52',NULL),(5,'Operador','operador','Operador com acesso às funções básicas do sistema',1,40,NULL,'pendente','2025-07-31 20:13:52',NULL,'2025-07-31 20:13:52','2025-07-31 20:13:52',NULL),(6,'Vendedor','vendedor','Acesso ao PDV e funções de venda',1,30,NULL,'pendente','2025-07-31 20:13:52',NULL,'2025-07-31 20:13:52','2025-07-31 20:13:52',NULL),(7,'Caixa','caixa','Acesso às funções de caixa',1,20,NULL,'pendente','2025-07-31 20:13:52',NULL,'2025-07-31 20:13:52','2025-07-31 20:13:52',NULL),(8,'Cliente','cliente','Cliente com acesso limitado',1,10,NULL,'pendente','2025-07-31 20:13:52',NULL,'2025-07-31 20:13:52','2025-07-31 20:13:52',NULL),(9,'Visitante','visitante','Acesso apenas para visualização',1,5,NULL,'pendente','2025-07-31 20:13:52',NULL,'2025-07-31 20:13:52','2025-07-31 20:13:52',NULL),(10,'Caixa','caixa','Papel migrado do perfil Caixa',0,20,1,'pendente','2025-07-31 20:15:26',NULL,'2025-07-31 20:15:26','2025-07-31 20:15:26',NULL),(11,'Atendente','atendente','Papel migrado do perfil Atendente',0,30,1,'pendente','2025-07-31 20:15:26',NULL,'2025-07-31 20:15:26','2025-07-31 20:15:26',NULL),(12,'Administrador','administrador','Papel migrado do perfil Administrador',0,90,1,'pendente','2025-07-31 20:15:26',NULL,'2025-07-31 20:15:26','2025-07-31 20:15:26',NULL);

#
# Structure for table "empresa_papel_permissoes"
#

DROP TABLE IF EXISTS `meufinanceiro`.`empresa_papel_permissoes`;
CREATE TABLE `meufinanceiro`.`empresa_papel_permissoes` (
  `id` int(11) NOT NULL AUTO_INCREMENT,
  `papel_id` int(11) NOT NULL,
  `permissao_id` int(11) NOT NULL,
  `empresa_id` int(11) NOT NULL,
  `sync_status` enum('pendente','sincronizado','erro') DEFAULT 'pendente',
  `sync_data` timestamp NOT NULL DEFAULT current_timestamp(),
  `sync_hash` varchar(32) DEFAULT NULL,
  `created_at` timestamp NOT NULL DEFAULT current_timestamp(),
  `updated_at` timestamp NOT NULL DEFAULT current_timestamp() ON UPDATE current_timestamp(),
  `deleted_at` timestamp NULL DEFAULT NULL,
  PRIMARY KEY (`id`),
  UNIQUE KEY `papel_permissao_empresa` (`papel_id`,`permissao_id`,`empresa_id`),
  KEY `idx_papel_id` (`papel_id`),
  KEY `idx_permissao_id` (`permissao_id`),
  KEY `idx_empresa_id` (`empresa_id`),
  KEY `idx_sync` (`sync_status`,`sync_data`),
  CONSTRAINT `fk_pp_empresa` FOREIGN KEY (`empresa_id`) REFERENCES `meufinanceiro`.`empresas` (`id`) ON DELETE CASCADE,
  CONSTRAINT `fk_pp_papel` FOREIGN KEY (`papel_id`) REFERENCES `meufinanceiro`.`empresa_papeis` (`id`) ON DELETE CASCADE,
  CONSTRAINT `fk_pp_permissao` FOREIGN KEY (`permissao_id`) REFERENCES `meufinanceiro`.`empresa_permissoes` (`id`) ON DELETE CASCADE
) ENGINE=InnoDB AUTO_INCREMENT=62 DEFAULT CHARSET=utf8mb4 COLLATE=utf8mb4_unicode_ci;

#
# Data for table "empresa_papel_permissoes"
#

INSERT INTO `empresa_papel_permissoes` VALUES (1,1,1,1,'pendente','2025-07-31 20:15:26',NULL,'2025-07-31 20:15:26','2025-07-31 20:15:26',NULL),(2,1,2,1,'pendente','2025-07-31 20:15:26',NULL,'2025-07-31 20:15:26','2025-07-31 20:15:26',NULL),(3,1,3,1,'pendente','2025-07-31 20:15:26',NULL,'2025-07-31 20:15:26','2025-07-31 20:15:26',NULL),(4,1,4,1,'pendente','2025-07-31 20:15:26',NULL,'2025-07-31 20:15:26','2025-07-31 20:15:26',NULL),(5,1,5,1,'pendente','2025-07-31 20:15:26',NULL,'2025-07-31 20:15:26','2025-07-31 20:15:26',NULL),(6,1,6,1,'pendente','2025-07-31 20:15:26',NULL,'2025-07-31 20:15:26','2025-07-31 20:15:26',NULL),(7,1,7,1,'pendente','2025-07-31 20:15:26',NULL,'2025-07-31 20:15:26','2025-07-31 20:15:26',NULL),(8,1,8,1,'pendente','2025-07-31 20:15:26',NULL,'2025-07-31 20:15:26','2025-07-31 20:15:26',NULL),(9,1,9,1,'pendente','2025-07-31 20:15:26',NULL,'2025-07-31 20:15:26','2025-07-31 20:15:26',NULL),(10,1,10,1,'pendente','2025-07-31 20:15:26',NULL,'2025-07-31 20:15:26','2025-07-31 20:15:26',NULL),(11,1,11,1,'pendente','2025-07-31 20:15:26',NULL,'2025-07-31 20:15:26','2025-07-31 20:15:26',NULL),(12,1,12,1,'pendente','2025-07-31 20:15:26',NULL,'2025-07-31 20:15:26','2025-07-31 20:15:26',NULL),(13,1,13,1,'pendente','2025-07-31 20:15:26',NULL,'2025-07-31 20:15:26','2025-07-31 20:15:26',NULL),(14,1,14,1,'pendente','2025-07-31 20:15:26',NULL,'2025-07-31 20:15:26','2025-07-31 20:15:26',NULL),(15,1,15,1,'pendente','2025-07-31 20:15:26',NULL,'2025-07-31 20:15:26','2025-07-31 20:15:26',NULL),(16,1,16,1,'pendente','2025-07-31 20:15:26',NULL,'2025-07-31 20:15:26','2025-07-31 20:15:26',NULL),(17,1,17,1,'pendente','2025-07-31 20:15:26',NULL,'2025-07-31 20:15:26','2025-07-31 20:15:26',NULL),(18,1,18,1,'pendente','2025-07-31 20:15:26',NULL,'2025-07-31 20:15:26','2025-07-31 20:15:26',NULL),(19,1,19,1,'pendente','2025-07-31 20:15:26',NULL,'2025-07-31 20:15:26','2025-07-31 20:15:26',NULL),(20,1,20,1,'pendente','2025-07-31 20:15:26',NULL,'2025-07-31 20:15:26','2025-07-31 20:15:26',NULL),(21,1,21,1,'pendente','2025-07-31 20:15:26',NULL,'2025-07-31 20:15:26','2025-07-31 20:15:26',NULL),(22,1,22,1,'pendente','2025-07-31 20:15:26',NULL,'2025-07-31 20:15:26','2025-07-31 20:15:26',NULL),(23,1,23,1,'pendente','2025-07-31 20:15:26',NULL,'2025-07-31 20:15:26','2025-07-31 20:15:26',NULL),(24,1,24,1,'pendente','2025-07-31 20:15:26',NULL,'2025-07-31 20:15:26','2025-07-31 20:15:26',NULL),(25,1,25,1,'pendente','2025-07-31 20:15:26',NULL,'2025-07-31 20:15:26','2025-07-31 20:15:26',NULL),(26,1,26,1,'pendente','2025-07-31 20:15:26',NULL,'2025-07-31 20:15:26','2025-07-31 20:15:26',NULL),(27,1,27,1,'pendente','2025-07-31 20:15:26',NULL,'2025-07-31 20:15:26','2025-07-31 20:15:26',NULL),(28,1,28,1,'pendente','2025-07-31 20:15:26',NULL,'2025-07-31 20:15:26','2025-07-31 20:15:26',NULL),(29,1,29,1,'pendente','2025-07-31 20:15:26',NULL,'2025-07-31 20:15:26','2025-07-31 20:15:26',NULL),(30,1,30,1,'pendente','2025-07-31 20:15:26',NULL,'2025-07-31 20:15:26','2025-07-31 20:15:26',NULL),(31,1,31,1,'pendente','2025-07-31 20:15:26',NULL,'2025-07-31 20:15:26','2025-07-31 20:15:26',NULL),(32,1,32,1,'pendente','2025-07-31 20:15:26',NULL,'2025-07-31 20:15:26','2025-07-31 20:15:26',NULL),(33,1,33,1,'pendente','2025-07-31 20:15:26',NULL,'2025-07-31 20:15:26','2025-07-31 20:15:26',NULL),(34,1,34,1,'pendente','2025-07-31 20:15:26',NULL,'2025-07-31 20:15:26','2025-07-31 20:15:26',NULL),(35,1,35,1,'pendente','2025-07-31 20:15:26',NULL,'2025-07-31 20:15:26','2025-07-31 20:15:26',NULL),(36,1,36,1,'pendente','2025-07-31 20:15:26',NULL,'2025-07-31 20:15:26','2025-07-31 20:15:26',NULL),(37,1,37,1,'pendente','2025-07-31 20:15:26',NULL,'2025-07-31 20:15:26','2025-07-31 20:15:26',NULL),(38,1,38,1,'pendente','2025-07-31 20:15:26',NULL,'2025-07-31 20:15:26','2025-07-31 20:15:26',NULL),(39,1,39,1,'pendente','2025-07-31 20:15:26',NULL,'2025-07-31 20:15:26','2025-07-31 20:15:26',NULL),(40,1,40,1,'pendente','2025-07-31 20:15:26',NULL,'2025-07-31 20:15:26','2025-07-31 20:15:26',NULL),(41,1,41,1,'pendente','2025-07-31 20:15:26',NULL,'2025-07-31 20:15:26','2025-07-31 20:15:26',NULL),(42,1,42,1,'pendente','2025-07-31 20:15:26',NULL,'2025-07-31 20:15:26','2025-07-31 20:15:26',NULL),(43,1,43,1,'pendente','2025-07-31 20:15:26',NULL,'2025-07-31 20:15:26','2025-07-31 20:15:26',NULL),(44,1,44,1,'pendente','2025-07-31 20:15:26',NULL,'2025-07-31 20:15:26','2025-07-31 20:15:26',NULL),(45,1,45,1,'pendente','2025-07-31 20:15:26',NULL,'2025-07-31 20:15:26','2025-07-31 20:15:26',NULL),(46,1,46,1,'pendente','2025-07-31 20:15:26',NULL,'2025-07-31 20:15:26','2025-07-31 20:15:26',NULL),(47,11,49,1,'pendente','2025-07-31 20:15:26',NULL,'2025-07-31 20:15:26','2025-07-31 20:15:26',NULL),(48,12,49,1,'pendente','2025-07-31 20:15:26',NULL,'2025-07-31 20:15:26','2025-07-31 20:15:26',NULL),(49,10,47,1,'pendente','2025-07-31 20:15:26',NULL,'2025-07-31 20:15:26','2025-07-31 20:15:26',NULL),(50,12,47,1,'pendente','2025-07-31 20:15:26',NULL,'2025-07-31 20:15:26','2025-07-31 20:15:26',NULL),(51,10,50,1,'pendente','2025-07-31 20:15:26',NULL,'2025-07-31 20:15:26','2025-07-31 20:15:26',NULL),(52,12,50,1,'pendente','2025-07-31 20:15:26',NULL,'2025-07-31 20:15:26','2025-07-31 20:15:26',NULL),(53,10,48,1,'pendente','2025-07-31 20:15:26',NULL,'2025-07-31 20:15:26','2025-07-31 20:15:26',NULL),(54,12,48,1,'pendente','2025-07-31 20:15:26',NULL,'2025-07-31 20:15:26','2025-07-31 20:15:26',NULL),(55,10,51,1,'pendente','2025-07-31 20:15:26',NULL,'2025-07-31 20:15:26','2025-07-31 20:15:26',NULL),(56,12,51,1,'pendente','2025-07-31 20:15:26',NULL,'2025-07-31 20:15:26','2025-07-31 20:15:26',NULL),(57,10,52,1,'pendente','2025-07-31 20:15:26',NULL,'2025-07-31 20:15:26','2025-07-31 20:15:26',NULL),(58,12,52,1,'pendente','2025-07-31 20:15:26',NULL,'2025-07-31 20:15:26','2025-07-31 20:15:26',NULL);

#
# Structure for table "empresa_usuario_papeis"
#

DROP TABLE IF EXISTS `meufinanceiro`.`empresa_usuario_papeis`;
CREATE TABLE `meufinanceiro`.`empresa_usuario_papeis` (
  `id` int(11) NOT NULL AUTO_INCREMENT,
  `usuario_id` int(11) NOT NULL,
  `papel_id` int(11) NOT NULL,
  `empresa_id` int(11) NOT NULL,
  `is_principal` tinyint(1) NOT NULL DEFAULT 0 COMMENT 'Se é o papel principal do usuário nesta empresa',
  `atribuido_por` int(11) DEFAULT NULL COMMENT 'ID do usuário que atribuiu o papel',
  `data_atribuicao` timestamp NOT NULL DEFAULT current_timestamp(),
  `data_expiracao` timestamp NULL DEFAULT NULL COMMENT 'Data de expiração (opcional)',
  `sync_status` enum('pendente','sincronizado','erro') DEFAULT 'pendente',
  `sync_data` timestamp NOT NULL DEFAULT current_timestamp(),
  `sync_hash` varchar(32) DEFAULT NULL,
  `created_at` timestamp NOT NULL DEFAULT current_timestamp(),
  `updated_at` timestamp NOT NULL DEFAULT current_timestamp() ON UPDATE current_timestamp(),
  `deleted_at` timestamp NULL DEFAULT NULL,
  PRIMARY KEY (`id`),
  UNIQUE KEY `usuario_papel_empresa` (`usuario_id`,`papel_id`,`empresa_id`),
  KEY `idx_usuario_id` (`usuario_id`),
  KEY `idx_papel_id` (`papel_id`),
  KEY `idx_empresa_id` (`empresa_id`),
  KEY `idx_sync` (`sync_status`,`sync_data`),
  CONSTRAINT `fk_up_empresa` FOREIGN KEY (`empresa_id`) REFERENCES `meufinanceiro`.`empresas` (`id`) ON DELETE CASCADE,
  CONSTRAINT `fk_up_papel` FOREIGN KEY (`papel_id`) REFERENCES `meufinanceiro`.`empresa_papeis` (`id`) ON DELETE CASCADE,
  CONSTRAINT `fk_up_usuario` FOREIGN KEY (`usuario_id`) REFERENCES `meufinanceiro`.`empresa_usuarios` (`id`) ON DELETE CASCADE
) ENGINE=InnoDB AUTO_INCREMENT=8 DEFAULT CHARSET=utf8mb4 COLLATE=utf8mb4_unicode_ci;

#
# Data for table "empresa_usuario_papeis"
#

INSERT INTO `empresa_usuario_papeis` VALUES (1,1,7,1,0,NULL,'2025-07-31 20:15:26',NULL,'pendente','2025-07-31 20:15:26',NULL,'2025-07-31 20:15:26','2025-07-31 20:27:23',NULL),(2,3,12,1,1,NULL,'2025-07-31 20:15:26',NULL,'pendente','2025-07-31 20:15:26',NULL,'2025-07-31 20:15:26','2025-07-31 20:15:26',NULL),(3,5,12,1,1,NULL,'2025-07-31 20:15:26',NULL,'pendente','2025-07-31 20:15:26',NULL,'2025-07-31 20:15:26','2025-07-31 20:15:26',NULL),(4,1,10,1,1,NULL,'2025-07-31 20:15:26',NULL,'pendente','2025-07-31 20:15:26',NULL,'2025-07-31 20:15:26','2025-07-31 20:15:26',NULL),(10,2,2,1,1,NULL,'2025-07-31 20:21:43',NULL,'pendente','2025-07-31 20:21:43',NULL,'2025-07-31 20:21:43','2025-07-31 20:21:43',NULL);

#
# Structure for table "empresa_config_seguranca"
#

DROP TABLE IF EXISTS `meufinanceiro`.`empresa_config_seguranca`;
CREATE TABLE `meufinanceiro`.`empresa_config_seguranca` (
  `id` int(11) NOT NULL AUTO_INCREMENT,
  `empresa_id` int(11) NOT NULL,
  `senha_tamanho_minimo` int(11) NOT NULL DEFAULT 8,
  `senha_exigir_maiuscula` tinyint(1) NOT NULL DEFAULT 1,
  `senha_exigir_numero` tinyint(1) NOT NULL DEFAULT 1,
  `senha_exigir_especial` tinyint(1) NOT NULL DEFAULT 1,
  `senha_validade_dias` int(11) DEFAULT 90 COMMENT 'NULL = sem expiração',
  `max_tentativas_falhas` int(11) NOT NULL DEFAULT 5,
  `tempo_bloqueio_minutos` int(11) NOT NULL DEFAULT 30,
  `tempo_sessao_minutos` int(11) NOT NULL DEFAULT 120,
  `autenticacao_dois_fatores` tinyint(1) NOT NULL DEFAULT 0,
  `restricao_ip` tinyint(1) NOT NULL DEFAULT 0,
  `sync_status` enum('pendente','sincronizado','erro') DEFAULT 'pendente',
  `sync_data` timestamp NOT NULL DEFAULT current_timestamp(),
  `sync_hash` varchar(32) DEFAULT NULL,
  `created_at` timestamp NOT NULL DEFAULT current_timestamp(),
  `updated_at` timestamp NOT NULL DEFAULT current_timestamp() ON UPDATE current_timestamp(),
  PRIMARY KEY (`id`),
  UNIQUE KEY `empresa_id` (`empresa_id`),
  KEY `idx_sync` (`sync_status`,`sync_data`),
  CONSTRAINT `fk_seguranca_empresa` FOREIGN KEY (`empresa_id`) REFERENCES `meufinanceiro`.`empresas` (`id`) ON DELETE CASCADE
) ENGINE=InnoDB DEFAULT CHARSET=utf8mb4 COLLATE=utf8mb4_unicode_ci;

#
# Data for table "empresa_config_seguranca"
#

INSERT INTO `empresa_config_seguranca` VALUES (1,1,8,1,1,1,90,5,30,120,0,0,'pendente','2025-07-31 20:19:47',NULL,'2025-07-31 20:19:47','2025-07-31 20:19:47');

#
# Structure for table "empresa_cnaes"
#

DROP TABLE IF EXISTS `meufinanceiro`.`empresa_cnaes`;
CREATE TABLE `meufinanceiro`.`empresa_cnaes` (
  `id` int(11) NOT NULL AUTO_INCREMENT,
  `empresa_id` int(11) NOT NULL,
  `cnae` varchar(10) NOT NULL,
  `descricao` varchar(255) DEFAULT NULL,
  `principal` tinyint(1) DEFAULT 0,
  `sync_data` timestamp NOT NULL DEFAULT current_timestamp(),
  `sync_hash` varchar(32) DEFAULT NULL,
  `sync_status` enum('pendente','sincronizado','erro') DEFAULT 'pendente',
  `created_at` timestamp NOT NULL DEFAULT current_timestamp(),
  `updated_at` timestamp NOT NULL DEFAULT current_timestamp() ON UPDATE current_timestamp(),
  PRIMARY KEY (`id`),
  KEY `empresa_id` (`empresa_id`),
  CONSTRAINT `fk_empresa_cnaes_empresa` FOREIGN KEY (`empresa_id`) REFERENCES `meufinanceiro`.`empresas` (`id`)
) ENGINE=InnoDB DEFAULT CHARSET=utf8 COLLATE=utf8_unicode_ci ROW_FORMAT=DYNAMIC;

#
# Data for table "empresa_cnaes"
#


#
# Structure for table "empresa_certificados"
#

DROP TABLE IF EXISTS `meufinanceiro`.`empresa_certificados`;
CREATE TABLE `meufinanceiro`.`empresa_certificados` (
  `id` int(11) NOT NULL AUTO_INCREMENT,
  `empresa_id` int(11) NOT NULL,
  `tipo` enum('e-CNPJ','e-CPF','NF-e','NFC-e') NOT NULL,
  `data_validade` date NOT NULL,
  `senha` varchar(255) DEFAULT NULL,
  `caminho_arquivo` varchar(255) DEFAULT NULL,
  `ativo` tinyint(1) DEFAULT 1,
  `sync_data` timestamp NOT NULL DEFAULT current_timestamp(),
  `sync_hash` varchar(32) DEFAULT NULL,
  `sync_status` enum('pendente','sincronizado','erro') DEFAULT 'pendente',
  `created_at` timestamp NOT NULL DEFAULT current_timestamp(),
  `updated_at` timestamp NOT NULL DEFAULT current_timestamp() ON UPDATE current_timestamp(),
  PRIMARY KEY (`id`),
  KEY `empresa_id` (`empresa_id`),
  CONSTRAINT `fk_empresa_certificados_empresa` FOREIGN KEY (`empresa_id`) REFERENCES `meufinanceiro`.`empresas` (`id`)
) ENGINE=InnoDB DEFAULT CHARSET=utf8 COLLATE=utf8_unicode_ci ROW_FORMAT=DYNAMIC;

#
# Data for table "empresa_certificados"
#


#
# Structure for table "empresa_cache"
#

DROP TABLE IF EXISTS `meufinanceiro`.`empresa_cache`;
CREATE TABLE `meufinanceiro`.`empresa_cache` (
  `id` int(11) NOT NULL AUTO_INCREMENT,
  `empresa_id` int(11) NOT NULL,
  `key` varchar(255) NOT NULL,
  `value` mediumtext NOT NULL,
  `expiration` int(11) NOT NULL,
  `created_at` timestamp NOT NULL DEFAULT current_timestamp(),
  `updated_at` timestamp NOT NULL DEFAULT current_timestamp() ON UPDATE current_timestamp(),
  `sync_status` enum('pendente','sincronizado','erro') DEFAULT 'pendente',
  `sync_data` timestamp NOT NULL DEFAULT current_timestamp(),
  `sync_hash` varchar(32) DEFAULT NULL,
  PRIMARY KEY (`id`),
  UNIQUE KEY `empresa_key` (`empresa_id`,`key`),
  KEY `idx_empresa_id` (`empresa_id`),
  KEY `idx_expiration` (`expiration`),
  KEY `idx_sync` (`sync_status`,`sync_data`),
  CONSTRAINT `fk_cache_empresa` FOREIGN KEY (`empresa_id`) REFERENCES `meufinanceiro`.`empresas` (`id`) ON DELETE CASCADE
) ENGINE=InnoDB DEFAULT CHARSET=utf8mb4 COLLATE=utf8mb4_unicode_ci;

#
# Data for table "empresa_cache"
#


#
# Structure for table "ficha_tecnica_categorias"
#

DROP TABLE IF EXISTS `meufinanceiro`.`ficha_tecnica_categorias`;
CREATE TABLE `meufinanceiro`.`ficha_tecnica_categorias` (
  `id` int(11) unsigned NOT NULL AUTO_INCREMENT,
  `nome` varchar(255) NOT NULL,
  `created_at` timestamp NOT NULL DEFAULT current_timestamp(),
  `updated_at` timestamp NOT NULL DEFAULT current_timestamp() ON UPDATE current_timestamp(),
  `empresa_id` int(11) NOT NULL,
  `sync_data` timestamp NOT NULL DEFAULT current_timestamp(),
  `sync_hash` varchar(32) CHARACTER SET utf8 COLLATE utf8_unicode_ci DEFAULT NULL,
  `sync_status` enum('pendente','sincronizado','erro') CHARACTER SET utf8 COLLATE utf8_unicode_ci DEFAULT 'pendente',
  PRIMARY KEY (`id`),
  UNIQUE KEY `nome` (`nome`)
) ENGINE=InnoDB DEFAULT CHARSET=utf8mb4 COLLATE=utf8mb4_unicode_ci ROW_FORMAT=DYNAMIC;

#
# Data for table "ficha_tecnica_categorias"
#


#
# Structure for table "forma_pag_bandeiras"
#

DROP TABLE IF EXISTS `meufinanceiro`.`forma_pag_bandeiras`;
CREATE TABLE `meufinanceiro`.`forma_pag_bandeiras` (
  `id` int(11) NOT NULL AUTO_INCREMENT,
  `nome` varchar(100) NOT NULL,
  `dias_para_receber` int(11) NOT NULL,
  `taxa` decimal(5,2) NOT NULL,
  `ativo` tinyint(1) DEFAULT 1,
  `created_at` timestamp NOT NULL DEFAULT current_timestamp(),
  `updated_at` timestamp NOT NULL DEFAULT current_timestamp() ON UPDATE current_timestamp(),
  `empresa_id` int(11) NOT NULL,
  `sync_data` timestamp NOT NULL DEFAULT current_timestamp(),
  `sync_hash` varchar(32) DEFAULT NULL,
  `sync_status` enum('pendente','sincronizado','erro') DEFAULT 'pendente',
  PRIMARY KEY (`id`)
) ENGINE=InnoDB AUTO_INCREMENT=11 DEFAULT CHARSET=utf8 COLLATE=utf8_unicode_ci ROW_FORMAT=DYNAMIC;

#
# Data for table "forma_pag_bandeiras"
#

INSERT INTO `forma_pag_bandeiras` VALUES (1,'Cartão Visa / Master',30,1.70,1,'2025-04-18 06:14:45','2025-07-23 17:27:39',1,'2025-07-23 05:10:00',NULL,'pendente'),(2,'teste',0,0.00,0,'2025-04-18 06:15:03','2025-07-23 07:59:04',1,'2025-07-23 05:10:00',NULL,'pendente'),(3,'MasterCard',30,1.50,0,'2025-04-18 06:18:08','2025-07-23 07:59:04',1,'2025-07-23 05:10:00',NULL,'pendente'),(4,'Pix',0,1.00,1,'2025-04-18 06:18:22','2025-07-23 07:59:04',1,'2025-07-23 05:10:00',NULL,'pendente'),(5,'Dinheiro',0,0.00,1,'2025-04-21 07:58:17','2025-07-23 07:59:05',1,'2025-07-23 05:10:00',NULL,'pendente'),(6,'PIX ONLINE',1,1.00,1,'2025-04-22 03:38:49','2025-07-23 07:59:05',1,'2025-07-23 05:10:00',NULL,'pendente'),(7,'PAGAMENTO ONLINE ',1,1.50,1,'2025-04-22 03:39:14','2025-07-23 07:59:05',1,'2025-07-23 05:10:00',NULL,'pendente'),(8,'cartão online mais delivery',0,0.00,0,'2025-04-23 03:28:50','2025-07-23 07:59:06',1,'2025-07-23 05:10:00',NULL,'pendente'),(9,'cartao online alloy',0,0.00,0,'2025-04-23 03:29:01','2025-07-23 07:59:06',1,'2025-07-23 05:10:00',NULL,'pendente'),(10,'Fiado',30,0.00,1,'2025-06-04 15:31:38','2025-07-23 07:59:06',1,'2025-07-23 05:10:00',NULL,'pendente');

#
# Structure for table "forma_pagamento_bandeiras"
#

DROP TABLE IF EXISTS `meufinanceiro`.`forma_pagamento_bandeiras`;
CREATE TABLE `meufinanceiro`.`forma_pagamento_bandeiras` (
  `id` int(11) NOT NULL AUTO_INCREMENT,
  `forma_pagamento_id` int(11) NOT NULL,
  `forma_pag_bandeira_id` int(11) NOT NULL,
  `empresa_id` int(11) DEFAULT NULL,
  `sync_hash` varchar(64) DEFAULT NULL,
  `sync_status` enum('pendente','sincronizado') DEFAULT 'pendente',
  `sync_data` timestamp NOT NULL DEFAULT current_timestamp(),
  `sync_status_copy` enum('pendente','sincronizado','erro') DEFAULT 'pendente',
  `created_at` timestamp NOT NULL DEFAULT current_timestamp(),
  `updated_at` timestamp NOT NULL DEFAULT current_timestamp() ON UPDATE current_timestamp(),
  PRIMARY KEY (`id`),
  KEY `idx_sync` (`sync_status`,`sync_data`)
) ENGINE=InnoDB AUTO_INCREMENT=19 DEFAULT CHARSET=utf8 COLLATE=utf8_unicode_ci ROW_FORMAT=DYNAMIC;

#
# Data for table "forma_pagamento_bandeiras"
#

INSERT INTO `forma_pagamento_bandeiras` VALUES (4,1,1,1,NULL,'pendente','2025-07-23 05:10:00','pendente','2025-07-23 04:58:08','2025-07-23 04:58:08'),(6,1,4,1,NULL,'pendente','2025-07-23 05:10:00','pendente','2025-07-23 04:58:08','2025-07-23 04:58:08'),(7,4,4,1,NULL,'pendente','2025-07-23 05:10:00','pendente','2025-07-23 04:58:08','2025-07-23 04:58:08'),(8,3,5,1,NULL,'pendente','2025-07-23 05:10:00','pendente','2025-07-23 04:58:08','2025-07-23 04:58:08'),(11,5,7,1,NULL,'pendente','2025-07-23 05:10:00','pendente','2025-07-23 04:58:08','2025-07-23 04:58:08'),(12,6,6,1,NULL,'pendente','2025-07-23 05:10:00','pendente','2025-07-23 04:58:08','2025-07-23 04:58:08'),(13,6,7,1,NULL,'pendente','2025-07-23 05:10:00','pendente','2025-07-23 04:58:08','2025-07-23 04:58:08'),(14,5,1,1,NULL,'pendente','2025-07-23 05:10:00','pendente','2025-07-23 04:58:08','2025-07-23 04:58:08'),(15,5,4,1,NULL,'pendente','2025-07-23 05:10:00','pendente','2025-07-23 04:58:08','2025-07-23 04:58:08'),(16,6,1,1,NULL,'pendente','2025-07-23 05:10:00','pendente','2025-07-23 04:58:08','2025-07-23 04:58:08'),(18,7,10,1,NULL,'pendente','2025-07-23 05:10:00','pendente','2025-07-23 04:58:08','2025-07-23 04:58:08');

#
# Structure for table "formas_pagamento"
#

DROP TABLE IF EXISTS `meufinanceiro`.`formas_pagamento`;
CREATE TABLE `meufinanceiro`.`formas_pagamento` (
  `id` int(11) unsigned NOT NULL AUTO_INCREMENT,
  `nome` varchar(100) NOT NULL,
  `ativo` tinyint(1) NOT NULL DEFAULT 1,
  `created_at` timestamp NOT NULL DEFAULT current_timestamp(),
  `updated_at` timestamp NOT NULL DEFAULT current_timestamp() ON UPDATE current_timestamp(),
  `empresa_id` int(11) NOT NULL,
  `origem` enum('pdv','sistema','delivery') NOT NULL DEFAULT 'sistema',
  `tipo` enum('pagamento','recebimento') NOT NULL DEFAULT 'pagamento',
  `sync_hash` varchar(64) DEFAULT NULL,
  `sync_status` enum('pendente','sincronizado') DEFAULT 'pendente',
  `sync_data` timestamp NOT NULL DEFAULT current_timestamp(),
  PRIMARY KEY (`id`),
  KEY `idx_sync` (`sync_status`,`sync_data`)
) ENGINE=InnoDB AUTO_INCREMENT=8 DEFAULT CHARSET=utf8mb4 COLLATE=utf8mb4_unicode_ci ROW_FORMAT=DYNAMIC;

#
# Data for table "formas_pagamento"
#

INSERT INTO `formas_pagamento` VALUES (1,'Cartao de credito',1,'2025-04-18 06:53:11','2025-07-23 17:27:40',1,'sistema','pagamento',NULL,'pendente','2025-07-23 05:10:00'),(2,'teste',0,'2025-04-18 06:53:20','2025-07-23 07:59:07',1,'sistema','pagamento',NULL,'pendente','2025-07-23 05:10:00'),(3,'DINHEIRO',1,'2025-04-18 07:29:32','2025-07-23 07:59:08',1,'sistema','pagamento',NULL,'pendente','2025-07-23 05:10:00'),(4,'PIX MAQUINA ',1,'2025-04-18 07:29:38','2025-07-23 07:59:08',1,'sistema','pagamento',NULL,'pendente','2025-07-23 05:10:00'),(5,'PAGAMENTOS ALLOY',1,'2025-04-22 03:34:03','2025-07-23 07:59:08',1,'sistema','pagamento',NULL,'pendente','2025-07-23 05:10:00'),(6,'PAGAMENTOS MAIS DELIVERY',1,'2025-04-22 03:34:27','2025-07-23 07:59:08',1,'sistema','pagamento',NULL,'pendente','2025-07-23 05:10:00'),(7,'Fiado',1,'2025-06-04 15:32:08','2025-07-23 07:59:09',1,'sistema','pagamento',NULL,'pendente','2025-07-23 05:10:00');

#
# Structure for table "func_recisao"
#

DROP TABLE IF EXISTS `meufinanceiro`.`func_recisao`;
CREATE TABLE `meufinanceiro`.`func_recisao` (
  `id` int(11) NOT NULL AUTO_INCREMENT,
  `funcionario_id` int(11) NOT NULL,
  `empresa_id` int(11) NOT NULL,
  `data_demissao` date NOT NULL,
  `motivo_demissao` text DEFAULT NULL,
  `saldo_salario` decimal(10,2) DEFAULT NULL,
  `decimo_terceiro` decimal(10,2) DEFAULT NULL,
  `ferias_vencidas` decimal(10,2) DEFAULT NULL,
  `ferias_proporcionais` decimal(10,2) DEFAULT NULL,
  `aviso_previo` decimal(10,2) DEFAULT NULL,
  `fgts` decimal(10,2) DEFAULT NULL,
  `fgts_multa` decimal(10,2) DEFAULT NULL,
  `total_rescisao` decimal(10,2) DEFAULT NULL,
  `periodo_trabalho` varchar(100) DEFAULT NULL,
  `periodo_anos` int(11) DEFAULT NULL,
  `periodo_meses` int(11) DEFAULT NULL,
  `periodo_dias` int(11) DEFAULT NULL,
  `criado_em` datetime DEFAULT current_timestamp(),
  `sync_data` timestamp NOT NULL DEFAULT current_timestamp(),
  `sync_hash` varchar(32) DEFAULT NULL,
  `sync_status` enum('pendente','sincronizado','erro') DEFAULT 'pendente',
  `created_at` timestamp NOT NULL DEFAULT current_timestamp(),
  `updated_at` timestamp NOT NULL DEFAULT current_timestamp() ON UPDATE current_timestamp(),
  PRIMARY KEY (`id`)
) ENGINE=InnoDB DEFAULT CHARSET=utf8 COLLATE=utf8_unicode_ci ROW_FORMAT=DYNAMIC;

#
# Data for table "func_recisao"
#


#
# Structure for table "funcionario_cargo"
#

DROP TABLE IF EXISTS `meufinanceiro`.`funcionario_cargo`;
CREATE TABLE `meufinanceiro`.`funcionario_cargo` (
  `id` int(11) NOT NULL AUTO_INCREMENT,
  `nome` varchar(255) NOT NULL,
  `descricao` text DEFAULT NULL,
  `created_at` timestamp NOT NULL DEFAULT current_timestamp(),
  `updated_at` timestamp NOT NULL DEFAULT current_timestamp() ON UPDATE current_timestamp(),
  `departamento_id` int(11) NOT NULL,
  `empresa_id` int(11) NOT NULL,
  `sync_hash` varchar(64) DEFAULT NULL,
  `sync_status` enum('pendente','sincronizado') DEFAULT 'pendente',
  `sync_data` timestamp NOT NULL DEFAULT current_timestamp(),
  PRIMARY KEY (`id`),
  UNIQUE KEY `nome` (`nome`),
  KEY `idx_sync` (`sync_status`,`sync_data`)
) ENGINE=InnoDB AUTO_INCREMENT=8 DEFAULT CHARSET=utf8 COLLATE=utf8_unicode_ci ROW_FORMAT=DYNAMIC;

#
# Data for table "funcionario_cargo"
#

INSERT INTO `funcionario_cargo` VALUES (1,'Chapeiro','Responsável pela chapa e preparo de alimentos','2025-04-15 05:08:59','2025-07-23 17:27:40',1,1,NULL,'pendente','2025-07-23 05:10:00'),(2,'Pizzaiola','Responsável pela cozinha e preparo de pratos','2025-04-15 05:08:59','2025-07-23 07:13:08',1,1,NULL,'pendente','2025-07-23 05:10:00'),(3,'Caixa','Responsável pelo atendimento ao cliente','2025-04-15 05:08:59','2025-07-23 07:13:08',12,1,NULL,'pendente','2025-07-23 05:10:00'),(4,'garçons','Responsável pelo bar e preparo de bebidas','2025-04-15 05:08:59','2025-07-23 07:13:09',2,1,NULL,'pendente','2025-07-23 05:10:00'),(5,'Limpeza','Responsável pela limpeza do ambiente','2025-04-15 05:08:59','2025-07-23 07:13:09',4,1,NULL,'pendente','2025-07-23 05:10:00'),(6,'Copeiro','Responsável pela área de boliche','2025-04-15 05:08:59','2025-07-23 07:13:09',3,1,NULL,'pendente','2025-07-23 05:10:00'),(7,'ENTREGAODR',NULL,'2025-05-02 03:27:58','2025-07-23 07:13:10',13,1,NULL,'pendente','2025-07-23 05:10:00');

#
# Structure for table "funcionario_depart"
#

DROP TABLE IF EXISTS `meufinanceiro`.`funcionario_depart`;
CREATE TABLE `meufinanceiro`.`funcionario_depart` (
  `id` int(11) NOT NULL AUTO_INCREMENT,
  `nome` varchar(255) NOT NULL,
  `descricao` text DEFAULT NULL,
  `created_at` timestamp NOT NULL DEFAULT current_timestamp(),
  `updated_at` timestamp NOT NULL DEFAULT current_timestamp() ON UPDATE current_timestamp(),
  `empresa_id` int(11) NOT NULL,
  `relacionado_producao` tinyint(1) DEFAULT 0,
  `sync_hash` varchar(64) DEFAULT NULL,
  `sync_status` enum('pendente','sincronizado') DEFAULT 'pendente',
  `sync_data` timestamp NOT NULL DEFAULT current_timestamp(),
  PRIMARY KEY (`id`),
  UNIQUE KEY `nome` (`nome`),
  KEY `idx_sync` (`sync_status`,`sync_data`)
) ENGINE=InnoDB AUTO_INCREMENT=14 DEFAULT CHARSET=utf8 COLLATE=utf8_unicode_ci ROW_FORMAT=DYNAMIC;

#
# Data for table "funcionario_depart"
#

INSERT INTO `funcionario_depart` VALUES (1,'Cozinha','Departamento responsável pela preparação de alimentos','2025-04-15 05:53:32','2025-07-23 17:27:41',1,1,NULL,'pendente','2025-07-23 05:10:00'),(2,'Atendimento','Departamento responsável pelo atendimento ao cliente','2025-04-15 05:53:32','2025-07-23 07:13:11',1,0,NULL,'pendente','2025-07-23 05:10:00'),(3,'Bar','Departamento responsável pelo preparo de bebidas','2025-04-15 05:53:32','2025-07-23 07:13:11',1,0,NULL,'pendente','2025-07-23 05:10:00'),(4,'Limpeza','Departamento responsável pela limpeza e organização','2025-04-15 05:53:32','2025-07-23 07:13:11',1,0,NULL,'pendente','2025-07-23 05:10:00'),(5,'Boliche','Departamento responsável pela área de boliche','2025-04-15 05:53:32','2025-07-23 07:13:11',1,0,NULL,'pendente','2025-07-23 05:10:00'),(6,'Área Infantil','Departamento responsável pela recreação infantil','2025-04-15 05:53:32','2025-07-23 07:13:12',1,0,NULL,'pendente','2025-07-23 05:10:00'),(11,'Chapa','','2025-04-20 06:18:03','2025-07-23 07:13:12',1,1,NULL,'pendente','2025-07-23 05:10:00'),(12,'Caixa','','2025-04-20 06:18:52','2025-07-23 07:13:12',1,0,NULL,'pendente','2025-07-23 05:10:00'),(13,'ENTREGAS','','2025-05-02 03:27:46','2025-07-23 07:13:13',1,0,NULL,'pendente','2025-07-23 05:10:00');

#
# Structure for table "funforcli"
#

DROP TABLE IF EXISTS `meufinanceiro`.`funforcli`;
CREATE TABLE `meufinanceiro`.`funforcli` (
  `id` int(11) NOT NULL AUTO_INCREMENT,
  `empresa_id` int(11) DEFAULT NULL,
  `departamento_id` int(11) DEFAULT NULL,
  `cargo_id` int(11) DEFAULT NULL,
  `nome` varchar(255) NOT NULL,
  `sobrenome` varchar(255) DEFAULT NULL,
  `data_nascimento` date DEFAULT NULL,
  `cpf_cnpj` varchar(25) DEFAULT NULL,
  `rg` varchar(25) DEFAULT NULL,
  `telefone` varchar(30) DEFAULT NULL,
  `email` varchar(100) DEFAULT NULL,
  `data_admissao` date DEFAULT NULL,
  `salario` decimal(10,2) DEFAULT NULL,
  `status` varchar(50) DEFAULT NULL,
  `observacoes` text DEFAULT NULL,
  `dia_vencimento` int(11) DEFAULT NULL,
  `tipo_contratacao` enum('CLT','PJ','Diarista','Terceirizado','Estagiário','Entregador') DEFAULT NULL COMMENT 'CLT,PJ,Diarista,Terceirizado,Estagiário,Entregador',
  `data_demissao` date DEFAULT NULL,
  `motivo_demissao` text DEFAULT NULL,
  `conta_bancaria_principal_id` int(11) DEFAULT NULL,
  `ativo` tinyint(1) DEFAULT 1,
  `tipo` enum('funcionario','fornecedor','cliente','entregador') NOT NULL DEFAULT 'funcionario',
  `created_at` timestamp NOT NULL DEFAULT current_timestamp(),
  `updated_at` timestamp NOT NULL DEFAULT current_timestamp() ON UPDATE current_timestamp(),
  `endereco_principal_id` int(11) DEFAULT NULL,
  `fiado_limite` decimal(10,2) DEFAULT NULL,
  `sync_hash` varchar(64) DEFAULT NULL,
  `sync_status` enum('pendente','sincronizado') DEFAULT 'pendente',
  `sync_data` timestamp NOT NULL DEFAULT current_timestamp(),
  PRIMARY KEY (`id`),
  KEY `funforcli_ibfk_conta` (`conta_bancaria_principal_id`),
  KEY `funforcli_ibfk_endereco` (`endereco_principal_id`),
  KEY `idx_sync` (`sync_status`,`sync_data`)
) ENGINE=InnoDB AUTO_INCREMENT=49 DEFAULT CHARSET=utf8 COLLATE=utf8_general_ci ROW_FORMAT=DYNAMIC;

#
# Data for table "funforcli"
#

INSERT INTO `funforcli` VALUES (1,1,3,6,'José ','Aldo santos Bernadino junior','0000-00-00','11','22','','aldo@gmail.com','2025-04-24',1700.00,'ativo','',24,'CLT',NULL,NULL,NULL,1,'funcionario','2025-04-20 06:23:11','2025-07-23 18:27:59',NULL,NULL,NULL,'pendente','2025-07-23 05:10:00'),(4,1,12,3,'Camila ','eduarda','0000-00-00','111','222','','camila@gmail.com','2025-04-11',1800.00,'ativo','',11,'CLT',NULL,NULL,NULL,1,'funcionario','2025-04-20 06:33:33','2025-07-23 07:59:11',NULL,NULL,NULL,'pendente','2025-07-23 05:10:00'),(8,1,1,2,'Jordeane','Fenelon do nascimento','0000-00-00','34','33','','jordeane@gmail.com','2025-04-20',1700.00,'ativo','',20,'CLT',NULL,NULL,NULL,0,'funcionario','2025-04-20 06:41:29','2025-07-23 07:59:12',NULL,NULL,NULL,'pendente','2025-07-23 05:10:00'),(10,1,1,2,'Marisete','stuch','2025-04-20','5455','545455','','Mari@gmail.com','2025-04-20',1500.00,'desativado','',20,'CLT',NULL,NULL,NULL,0,'funcionario','2025-04-20 06:44:11','2025-07-23 07:59:12',NULL,NULL,NULL,'pendente','2025-07-23 05:10:00'),(11,1,1,2,'Jamily','Vitoria belusso','0000-00-00','1122','1222','','jamily@gmail.com','2025-04-20',1700.00,'ativo','',2,'CLT',NULL,NULL,NULL,1,'funcionario','2025-04-20 06:46:24','2025-07-23 07:59:12',NULL,NULL,NULL,'pendente','2025-07-23 05:10:00'),(12,1,12,3,'Tailine ','aparecida','2025-04-10','2366','6577','','tailine@gmail.com','2025-04-10',1518.00,'ativo','',10,'CLT',NULL,NULL,NULL,1,'funcionario','2025-05-02 03:32:19','2025-07-23 07:59:13',NULL,NULL,NULL,'pendente','2025-07-23 05:10:00'),(13,1,1,2,'Gleidiane ','de paula barbosa','2025-04-20','344','445666','','gleidiane@gmail.com','2025-04-01',1700.00,'ativo','',1,'CLT',NULL,NULL,NULL,1,'funcionario','2025-05-02 03:35:50','2025-07-23 07:59:13',NULL,NULL,NULL,'pendente','2025-07-23 05:10:00'),(14,1,11,1,'Eddie','Lima da silva','2025-04-20','676777','67655454','','eddie@gmail.com','2025-04-08',1700.00,'ativo','',8,'CLT',NULL,NULL,NULL,1,'funcionario','2025-05-02 03:41:36','2025-07-23 07:59:13',NULL,NULL,NULL,'pendente','2025-07-23 05:10:00'),(15,1,11,1,'Adhonias','de moura barros','2025-04-20','545433','545454545','','adhonias@gmail.com','2025-04-20',1600.00,'desativado','',20,'CLT',NULL,NULL,NULL,0,'funcionario','2025-05-02 04:50:36','2025-07-23 07:59:13',NULL,NULL,NULL,'pendente','2025-07-23 05:10:00'),(16,1,2,4,'Roaldo ','Dinho','2025-04-20','4888','7766','','dinho@gmail.com','2025-04-13',2000.00,'ativo','',13,'CLT',NULL,NULL,NULL,1,'funcionario','2025-05-02 05:01:03','2025-07-23 07:59:14',NULL,NULL,NULL,'pendente','2025-07-23 05:10:00'),(17,1,2,4,'Pablo','heinrique de souza martins','2025-04-20','5488','5666','','pablo@gmail.com','2025-04-20',1800.00,'ativo','',20,'Diarista',NULL,NULL,NULL,1,'funcionario','2025-05-02 05:02:12','2025-07-23 07:59:14',NULL,NULL,NULL,'pendente','2025-07-23 05:10:00'),(18,1,13,7,'Jhony ','Gama','0000-00-00','1212121','656565','','jhony@gmail.com','2025-05-01',0.00,'ativo','',1,'Entregador',NULL,NULL,NULL,1,'funcionario','2025-05-02 05:06:00','2025-07-23 07:59:14',NULL,300.00,NULL,'pendente','2025-07-23 05:10:00'),(20,1,13,7,'Ricardo','Oliveira da silva','0000-00-00','21212255','21','','ricardo@gmail.com','2025-05-01',0.00,'ativo','',1,'Terceirizado',NULL,NULL,NULL,1,'funcionario','2025-06-02 02:41:15','2025-07-23 07:59:15',NULL,NULL,NULL,'pendente','2025-07-23 05:10:00'),(21,1,1,2,'Lucioano Alexandre','Ferreira','0000-00-00','669998989','5548855','','alexandre@gmail.com','2025-05-01',1600.00,'ativo','',1,'CLT',NULL,NULL,NULL,0,'funcionario','2025-06-03 06:00:54','2025-07-23 07:59:15',NULL,NULL,NULL,'pendente','2025-07-23 05:10:00'),(22,1,12,3,'Anna ','Claudia','0000-00-00','588661','6565468468','','anna@gmail.com','2025-05-01',0.00,'desativado','',1,'Diarista',NULL,NULL,NULL,1,'funcionario','2025-06-07 06:13:54','2025-07-23 07:59:15',NULL,NULL,NULL,'pendente','2025-07-23 05:10:00'),(23,1,2,4,'Carlos','Eduardo pereira ferreira ','0000-00-00','54646131','3146','','carlos@gmail.com','2025-05-01',0.00,'ativo','',1,'Diarista',NULL,NULL,NULL,1,'funcionario','2025-06-10 14:51:55','2025-07-23 07:59:16',NULL,NULL,NULL,'pendente','2025-07-23 05:10:00'),(24,1,13,7,'Omar','stuch','0000-00-00','5445411','5454212','','omar@gmail.com','2025-05-02',0.00,'ativo','',2,'Terceirizado',NULL,NULL,NULL,1,'funcionario','2025-06-11 05:06:06','2025-07-23 07:59:16',NULL,NULL,NULL,'pendente','2025-07-23 05:10:00'),(25,1,2,4,'Maria ','stuch','0000-00-00','4522233','2115454','','maria@gmail.com','2025-05-02',0.00,'desativado','',2,'Diarista',NULL,NULL,NULL,1,'funcionario','2025-06-11 05:08:56','2025-07-23 07:59:16',NULL,NULL,NULL,'pendente','2025-07-23 05:10:00'),(26,1,2,4,'Sabrina','sampaio','0000-00-00','5454548787','65646446','','Sabrina@gmail.com','2025-05-02',0.00,'ativo','',2,'Diarista',NULL,NULL,NULL,1,'funcionario','2025-06-12 05:21:32','2025-07-23 07:59:16',NULL,NULL,NULL,'pendente','2025-07-23 05:10:00'),(28,1,1,2,'Daniel ','Coutrin','0000-00-00','000000000','008800','','daniel@gmail.com','2025-05-28',1700.00,'ativo','',28,'CLT',NULL,NULL,NULL,1,'funcionario','2025-06-02 02:41:15','2025-07-23 07:59:17',NULL,NULL,NULL,'pendente','2025-07-23 05:10:00'),(29,1,11,1,'Mikael','souza aguiar','0000-00-00','000000005','000555','','mikael@gmail.com','2025-06-03',0.00,'ativo','',3,'Diarista',NULL,NULL,NULL,1,'funcionario','2025-06-03 06:00:54','2025-07-23 07:59:17',NULL,NULL,NULL,'pendente','2025-07-23 05:10:00'),(33,1,1,2,'Elizangela','de lima','0000-00-00','0080000553','545454','','elizangela@gmail.com','2025-06-07',0.00,'ativo','',7,'Diarista',NULL,NULL,NULL,1,'funcionario','2025-06-07 06:13:54','2025-07-23 07:59:17',NULL,NULL,NULL,'pendente','2025-07-23 05:10:00'),(34,1,2,4,'Kauan ','lemes da silva','0000-00-00','54545484','5454858','','kauan@gmail.com','2025-05-06',1518.00,'ativo','',6,'CLT',NULL,NULL,NULL,1,'funcionario','2025-06-10 14:51:55','2025-07-23 07:59:18',NULL,NULL,NULL,'pendente','2025-07-23 05:10:00'),(35,1,1,2,'Joana','w','0000-00-00','454888884','5454454522','','joana@gmail.com','2025-06-09',1700.00,'ativo','',9,'CLT',NULL,NULL,NULL,1,'funcionario','2025-06-11 05:06:06','2025-07-23 07:59:18',NULL,NULL,NULL,'pendente','2025-07-23 05:10:00'),(36,1,4,5,'Jardeane ','Lima e silva','0000-00-00','6558564','656565533','','Jardeane@gmail.com','2025-06-05',1600.00,'ativo','',5,'CLT',NULL,NULL,NULL,1,'funcionario','2025-06-11 05:08:56','2025-07-23 07:59:18',NULL,NULL,NULL,'pendente','2025-07-23 05:10:00'),(37,1,11,4,'Jailson ','w','0000-00-00','212122','2121225','','jailson@gmail.com','2025-06-12',0.00,'ativo','',12,'Diarista',NULL,NULL,NULL,1,'funcionario','2025-06-12 05:21:32','2025-07-23 07:59:19',NULL,NULL,NULL,'pendente','2025-07-23 05:10:00'),(38,1,NULL,NULL,'Joao mussarela',NULL,NULL,'2121555',NULL,'','',NULL,NULL,'ativo','',NULL,NULL,NULL,NULL,NULL,1,'fornecedor','2025-06-17 07:07:20','2025-07-23 07:59:19',NULL,NULL,NULL,'pendente','2025-07-23 05:10:00'),(39,1,NULL,NULL,'Mazinho',NULL,NULL,'02041101148',NULL,'6566565656','12@gmail.com',NULL,NULL,'ativo','wswsws',NULL,NULL,NULL,NULL,NULL,1,'cliente','2025-06-17 07:07:56','2025-07-23 07:59:19',NULL,NULL,NULL,'pendente','2025-07-23 05:10:00'),(40,1,NULL,NULL,'Mercado ( GERAL )',NULL,NULL,'549996',NULL,'','',NULL,NULL,'ativo','',NULL,NULL,NULL,NULL,NULL,1,'fornecedor','2025-06-17 07:08:39','2025-07-23 07:59:19',NULL,NULL,NULL,'pendente','2025-07-23 05:10:00'),(41,1,NULL,NULL,'unigas gas e agua',NULL,NULL,'558787542',NULL,'','',NULL,NULL,'ativo','',NULL,NULL,NULL,NULL,NULL,1,'fornecedor','2025-06-17 19:49:44','2025-07-23 07:59:20',NULL,NULL,NULL,'pendente','2025-07-23 05:10:00'),(42,1,NULL,NULL,'Polpa maisa foods',NULL,NULL,'21665656',NULL,'','',NULL,NULL,'ativo','',NULL,NULL,NULL,NULL,NULL,1,'fornecedor','2025-06-17 20:21:56','2025-07-23 07:59:20',NULL,NULL,NULL,'pendente','2025-07-23 05:10:00'),(43,1,NULL,NULL,'DISTRIBUIDORA CRUZEIRO Ambev',NULL,NULL,'3232666',NULL,'','',NULL,NULL,'ativo','',NULL,NULL,NULL,NULL,NULL,1,'fornecedor','2025-06-17 21:27:18','2025-07-23 07:59:20',NULL,NULL,NULL,'pendente','2025-07-23 05:10:00'),(44,1,NULL,NULL,'coca ',NULL,NULL,'12122',NULL,'','',NULL,NULL,'ativo','',NULL,NULL,NULL,NULL,NULL,1,'fornecedor','2025-06-19 18:59:44','2025-07-23 07:59:21',NULL,NULL,NULL,'pendente','2025-07-23 05:10:00'),(45,1,NULL,NULL,'IMPRERADOR EMBALAGENS ',NULL,NULL,'5656599',NULL,'','',NULL,NULL,'ativo','',NULL,NULL,NULL,NULL,NULL,1,'fornecedor','2025-06-19 19:14:44','2025-07-23 07:59:21',NULL,NULL,NULL,'pendente','2025-07-23 05:10:00'),(46,1,NULL,NULL,'CASA DA EMBALAGEM ',NULL,NULL,'87845454',NULL,'','',NULL,NULL,'ativo','',NULL,NULL,NULL,NULL,NULL,1,'fornecedor','2025-06-19 19:15:00','2025-07-23 07:59:21',NULL,NULL,NULL,'pendente','2025-07-23 05:10:00'),(48,1,13,7,'ROGERIO','MARQUES','0000-00-00','665656','32323','','rogerio@gmail.com','2025-06-23',0.00,'ativo','',23,'Entregador',NULL,NULL,NULL,1,'funcionario','2025-06-23 07:39:11','2025-07-23 07:59:21',NULL,300.00,NULL,'pendente','2025-07-23 05:10:00');

#
# Structure for table "funforcli_contas_bancarias"
#

DROP TABLE IF EXISTS `meufinanceiro`.`funforcli_contas_bancarias`;
CREATE TABLE `meufinanceiro`.`funforcli_contas_bancarias` (
  `id` int(11) NOT NULL AUTO_INCREMENT,
  `cliente_id` int(11) NOT NULL COMMENT 'Referência ao cliente na tabela funforcli',
  `banco` varchar(100) NOT NULL,
  `codigo_banco` varchar(10) DEFAULT NULL,
  `agencia` varchar(20) NOT NULL,
  `conta` varchar(30) NOT NULL,
  `tipo_conta` enum('corrente','poupanca','salario','investimento') NOT NULL DEFAULT 'corrente',
  `operacao` varchar(10) DEFAULT NULL COMMENT 'Para contas que exigem campo de operação',
  `titular` varchar(255) NOT NULL,
  `cpf_cnpj_titular` varchar(20) NOT NULL,
  `principal` tinyint(1) DEFAULT 0 COMMENT 'Indica se é a conta principal',
  `observacoes` text DEFAULT NULL,
  `created_at` timestamp NOT NULL DEFAULT current_timestamp(),
  `updated_at` timestamp NOT NULL DEFAULT current_timestamp() ON UPDATE current_timestamp(),
  `empresa_id` int(11) NOT NULL COMMENT 'Empresa a que pertence este registro',
  `sync_data` timestamp NOT NULL DEFAULT current_timestamp(),
  `sync_hash` varchar(32) CHARACTER SET utf8 COLLATE utf8_unicode_ci DEFAULT NULL,
  `sync_status` enum('pendente','sincronizado','erro') CHARACTER SET utf8 COLLATE utf8_unicode_ci DEFAULT 'pendente',
  PRIMARY KEY (`id`),
  KEY `cliente_id` (`cliente_id`),
  CONSTRAINT `fk_contas_bancarias_cliente` FOREIGN KEY (`cliente_id`) REFERENCES `meufinanceiro`.`funforcli` (`id`) ON DELETE CASCADE
) ENGINE=InnoDB DEFAULT CHARSET=utf8mb4 COLLATE=utf8mb4_unicode_ci ROW_FORMAT=DYNAMIC;

#
# Data for table "funforcli_contas_bancarias"
#


#
# Structure for table "funforcli_enderecos"
#

DROP TABLE IF EXISTS `meufinanceiro`.`funforcli_enderecos`;
CREATE TABLE `meufinanceiro`.`funforcli_enderecos` (
  `id` int(11) NOT NULL AUTO_INCREMENT,
  `funforcli_id` int(11) NOT NULL DEFAULT 0 COMMENT 'Referência ao cliente na tabela funforcli',
  `tipo` enum('residencial','comercial','cobranca','entrega','outro') NOT NULL DEFAULT 'residencial',
  `cep` varchar(10) NOT NULL,
  `rua` varchar(255) NOT NULL,
  `numero` varchar(20) NOT NULL,
  `complemento` varchar(100) DEFAULT NULL,
  `bairro` varchar(100) NOT NULL,
  `cidade` varchar(100) NOT NULL,
  `uf` varchar(2) NOT NULL,
  `pais` varchar(50) DEFAULT 'Brasil',
  `principal` tinyint(1) DEFAULT 0 COMMENT 'Indica se é o endereço principal',
  `observacoes` text DEFAULT NULL,
  `created_at` timestamp NOT NULL DEFAULT current_timestamp(),
  `updated_at` timestamp NOT NULL DEFAULT current_timestamp() ON UPDATE current_timestamp(),
  `empresa_id` int(11) NOT NULL COMMENT 'Empresa a que pertence este registro',
  `sync_hash` varchar(64) DEFAULT NULL,
  `sync_status` enum('pendente','sincronizado') DEFAULT 'pendente',
  `sync_data` timestamp NOT NULL DEFAULT current_timestamp(),
  PRIMARY KEY (`id`),
  KEY `cliente_id` (`funforcli_id`),
  KEY `idx_sync` (`sync_status`,`sync_data`),
  CONSTRAINT `fk_enderecos_funforcli` FOREIGN KEY (`funforcli_id`) REFERENCES `meufinanceiro`.`funforcli` (`id`) ON DELETE CASCADE
) ENGINE=InnoDB AUTO_INCREMENT=3 DEFAULT CHARSET=utf8mb4 COLLATE=utf8mb4_unicode_ci ROW_FORMAT=DYNAMIC;

#
# Data for table "funforcli_enderecos"
#

INSERT INTO `funforcli_enderecos` VALUES (1,39,'residencial','78878787','av bandeirantes','1247','21212','comcordia','paranatinga','MT','Brasil',0,'','2025-07-06 18:38:20','2025-07-23 17:27:43',1,NULL,'pendente','2025-07-23 05:10:00'),(2,39,'residencial','78870000','wsws','121','21','2121','21','MM','Brasil',0,'','2025-07-09 05:52:05','2025-07-23 07:59:23',1,NULL,'pendente','2025-07-23 05:10:00');

#
# Structure for table "funforcli_pagamentos_planos"
#

DROP TABLE IF EXISTS `meufinanceiro`.`funforcli_pagamentos_planos`;
CREATE TABLE `meufinanceiro`.`funforcli_pagamentos_planos` (
  `id` int(11) NOT NULL AUTO_INCREMENT,
  `usuario_id` int(11) NOT NULL,
  `plano_tipo` varchar(20) NOT NULL,
  `valor` decimal(10,2) NOT NULL,
  `status_pagamento` enum('pendente','aprovado','cancelado','estornado') DEFAULT 'pendente',
  `metodo_pagamento` varchar(50) DEFAULT NULL,
  `transaction_id` varchar(100) DEFAULT NULL,
  `gateway_response` longtext DEFAULT NULL,
  `data_pagamento` timestamp NOT NULL DEFAULT current_timestamp(),
  `data_vencimento` date DEFAULT NULL,
  `observacoes` text DEFAULT NULL,
  `sync_data` timestamp NOT NULL DEFAULT current_timestamp(),
  `sync_hash` varchar(32) CHARACTER SET utf8 COLLATE utf8_unicode_ci DEFAULT NULL,
  `sync_status` enum('pendente','sincronizado','erro') CHARACTER SET utf8 COLLATE utf8_unicode_ci DEFAULT 'pendente',
  `created_at` timestamp NOT NULL DEFAULT current_timestamp(),
  `updated_at` timestamp NOT NULL DEFAULT current_timestamp() ON UPDATE current_timestamp(),
  PRIMARY KEY (`id`),
  UNIQUE KEY `transaction_id` (`transaction_id`),
  KEY `idx_status_pagamento` (`status_pagamento`),
  KEY `idx_transaction_id` (`transaction_id`),
  KEY `idx_usuario_id` (`usuario_id`)
) ENGINE=InnoDB DEFAULT CHARSET=utf8 COLLATE=utf8_general_ci ROW_FORMAT=DYNAMIC;

#
# Data for table "funforcli_pagamentos_planos"
#


#
# Structure for table "funforcli_planos_historico"
#

DROP TABLE IF EXISTS `meufinanceiro`.`funforcli_planos_historico`;
CREATE TABLE `meufinanceiro`.`funforcli_planos_historico` (
  `id` int(11) NOT NULL AUTO_INCREMENT,
  `usuario_id` int(11) NOT NULL,
  `plano_anterior` varchar(20) DEFAULT NULL,
  `plano_novo` varchar(20) NOT NULL,
  `valor_pago` decimal(10,2) DEFAULT 0.00,
  `metodo_pagamento` varchar(50) DEFAULT NULL,
  `transaction_id` varchar(100) DEFAULT NULL,
  `data_mudanca` timestamp NOT NULL DEFAULT current_timestamp(),
  `observacoes` text DEFAULT NULL,
  `sync_data` timestamp NOT NULL DEFAULT current_timestamp(),
  `sync_hash` varchar(32) CHARACTER SET utf8 COLLATE utf8_unicode_ci DEFAULT NULL,
  `sync_status` enum('pendente','sincronizado','erro') CHARACTER SET utf8 COLLATE utf8_unicode_ci DEFAULT 'pendente',
  `created_at` timestamp NOT NULL DEFAULT current_timestamp(),
  `updated_at` timestamp NOT NULL DEFAULT current_timestamp() ON UPDATE current_timestamp(),
  PRIMARY KEY (`id`),
  KEY `idx_data_mudanca` (`data_mudanca`),
  KEY `idx_usuario_id` (`usuario_id`)
) ENGINE=InnoDB DEFAULT CHARSET=utf8 COLLATE=utf8_general_ci ROW_FORMAT=DYNAMIC;

#
# Data for table "funforcli_planos_historico"
#


#
# Structure for table "impressao_logs"
#

DROP TABLE IF EXISTS `meufinanceiro`.`impressao_logs`;
CREATE TABLE `meufinanceiro`.`impressao_logs` (
  `id` int(11) NOT NULL AUTO_INCREMENT,
  `impressao_id` int(11) NOT NULL,
  `acao` enum('impressao','reimpressao','cancelamento','erro','status') NOT NULL,
  `mensagem` text DEFAULT NULL,
  `detalhes` text DEFAULT NULL COMMENT 'Detalhes técnicos em JSON',
  `usuario_id` int(11) DEFAULT NULL COMMENT 'Usuário que realizou a ação',
  `created_at` timestamp NOT NULL DEFAULT current_timestamp(),
  `empresa_id` int(11) DEFAULT NULL,
  `sync_status` enum('pendente','sincronizado','erro') DEFAULT 'pendente',
  `sync_data` timestamp NOT NULL DEFAULT current_timestamp(),
  `sync_hash` varchar(32) DEFAULT NULL,
  `updated_at` timestamp NOT NULL DEFAULT current_timestamp() ON UPDATE current_timestamp(),
  PRIMARY KEY (`id`),
  KEY `idx_sync` (`sync_status`,`sync_data`),
  KEY `impressao_id` (`impressao_id`)
) ENGINE=InnoDB AUTO_INCREMENT=34 DEFAULT CHARSET=utf8mb4 COLLATE=utf8mb4_unicode_ci ROW_FORMAT=DYNAMIC;

#
# Data for table "impressao_logs"
#

INSERT INTO `impressao_logs` VALUES (1,11,'impressao','Falha no teste de impressão','{\"tipo_teste\":\"teste_rapido\",\"impressora_id\":2,\"sucesso\":false,\"mensagem_original\":\"Iniciando teste de impress\\u00e3o\",\"timestamp\":\"2025-07-13 01:15:36\"}',NULL,'2025-07-13 05:15:36',NULL,'pendente','2025-07-23 05:10:00',NULL,'2025-07-23 17:27:44'),(2,11,'erro','Tipo de conexão não suportado: ','{\"tipo_conexao\":\"\",\"erro_detalhado\":[{\"file\":\"C:\\\\xampp\\\\htdocs\\\\meufinanceiro\\\\sistema\\\\app\\\\Controllers\\\\PrinterManager\\\\ImpressorasController.php\",\"line\":361,\"function\":\"testarImpressao\",\"class\":\"App\\\\Models\\\\PrinterManager\\\\Impressora\",\"type\":\"::\",\"args\":[{\"id\":2,\"setor_id\":6,\"nome\":\"CHAPA\",\"identificacao\":\"IMP_CHAPA\",\"marca\":\"EPSON\",\"modelo\":\"T20\",\"ip\":\"192.168.1.53\",\"porta\":9100,\"tipo_conexao\":\"\",\"driver\":\"raw\",\"largura_papel\":80,\"ultima_impressao\":null,\"preferencial\":0,\"ativo\":1,\"configuracao\":null,\"created_at\":\"2025-07-13 00:57:06\",\"updated_at\":\"2025-07-13 01:15:14\",\"empresa_id\":1},\"TESTE DE IMPRESS\\u00c3O\\r\\n===================\\r\\nData: 13\\/07\\/2025 01:15:32Impressora: [NOME]\\r\\n===================\\r\\nEste \\u00e9 um teste de impress\\u00e3o.\\r\\nSe voc\\u00ea conseguir ver esta mensagem,\\r\\na impressora est\\u00e1 funcionando corretamente.\\r\\n===================\"]},{\"function\":\"enviarTesteImpressora\",\"class\":\"App\\\\Controllers\\\\PrinterManager\\\\ImpressorasController\",\"type\":\"->\",\"args\":[]},{\"file\":\"C:\\\\xampp\\\\htdocs\\\\meufinanceiro\\\\sistema\\\\app\\\\Router.php\",\"line\":75,\"function\":\"call_user_func_array\",\"args\":[[{},\"enviarTesteImpressora\"],[]]},{\"file\":\"C:\\\\xampp\\\\htdocs\\\\meufinanceiro\\\\sistema\\\\public\\\\index.php\",\"line\":29,\"function\":\"dispatch\",\"class\":\"App\\\\Router\",\"type\":\"->\",\"args\":[]}],\"status_anterior\":\"falha\",\"novo_status\":\"falha\",\"timestamp\":\"2025-07-13 01:15:36\"}',NULL,'2025-07-13 05:15:36',NULL,'pendente','2025-07-23 05:10:00',NULL,'2025-07-23 07:13:14'),(3,12,'impressao','Falha no teste de impressão','{\"tipo_teste\":\"teste_rapido\",\"impressora_id\":\"2\",\"sucesso\":false,\"mensagem_original\":\"Erro ao testar impress\\u00e3o: Tipo de conex\\u00e3o n\\u00e3o suportado: \",\"timestamp\":\"2025-07-13 01:15:36\"}',NULL,'2025-07-13 05:15:36',NULL,'pendente','2025-07-23 05:10:00',NULL,'2025-07-23 07:13:14'),(4,13,'impressao','Falha no teste de impressão','{\"tipo_teste\":\"teste_rapido\",\"impressora_id\":2,\"sucesso\":false,\"mensagem_original\":\"Iniciando teste de impress\\u00e3o\",\"timestamp\":\"2025-07-13 01:15:37\"}',NULL,'2025-07-13 05:15:37',NULL,'pendente','2025-07-23 05:10:00',NULL,'2025-07-23 07:13:14'),(5,13,'erro','Tipo de conexão não suportado: ','{\"tipo_conexao\":\"\",\"erro_detalhado\":[{\"file\":\"C:\\\\xampp\\\\htdocs\\\\meufinanceiro\\\\sistema\\\\app\\\\Controllers\\\\PrinterManager\\\\ImpressorasController.php\",\"line\":361,\"function\":\"testarImpressao\",\"class\":\"App\\\\Models\\\\PrinterManager\\\\Impressora\",\"type\":\"::\",\"args\":[{\"id\":2,\"setor_id\":6,\"nome\":\"CHAPA\",\"identificacao\":\"IMP_CHAPA\",\"marca\":\"EPSON\",\"modelo\":\"T20\",\"ip\":\"192.168.1.53\",\"porta\":9100,\"tipo_conexao\":\"\",\"driver\":\"raw\",\"largura_papel\":80,\"ultima_impressao\":null,\"preferencial\":0,\"ativo\":1,\"configuracao\":null,\"created_at\":\"2025-07-13 00:57:06\",\"updated_at\":\"2025-07-13 01:15:14\",\"empresa_id\":1},\"TESTE DE IMPRESS\\u00c3O\\r\\n===================\\r\\nData: 13\\/07\\/2025 01:15:32Impressora: [NOME]\\r\\n===================\\r\\nEste \\u00e9 um teste de impress\\u00e3o.\\r\\nSe voc\\u00ea conseguir ver esta mensagem,\\r\\na impressora est\\u00e1 funcionando corretamente.\\r\\n===================\"]},{\"function\":\"enviarTesteImpressora\",\"class\":\"App\\\\Controllers\\\\PrinterManager\\\\ImpressorasController\",\"type\":\"->\",\"args\":[]},{\"file\":\"C:\\\\xampp\\\\htdocs\\\\meufinanceiro\\\\sistema\\\\app\\\\Router.php\",\"line\":75,\"function\":\"call_user_func_array\",\"args\":[[{},\"enviarTesteImpressora\"],[]]},{\"file\":\"C:\\\\xampp\\\\htdocs\\\\meufinanceiro\\\\sistema\\\\public\\\\index.php\",\"line\":29,\"function\":\"dispatch\",\"class\":\"App\\\\Router\",\"type\":\"->\",\"args\":[]}],\"status_anterior\":\"falha\",\"novo_status\":\"falha\",\"timestamp\":\"2025-07-13 01:15:37\"}',NULL,'2025-07-13 05:15:37',NULL,'pendente','2025-07-23 05:10:00',NULL,'2025-07-23 07:13:14'),(6,14,'impressao','Falha no teste de impressão','{\"tipo_teste\":\"teste_rapido\",\"impressora_id\":\"2\",\"sucesso\":false,\"mensagem_original\":\"Erro ao testar impress\\u00e3o: Tipo de conex\\u00e3o n\\u00e3o suportado: \",\"timestamp\":\"2025-07-13 01:15:37\"}',NULL,'2025-07-13 05:15:37',NULL,'pendente','2025-07-23 05:10:00',NULL,'2025-07-23 07:13:15'),(7,15,'impressao','Falha no teste de impressão','{\"tipo_teste\":\"teste_rapido\",\"impressora_id\":1,\"sucesso\":false,\"mensagem_original\":\"Iniciando teste de impress\\u00e3o\",\"timestamp\":\"2025-07-13 01:16:00\"}',NULL,'2025-07-13 05:16:00',NULL,'pendente','2025-07-23 05:10:00',NULL,'2025-07-23 07:13:15'),(8,15,'erro','Tipo de conexão não suportado: ','{\"tipo_conexao\":\"\",\"erro_detalhado\":[{\"file\":\"C:\\\\xampp\\\\htdocs\\\\meufinanceiro\\\\sistema\\\\app\\\\Controllers\\\\PrinterManager\\\\ImpressorasController.php\",\"line\":361,\"function\":\"testarImpressao\",\"class\":\"App\\\\Models\\\\PrinterManager\\\\Impressora\",\"type\":\"::\",\"args\":[{\"id\":1,\"setor_id\":5,\"nome\":\"COZ.PIZZA\",\"identificacao\":\"IMP_COZPIZZA\",\"marca\":\"epson\",\"modelo\":\"t20\",\"ip\":\"192.168.1.51\",\"porta\":9100,\"tipo_conexao\":\"\",\"driver\":\"raw\",\"largura_papel\":80,\"ultima_impressao\":null,\"preferencial\":0,\"ativo\":1,\"configuracao\":null,\"created_at\":\"2025-07-13 00:53:51\",\"updated_at\":\"2025-07-13 01:13:22\",\"empresa_id\":1},\"TESTE DE IMPRESS\\u00c3O\\r\\n===================\\r\\nData: 13\\/07\\/2025 01:15:54Impressora: [NOME]\\r\\n===================\\r\\nEste \\u00e9 um teste de impress\\u00e3o.\\r\\nSe voc\\u00ea conseguir ver esta mensagem,\\r\\na impressora est\\u00e1 funcionando corretamente.\\r\\n===================\"]},{\"function\":\"enviarTesteImpressora\",\"class\":\"App\\\\Controllers\\\\PrinterManager\\\\ImpressorasController\",\"type\":\"->\",\"args\":[]},{\"file\":\"C:\\\\xampp\\\\htdocs\\\\meufinanceiro\\\\sistema\\\\app\\\\Router.php\",\"line\":75,\"function\":\"call_user_func_array\",\"args\":[[{},\"enviarTesteImpressora\"],[]]},{\"file\":\"C:\\\\xampp\\\\htdocs\\\\meufinanceiro\\\\sistema\\\\public\\\\index.php\",\"line\":29,\"function\":\"dispatch\",\"class\":\"App\\\\Router\",\"type\":\"->\",\"args\":[]}],\"status_anterior\":\"falha\",\"novo_status\":\"falha\",\"timestamp\":\"2025-07-13 01:16:00\"}',NULL,'2025-07-13 05:16:00',NULL,'pendente','2025-07-23 05:10:00',NULL,'2025-07-23 07:13:15'),(9,16,'impressao','Falha no teste de impressão','{\"tipo_teste\":\"teste_rapido\",\"impressora_id\":\"1\",\"sucesso\":false,\"mensagem_original\":\"Erro ao testar impress\\u00e3o: Tipo de conex\\u00e3o n\\u00e3o suportado: \",\"timestamp\":\"2025-07-13 01:16:00\"}',NULL,'2025-07-13 05:16:00',NULL,'pendente','2025-07-23 05:10:00',NULL,'2025-07-23 07:13:16'),(10,17,'impressao','Falha no teste de impressão','{\"tipo_teste\":\"teste_rapido\",\"impressora_id\":1,\"sucesso\":false,\"mensagem_original\":\"Iniciando teste de impress\\u00e3o\",\"timestamp\":\"2025-07-13 01:16:52\"}',NULL,'2025-07-13 05:16:52',NULL,'pendente','2025-07-23 05:10:00',NULL,'2025-07-23 07:13:16'),(11,17,'erro','Tipo de conexão não suportado: ','{\"tipo_conexao\":\"\",\"erro_detalhado\":[{\"file\":\"C:\\\\xampp\\\\htdocs\\\\meufinanceiro\\\\sistema\\\\app\\\\Controllers\\\\PrinterManager\\\\ImpressorasController.php\",\"line\":361,\"function\":\"testarImpressao\",\"class\":\"App\\\\Models\\\\PrinterManager\\\\Impressora\",\"type\":\"::\",\"args\":[{\"id\":1,\"setor_id\":5,\"nome\":\"COZ.PIZZA\",\"identificacao\":\"IMP_COZPIZZA\",\"marca\":\"epson\",\"modelo\":\"t20\",\"ip\":\"192.168.1.51\",\"porta\":9100,\"tipo_conexao\":\"\",\"driver\":\"raw\",\"largura_papel\":80,\"ultima_impressao\":null,\"preferencial\":0,\"ativo\":1,\"configuracao\":null,\"created_at\":\"2025-07-13 00:53:51\",\"updated_at\":\"2025-07-13 01:16:47\",\"empresa_id\":1},\"TESTE DE IMPRESS\\u00c3O\\r\\n===================\\r\\nData: 13\\/07\\/2025 01:16:47Impressora: [NOME]\\r\\n===================\\r\\nEste \\u00e9 um teste de impress\\u00e3o.\\r\\nSe voc\\u00ea conseguir ver esta mensagem,\\r\\na impressora est\\u00e1 funcionando corretamente.\\r\\n===================\"]},{\"function\":\"enviarTesteImpressora\",\"class\":\"App\\\\Controllers\\\\PrinterManager\\\\ImpressorasController\",\"type\":\"->\",\"args\":[]},{\"file\":\"C:\\\\xampp\\\\htdocs\\\\meufinanceiro\\\\sistema\\\\app\\\\Router.php\",\"line\":75,\"function\":\"call_user_func_array\",\"args\":[[{},\"enviarTesteImpressora\"],[]]},{\"file\":\"C:\\\\xampp\\\\htdocs\\\\meufinanceiro\\\\sistema\\\\public\\\\index.php\",\"line\":29,\"function\":\"dispatch\",\"class\":\"App\\\\Router\",\"type\":\"->\",\"args\":[]}],\"status_anterior\":\"falha\",\"novo_status\":\"falha\",\"timestamp\":\"2025-07-13 01:16:52\"}',NULL,'2025-07-13 05:16:52',NULL,'pendente','2025-07-23 05:10:00',NULL,'2025-07-23 07:13:16'),(12,18,'impressao','Falha no teste de impressão','{\"tipo_teste\":\"teste_rapido\",\"impressora_id\":\"1\",\"sucesso\":false,\"mensagem_original\":\"Erro ao testar impress\\u00e3o: Tipo de conex\\u00e3o n\\u00e3o suportado: \",\"timestamp\":\"2025-07-13 01:16:52\"}',NULL,'2025-07-13 05:16:52',NULL,'pendente','2025-07-23 05:10:00',NULL,'2025-07-23 07:13:17'),(13,19,'impressao','Falha no teste de impressão','{\"tipo_teste\":\"teste_rapido\",\"impressora_id\":1,\"sucesso\":false,\"mensagem_original\":\"Iniciando teste de impress\\u00e3o\",\"timestamp\":\"2025-07-13 01:22:00\"}',NULL,'2025-07-13 05:22:00',NULL,'pendente','2025-07-23 05:10:00',NULL,'2025-07-23 07:13:17'),(14,19,'erro','Tipo de conexão não suportado: ','{\"tipo_conexao\":\"\",\"erro_detalhado\":[{\"file\":\"C:\\\\xampp\\\\htdocs\\\\meufinanceiro\\\\sistema\\\\app\\\\Controllers\\\\PrinterManager\\\\ImpressorasController.php\",\"line\":361,\"function\":\"testarImpressao\",\"class\":\"App\\\\Models\\\\PrinterManager\\\\Impressora\",\"type\":\"::\",\"args\":[{\"id\":1,\"setor_id\":5,\"nome\":\"COZ.PIZZA\",\"identificacao\":\"IMP_COZPIZZA\",\"marca\":\"epson\",\"modelo\":\"t20\",\"ip\":\"192.168.1.53\",\"porta\":9100,\"tipo_conexao\":\"\",\"driver\":\"raw\",\"largura_papel\":80,\"ultima_impressao\":null,\"preferencial\":0,\"ativo\":1,\"configuracao\":null,\"created_at\":\"2025-07-13 00:53:51\",\"updated_at\":\"2025-07-13 01:21:45\",\"empresa_id\":1},\"TESTE DE IMPRESS\\u00c3O\\r\\n===================\\r\\nData: 13\\/07\\/2025 01:21:55Impressora: [NOME]\\r\\n===================\\r\\nEste \\u00e9 um teste de impress\\u00e3o.\\r\\nSe voc\\u00ea conseguir ver esta mensagem,\\r\\na impressora est\\u00e1 funcionando corretamente.\\r\\n===================\"]},{\"function\":\"enviarTesteImpressora\",\"class\":\"App\\\\Controllers\\\\PrinterManager\\\\ImpressorasController\",\"type\":\"->\",\"args\":[]},{\"file\":\"C:\\\\xampp\\\\htdocs\\\\meufinanceiro\\\\sistema\\\\app\\\\Router.php\",\"line\":75,\"function\":\"call_user_func_array\",\"args\":[[{},\"enviarTesteImpressora\"],[]]},{\"file\":\"C:\\\\xampp\\\\htdocs\\\\meufinanceiro\\\\sistema\\\\public\\\\index.php\",\"line\":29,\"function\":\"dispatch\",\"class\":\"App\\\\Router\",\"type\":\"->\",\"args\":[]}],\"status_anterior\":\"falha\",\"novo_status\":\"falha\",\"timestamp\":\"2025-07-13 01:22:00\"}',NULL,'2025-07-13 05:22:00',NULL,'pendente','2025-07-23 05:10:00',NULL,'2025-07-23 07:13:17'),(15,20,'impressao','Falha no teste de impressão','{\"tipo_teste\":\"teste_rapido\",\"impressora_id\":\"1\",\"sucesso\":false,\"mensagem_original\":\"Erro ao testar impress\\u00e3o: Tipo de conex\\u00e3o n\\u00e3o suportado: \",\"timestamp\":\"2025-07-13 01:22:00\"}',NULL,'2025-07-13 05:22:00',NULL,'pendente','2025-07-23 05:10:00',NULL,'2025-07-23 07:13:17'),(16,21,'impressao','Falha no teste de impressão','{\"tipo_teste\":\"teste_rapido\",\"impressora_id\":1,\"sucesso\":false,\"mensagem_original\":\"Iniciando teste de impress\\u00e3o\",\"timestamp\":\"2025-07-13 01:23:11\"}',NULL,'2025-07-13 05:23:11',NULL,'pendente','2025-07-23 05:10:00',NULL,'2025-07-23 07:13:18'),(17,21,'erro','Tipo de conexão não suportado: ','{\"tipo_conexao\":\"\",\"erro_detalhado\":[{\"file\":\"C:\\\\xampp\\\\htdocs\\\\meufinanceiro\\\\sistema\\\\app\\\\Controllers\\\\PrinterManager\\\\ImpressorasController.php\",\"line\":361,\"function\":\"testarImpressao\",\"class\":\"App\\\\Models\\\\PrinterManager\\\\Impressora\",\"type\":\"::\",\"args\":[{\"id\":1,\"setor_id\":5,\"nome\":\"COZ.PIZZA\",\"identificacao\":\"IMP_COZPIZZA\",\"marca\":\"epson\",\"modelo\":\"t20\",\"ip\":\"192.168.1.53\",\"porta\":9100,\"tipo_conexao\":\"\",\"driver\":\"raw\",\"largura_papel\":80,\"ultima_impressao\":null,\"preferencial\":0,\"ativo\":1,\"configuracao\":null,\"created_at\":\"2025-07-13 00:53:51\",\"updated_at\":\"2025-07-13 01:21:45\",\"empresa_id\":1},\"TESTE DE IMPRESS\\u00c3O\\r\\n===================\\r\\nData: 13\\/07\\/2025 01:21:55Impressora: [NOME]\\r\\n===================\\r\\nEste \\u00e9 um teste de impress\\u00e3o.\\r\\nSe voc\\u00ea conseguir ver esta mensagem,\\r\\na impressora est\\u00e1 funcionando corretamente.\\r\\n===================\"]},{\"function\":\"enviarTesteImpressora\",\"class\":\"App\\\\Controllers\\\\PrinterManager\\\\ImpressorasController\",\"type\":\"->\",\"args\":[]},{\"file\":\"C:\\\\xampp\\\\htdocs\\\\meufinanceiro\\\\sistema\\\\app\\\\Router.php\",\"line\":75,\"function\":\"call_user_func_array\",\"args\":[[{},\"enviarTesteImpressora\"],[]]},{\"file\":\"C:\\\\xampp\\\\htdocs\\\\meufinanceiro\\\\sistema\\\\public\\\\index.php\",\"line\":29,\"function\":\"dispatch\",\"class\":\"App\\\\Router\",\"type\":\"->\",\"args\":[]}],\"status_anterior\":\"falha\",\"novo_status\":\"falha\",\"timestamp\":\"2025-07-13 01:23:11\"}',NULL,'2025-07-13 05:23:11',NULL,'pendente','2025-07-23 05:10:00',NULL,'2025-07-23 07:13:18'),(18,22,'impressao','Falha no teste de impressão','{\"tipo_teste\":\"teste_rapido\",\"impressora_id\":\"1\",\"sucesso\":false,\"mensagem_original\":\"Erro ao testar impress\\u00e3o: Tipo de conex\\u00e3o n\\u00e3o suportado: \",\"timestamp\":\"2025-07-13 01:23:11\"}',NULL,'2025-07-13 05:23:11',NULL,'pendente','2025-07-23 05:10:00',NULL,'2025-07-23 07:13:18'),(19,23,'impressao','Falha no teste de impressão','{\"tipo_teste\":\"teste_rapido\",\"impressora_id\":1,\"sucesso\":false,\"mensagem_original\":\"Iniciando teste de impress\\u00e3o\",\"timestamp\":\"2025-07-13 01:23:18\"}',NULL,'2025-07-13 05:23:18',NULL,'pendente','2025-07-23 05:10:00',NULL,'2025-07-23 07:13:19'),(20,23,'erro','Tipo de conexão não suportado: ','{\"tipo_conexao\":\"\",\"erro_detalhado\":[{\"file\":\"C:\\\\xampp\\\\htdocs\\\\meufinanceiro\\\\sistema\\\\app\\\\Controllers\\\\PrinterManager\\\\ImpressorasController.php\",\"line\":361,\"function\":\"testarImpressao\",\"class\":\"App\\\\Models\\\\PrinterManager\\\\Impressora\",\"type\":\"::\",\"args\":[{\"id\":1,\"setor_id\":5,\"nome\":\"COZ.PIZZA\",\"identificacao\":\"IMP_COZPIZZA\",\"marca\":\"epson\",\"modelo\":\"t20\",\"ip\":\"192.168.1.53\",\"porta\":9100,\"tipo_conexao\":\"\",\"driver\":\"raw\",\"largura_papel\":80,\"ultima_impressao\":null,\"preferencial\":0,\"ativo\":1,\"configuracao\":null,\"created_at\":\"2025-07-13 00:53:51\",\"updated_at\":\"2025-07-13 01:21:45\",\"empresa_id\":1},\"TESTE DE IMPRESS\\u00c3O\\r\\n===================\\r\\nData: 13\\/07\\/2025 01:23:15Impressora: [NOME]\\r\\n===================\\r\\nEste \\u00e9 um teste de impress\\u00e3o.\\r\\nSe voc\\u00ea conseguir ver esta mensagem,\\r\\na impressora est\\u00e1 funcionando corretamente.\\r\\n===================\"]},{\"function\":\"enviarTesteImpressora\",\"class\":\"App\\\\Controllers\\\\PrinterManager\\\\ImpressorasController\",\"type\":\"->\",\"args\":[]},{\"file\":\"C:\\\\xampp\\\\htdocs\\\\meufinanceiro\\\\sistema\\\\app\\\\Router.php\",\"line\":75,\"function\":\"call_user_func_array\",\"args\":[[{},\"enviarTesteImpressora\"],[]]},{\"file\":\"C:\\\\xampp\\\\htdocs\\\\meufinanceiro\\\\sistema\\\\public\\\\index.php\",\"line\":29,\"function\":\"dispatch\",\"class\":\"App\\\\Router\",\"type\":\"->\",\"args\":[]}],\"status_anterior\":\"falha\",\"novo_status\":\"falha\",\"timestamp\":\"2025-07-13 01:23:18\"}',NULL,'2025-07-13 05:23:18',NULL,'pendente','2025-07-23 05:10:00',NULL,'2025-07-23 07:13:19'),(21,24,'impressao','Falha no teste de impressão','{\"tipo_teste\":\"teste_rapido\",\"impressora_id\":\"1\",\"sucesso\":false,\"mensagem_original\":\"Erro ao testar impress\\u00e3o: Tipo de conex\\u00e3o n\\u00e3o suportado: \",\"timestamp\":\"2025-07-13 01:23:18\"}',NULL,'2025-07-13 05:23:18',NULL,'pendente','2025-07-23 05:10:00',NULL,'2025-07-23 07:13:19'),(22,25,'impressao','Falha no teste de impressão','{\"tipo_teste\":\"teste_rapido\",\"impressora_id\":1,\"sucesso\":false,\"mensagem_original\":\"Iniciando teste de impress\\u00e3o\",\"timestamp\":\"2025-07-13 01:24:20\"}',NULL,'2025-07-13 05:24:20',NULL,'pendente','2025-07-23 05:10:00',NULL,'2025-07-23 07:13:20'),(23,25,'erro','Tipo de conexão não suportado: ','{\"tipo_conexao\":\"\",\"erro_detalhado\":[{\"file\":\"C:\\\\xampp\\\\htdocs\\\\meufinanceiro\\\\sistema\\\\app\\\\Controllers\\\\PrinterManager\\\\ImpressorasController.php\",\"line\":361,\"function\":\"testarImpressao\",\"class\":\"App\\\\Models\\\\PrinterManager\\\\Impressora\",\"type\":\"::\",\"args\":[{\"id\":1,\"setor_id\":5,\"nome\":\"COZ.PIZZA\",\"identificacao\":\"IMP_COZPIZZA\",\"marca\":\"epson\",\"modelo\":\"t20\",\"ip\":\"192.168.1.53\",\"porta\":9100,\"tipo_conexao\":\"\",\"driver\":\"raw\",\"largura_papel\":80,\"ultima_impressao\":null,\"preferencial\":0,\"ativo\":1,\"configuracao\":null,\"created_at\":\"2025-07-13 00:53:51\",\"updated_at\":\"2025-07-13 01:21:45\",\"empresa_id\":1},\"TESTE R\\u00c1PIDO\\r\\n=================\\r\\nData: 13\\/07\\/2025 01:24:00Sistema: Meu Financeiro\\r\\n=================\\r\\nImpressora funcionando!\\r\\n=================\"]},{\"function\":\"enviarTesteImpressora\",\"class\":\"App\\\\Controllers\\\\PrinterManager\\\\ImpressorasController\",\"type\":\"->\",\"args\":[]},{\"file\":\"C:\\\\xampp\\\\htdocs\\\\meufinanceiro\\\\sistema\\\\app\\\\Router.php\",\"line\":75,\"function\":\"call_user_func_array\",\"args\":[[{},\"enviarTesteImpressora\"],[]]},{\"file\":\"C:\\\\xampp\\\\htdocs\\\\meufinanceiro\\\\sistema\\\\public\\\\index.php\",\"line\":29,\"function\":\"dispatch\",\"class\":\"App\\\\Router\",\"type\":\"->\",\"args\":[]}],\"status_anterior\":\"falha\",\"novo_status\":\"falha\",\"timestamp\":\"2025-07-13 01:24:20\"}',NULL,'2025-07-13 05:24:20',NULL,'pendente','2025-07-23 05:10:00',NULL,'2025-07-23 07:13:20'),(24,26,'impressao','Falha no teste de impressão','{\"tipo_teste\":\"teste_rapido\",\"impressora_id\":\"1\",\"sucesso\":false,\"mensagem_original\":\"Erro ao testar impress\\u00e3o: Tipo de conex\\u00e3o n\\u00e3o suportado: \",\"timestamp\":\"2025-07-13 01:24:20\"}',NULL,'2025-07-13 05:24:20',NULL,'pendente','2025-07-23 05:10:00',NULL,'2025-07-23 07:13:20'),(25,27,'impressao','Falha no teste de impressão','{\"tipo_teste\":\"teste_rapido\",\"impressora_id\":1,\"sucesso\":false,\"mensagem_original\":\"Iniciando teste de impress\\u00e3o\",\"timestamp\":\"2025-07-13 01:24:41\"}',NULL,'2025-07-13 05:24:41',NULL,'pendente','2025-07-23 05:10:00',NULL,'2025-07-23 07:13:20'),(26,27,'erro','Tipo de conexão não suportado: ','{\"tipo_conexao\":\"\",\"erro_detalhado\":[{\"file\":\"C:\\\\xampp\\\\htdocs\\\\meufinanceiro\\\\sistema\\\\app\\\\Controllers\\\\PrinterManager\\\\ImpressorasController.php\",\"line\":361,\"function\":\"testarImpressao\",\"class\":\"App\\\\Models\\\\PrinterManager\\\\Impressora\",\"type\":\"::\",\"args\":[{\"id\":1,\"setor_id\":5,\"nome\":\"COZ.PIZZA\",\"identificacao\":\"IMP_COZPIZZA\",\"marca\":\"epson\",\"modelo\":\"t20\",\"ip\":\"192.168.1.53\",\"porta\":9100,\"tipo_conexao\":\"\",\"driver\":\"raw\",\"largura_papel\":80,\"ultima_impressao\":null,\"preferencial\":0,\"ativo\":1,\"configuracao\":null,\"created_at\":\"2025-07-13 00:53:51\",\"updated_at\":\"2025-07-13 01:21:45\",\"empresa_id\":1},\"TESTE R\\u00c1PIDO\\r\\n=================\\r\\nData: 13\\/07\\/2025 01:24:36Sistema: Meu Financeiro\\r\\n=================\\r\\nImpressora funcionando!\\r\\n=================\"]},{\"function\":\"enviarTesteImpressora\",\"class\":\"App\\\\Controllers\\\\PrinterManager\\\\ImpressorasController\",\"type\":\"->\",\"args\":[]},{\"file\":\"C:\\\\xampp\\\\htdocs\\\\meufinanceiro\\\\sistema\\\\app\\\\Router.php\",\"line\":75,\"function\":\"call_user_func_array\",\"args\":[[{},\"enviarTesteImpressora\"],[]]},{\"file\":\"C:\\\\xampp\\\\htdocs\\\\meufinanceiro\\\\sistema\\\\public\\\\index.php\",\"line\":29,\"function\":\"dispatch\",\"class\":\"App\\\\Router\",\"type\":\"->\",\"args\":[]}],\"status_anterior\":\"falha\",\"novo_status\":\"falha\",\"timestamp\":\"2025-07-13 01:24:41\"}',NULL,'2025-07-13 05:24:41',NULL,'pendente','2025-07-23 05:10:00',NULL,'2025-07-23 07:13:21'),(27,28,'impressao','Falha no teste de impressão','{\"tipo_teste\":\"teste_rapido\",\"impressora_id\":\"1\",\"sucesso\":false,\"mensagem_original\":\"Erro ao testar impress\\u00e3o: Tipo de conex\\u00e3o n\\u00e3o suportado: \",\"timestamp\":\"2025-07-13 01:24:41\"}',NULL,'2025-07-13 05:24:41',NULL,'pendente','2025-07-23 05:10:00',NULL,'2025-07-23 07:13:21'),(28,29,'impressao','Falha no teste de impressão','{\"tipo_teste\":\"teste_rapido\",\"impressora_id\":1,\"sucesso\":false,\"mensagem_original\":\"Iniciando teste de impress\\u00e3o\",\"timestamp\":\"2025-07-13 01:26:06\"}',NULL,'2025-07-13 05:26:06',NULL,'pendente','2025-07-23 05:10:00',NULL,'2025-07-23 07:13:21'),(29,29,'impressao','Teste de impressão realizado com sucesso','{\"tipo_conexao\":\"ip\",\"ip\":\"192.168.1.53\",\"porta\":9100,\"status_anterior\":\"impresso\",\"novo_status\":\"impresso\",\"timestamp\":\"2025-07-13 01:26:08\"}',NULL,'2025-07-13 05:26:08',NULL,'pendente','2025-07-23 05:10:00',NULL,'2025-07-23 07:13:22'),(30,30,'impressao','Teste de impressão realizado com sucesso','{\"tipo_teste\":\"teste_rapido\",\"impressora_id\":\"1\",\"sucesso\":true,\"mensagem_original\":\"Teste realizado com sucesso\",\"timestamp\":\"2025-07-13 01:26:08\"}',NULL,'2025-07-13 05:26:08',NULL,'pendente','2025-07-23 05:10:00',NULL,'2025-07-23 07:13:22'),(31,31,'impressao','Falha no teste de impressão','{\"tipo_teste\":\"teste_rapido\",\"impressora_id\":2,\"sucesso\":false,\"mensagem_original\":\"Iniciando teste de impress\\u00e3o\",\"timestamp\":\"2025-07-13 01:26:12\"}',NULL,'2025-07-13 05:26:12',NULL,'pendente','2025-07-23 05:10:00',NULL,'2025-07-23 07:13:22'),(32,31,'impressao','Teste de impressão realizado com sucesso','{\"tipo_conexao\":\"ip\",\"ip\":\"192.168.1.51\",\"porta\":9100,\"status_anterior\":\"impresso\",\"novo_status\":\"impresso\",\"timestamp\":\"2025-07-13 01:26:14\"}',NULL,'2025-07-13 05:26:14',NULL,'pendente','2025-07-23 05:10:00',NULL,'2025-07-23 07:13:23'),(33,32,'impressao','Teste de impressão realizado com sucesso','{\"tipo_teste\":\"teste_rapido\",\"impressora_id\":\"2\",\"sucesso\":true,\"mensagem_original\":\"Teste realizado com sucesso\",\"timestamp\":\"2025-07-13 01:26:14\"}',NULL,'2025-07-13 05:26:14',NULL,'pendente','2025-07-23 05:10:00',NULL,'2025-07-23 07:13:23');

#
# Structure for table "impressao_produto_setor"
#

DROP TABLE IF EXISTS `meufinanceiro`.`impressao_produto_setor`;
CREATE TABLE `meufinanceiro`.`impressao_produto_setor` (
  `id` int(11) NOT NULL AUTO_INCREMENT,
  `produto_id` int(10) unsigned NOT NULL,
  `setor_id` int(11) NOT NULL,
  `prioridade` int(11) DEFAULT 1,
  `imprimir_observacoes` tinyint(1) DEFAULT 1,
  `imprimir_opcoes` tinyint(1) DEFAULT 1,
  `template_personalizado` text DEFAULT NULL COMMENT 'Template específico para este produto neste setor',
  `created_at` timestamp NOT NULL DEFAULT current_timestamp(),
  `updated_at` timestamp NOT NULL DEFAULT current_timestamp() ON UPDATE current_timestamp(),
  `empresa_id` int(11) DEFAULT NULL,
  `impressora_id` int(11) DEFAULT NULL,
  `ativo` int(11) DEFAULT NULL,
  `sync_data` timestamp NOT NULL DEFAULT current_timestamp(),
  `sync_hash` varchar(32) CHARACTER SET utf8 COLLATE utf8_unicode_ci DEFAULT NULL,
  `sync_status` enum('pendente','sincronizado','erro') CHARACTER SET utf8 COLLATE utf8_unicode_ci DEFAULT 'pendente',
  PRIMARY KEY (`id`),
  UNIQUE KEY `produto_setor_unique` (`produto_id`,`setor_id`),
  KEY `setor_id` (`setor_id`)
) ENGINE=InnoDB DEFAULT CHARSET=utf8mb4 COLLATE=utf8mb4_unicode_ci ROW_FORMAT=DYNAMIC;

#
# Data for table "impressao_produto_setor"
#


#
# Structure for table "impressao_setores"
#

DROP TABLE IF EXISTS `meufinanceiro`.`impressao_setores`;
CREATE TABLE `meufinanceiro`.`impressao_setores` (
  `id` int(11) NOT NULL AUTO_INCREMENT,
  `nome` varchar(50) NOT NULL,
  `codigo_sistema` varchar(20) DEFAULT NULL,
  `descricao` varchar(255) DEFAULT NULL,
  `ativo` tinyint(1) DEFAULT 1,
  `prioridade` int(11) DEFAULT 1,
  `created_at` timestamp NOT NULL DEFAULT current_timestamp(),
  `updated_at` timestamp NOT NULL DEFAULT current_timestamp() ON UPDATE current_timestamp(),
  `empresa_id` int(11) DEFAULT NULL,
  `sync_data` timestamp NOT NULL DEFAULT current_timestamp(),
  `sync_hash` varchar(32) CHARACTER SET utf8 COLLATE utf8_unicode_ci DEFAULT NULL,
  `sync_status` enum('pendente','sincronizado','erro') CHARACTER SET utf8 COLLATE utf8_unicode_ci DEFAULT 'pendente',
  PRIMARY KEY (`id`),
  UNIQUE KEY `codigo_sistema` (`codigo_sistema`)
) ENGINE=InnoDB AUTO_INCREMENT=7 DEFAULT CHARSET=utf8mb4 COLLATE=utf8mb4_unicode_ci ROW_FORMAT=DYNAMIC;

#
# Data for table "impressao_setores"
#

INSERT INTO `impressao_setores` VALUES (1,'Cozinha Principal','COZINHA','Setor principal de produção',1,1,'2025-07-13 04:41:47','2025-07-23 17:27:44',NULL,'2025-07-23 05:10:00',NULL,'pendente'),(2,'Bar','BAR','Setor de bebidas e drinks',1,2,'2025-07-13 04:41:47','2025-07-23 07:13:24',NULL,'2025-07-23 05:10:00',NULL,'pendente'),(3,'Sobremesas','SOBREMESAS','Setor de preparo de sobremesas',1,3,'2025-07-13 04:41:47','2025-07-23 07:13:24',NULL,'2025-07-23 05:10:00',NULL,'pendente'),(4,'Saladas','SALADAS','Setor de preparo de saladas',1,4,'2025-07-13 04:41:47','2025-07-23 07:13:24',NULL,'2025-07-23 05:10:00',NULL,'pendente'),(5,'Cozinha','54','',1,3,'2025-07-13 04:52:12','2025-07-23 07:13:25',1,'2025-07-23 05:10:00',NULL,'pendente'),(6,'Chapa','556','',1,3,'2025-07-13 04:52:23','2025-07-23 07:13:25',1,'2025-07-23 05:10:00',NULL,'pendente');

#
# Structure for table "impressoes"
#

DROP TABLE IF EXISTS `meufinanceiro`.`impressoes`;
CREATE TABLE `meufinanceiro`.`impressoes` (
  `id` int(11) NOT NULL AUTO_INCREMENT,
  `lancamento_id` int(11) NOT NULL,
  `impressora_id` int(11) NOT NULL,
  `setor_id` int(11) NOT NULL,
  `conteudo` text NOT NULL,
  `status` enum('pendente','impresso','falha','reimpresso') DEFAULT 'pendente',
  `tentativas` int(11) DEFAULT 0,
  `ultimo_erro` text DEFAULT NULL,
  `data_impressao` datetime DEFAULT NULL,
  `created_at` timestamp NOT NULL DEFAULT current_timestamp(),
  `updated_at` timestamp NOT NULL DEFAULT current_timestamp() ON UPDATE current_timestamp(),
  `empresa_id` int(11) DEFAULT NULL,
  `sync_status` enum('pendente','sincronizado','erro') DEFAULT 'pendente',
  `sync_data` timestamp NOT NULL DEFAULT current_timestamp(),
  `sync_hash` varchar(32) DEFAULT NULL,
  PRIMARY KEY (`id`),
  KEY `idx_sync` (`sync_status`,`sync_data`),
  KEY `impressora_id` (`impressora_id`),
  KEY `setor_id` (`setor_id`)
) ENGINE=InnoDB AUTO_INCREMENT=47 DEFAULT CHARSET=utf8mb4 COLLATE=utf8mb4_unicode_ci ROW_FORMAT=DYNAMIC;

#
# Data for table "impressoes"
#

INSERT INTO `impressoes` VALUES (11,0,2,6,'Iniciando teste de impressão','falha',0,'Tipo de conexão não suportado: ','2025-07-13 01:15:36','2025-07-13 05:15:36','2025-07-23 17:27:45',1,'pendente','2025-07-23 05:10:01',NULL),(12,0,2,6,'Erro ao testar impressão: Tipo de conexão não suportado: ','falha',0,NULL,'2025-07-13 01:15:36','2025-07-13 05:15:36','2025-07-23 07:13:26',1,'pendente','2025-07-23 05:10:01',NULL),(13,0,2,6,'Iniciando teste de impressão','falha',0,'Tipo de conexão não suportado: ','2025-07-13 01:15:37','2025-07-13 05:15:37','2025-07-23 07:13:26',1,'pendente','2025-07-23 05:10:01',NULL),(14,0,2,6,'Erro ao testar impressão: Tipo de conexão não suportado: ','falha',0,NULL,'2025-07-13 01:15:37','2025-07-13 05:15:37','2025-07-23 07:13:26',1,'pendente','2025-07-23 05:10:01',NULL),(15,0,1,5,'Iniciando teste de impressão','falha',0,'Tipo de conexão não suportado: ','2025-07-13 01:16:00','2025-07-13 05:16:00','2025-07-23 07:13:27',1,'pendente','2025-07-23 05:10:01',NULL),(16,0,1,5,'Erro ao testar impressão: Tipo de conexão não suportado: ','falha',0,NULL,'2025-07-13 01:16:00','2025-07-13 05:16:00','2025-07-23 07:13:27',1,'pendente','2025-07-23 05:10:01',NULL),(17,0,1,5,'Iniciando teste de impressão','falha',0,'Tipo de conexão não suportado: ','2025-07-13 01:16:52','2025-07-13 05:16:52','2025-07-23 07:13:27',1,'pendente','2025-07-23 05:10:01',NULL),(18,0,1,5,'Erro ao testar impressão: Tipo de conexão não suportado: ','falha',0,NULL,'2025-07-13 01:16:52','2025-07-13 05:16:52','2025-07-23 07:13:28',1,'pendente','2025-07-23 05:10:01',NULL),(19,0,1,5,'Iniciando teste de impressão','falha',0,'Tipo de conexão não suportado: ','2025-07-13 01:22:00','2025-07-13 05:22:00','2025-07-23 07:13:28',1,'pendente','2025-07-23 05:10:01',NULL),(20,0,1,5,'Erro ao testar impressão: Tipo de conexão não suportado: ','falha',0,NULL,'2025-07-13 01:22:00','2025-07-13 05:22:00','2025-07-23 07:13:28',1,'pendente','2025-07-23 05:10:01',NULL),(21,0,1,5,'Iniciando teste de impressão','falha',0,'Tipo de conexão não suportado: ','2025-07-13 01:23:11','2025-07-13 05:23:11','2025-07-23 07:13:29',1,'pendente','2025-07-23 05:10:01',NULL),(22,0,1,5,'Erro ao testar impressão: Tipo de conexão não suportado: ','falha',0,NULL,'2025-07-13 01:23:11','2025-07-13 05:23:11','2025-07-23 07:13:29',1,'pendente','2025-07-23 05:10:01',NULL),(23,0,1,5,'Iniciando teste de impressão','falha',0,'Tipo de conexão não suportado: ','2025-07-13 01:23:18','2025-07-13 05:23:18','2025-07-23 07:13:29',1,'pendente','2025-07-23 05:10:01',NULL),(24,0,1,5,'Erro ao testar impressão: Tipo de conexão não suportado: ','falha',0,NULL,'2025-07-13 01:23:18','2025-07-13 05:23:18','2025-07-23 07:13:29',1,'pendente','2025-07-23 05:10:01',NULL),(25,0,1,5,'Iniciando teste de impressão','falha',0,'Tipo de conexão não suportado: ','2025-07-13 01:24:20','2025-07-13 05:24:20','2025-07-23 07:13:30',1,'pendente','2025-07-23 05:10:01',NULL),(26,0,1,5,'Erro ao testar impressão: Tipo de conexão não suportado: ','falha',0,NULL,'2025-07-13 01:24:20','2025-07-13 05:24:20','2025-07-23 07:13:30',1,'pendente','2025-07-23 05:10:01',NULL),(27,0,1,5,'Iniciando teste de impressão','falha',0,'Tipo de conexão não suportado: ','2025-07-13 01:24:41','2025-07-13 05:24:41','2025-07-23 07:13:30',1,'pendente','2025-07-23 05:10:01',NULL),(28,0,1,5,'Erro ao testar impressão: Tipo de conexão não suportado: ','falha',0,NULL,'2025-07-13 01:24:41','2025-07-13 05:24:41','2025-07-23 07:13:31',1,'pendente','2025-07-23 05:10:01',NULL),(29,0,1,5,'Iniciando teste de impressão','impresso',0,NULL,'2025-07-13 01:26:08','2025-07-13 05:26:06','2025-07-23 07:13:31',1,'pendente','2025-07-23 05:10:01',NULL),(30,0,1,5,'Teste realizado com sucesso','impresso',0,NULL,'2025-07-13 01:26:08','2025-07-13 05:26:08','2025-07-23 07:13:31',1,'pendente','2025-07-23 05:10:01',NULL),(31,0,2,6,'Iniciando teste de impressão','impresso',0,NULL,'2025-07-13 01:26:14','2025-07-13 05:26:12','2025-07-23 07:13:32',1,'pendente','2025-07-23 05:10:01',NULL),(32,0,2,6,'Teste realizado com sucesso','impresso',0,NULL,'2025-07-13 01:26:14','2025-07-13 05:26:14','2025-07-23 07:13:32',1,'pendente','2025-07-23 05:10:01',NULL),(36,204,1,5,'================================================================================\n                               COMANDA - SETOR 1                                \n--------------------------------------------------------------------------------\nPedido: #204\nData: 21/07/2025 07:16:59\nMesa: 2\n--------------------------------------------------------------------------------\nITEM                                                               QTD     VALOR\n--------------------------------------------------------------------------------\nx bacon                                                           1.00     10.00\nAÇAI 300ML                                                       1.00     16.00\n--------------------------------------------------------------------------------\nTOTAL:                                                                   R$ 0.00\n================================================================================\n                                  === FIM ===                                   \n','impresso',0,NULL,'2025-07-21 01:16:59','2025-07-21 05:16:59','2025-07-23 07:13:32',1,'pendente','2025-07-23 07:13:32',NULL),(37,204,1,5,'================================================================================\n                               COMANDA - SETOR 1                                \n--------------------------------------------------------------------------------\nPedido: #204\nData: 21/07/2025 07:17:16\nMesa: 2\n--------------------------------------------------------------------------------\nITEM                                                               QTD     VALOR\n--------------------------------------------------------------------------------\nx bacon                                                           1.00     10.00\nAÇAI 300ML                                                       1.00     16.00\n--------------------------------------------------------------------------------\nTOTAL:                                                                   R$ 0.00\n================================================================================\n                                  === FIM ===                                   \n','impresso',0,NULL,'2025-07-21 01:17:16','2025-07-21 05:17:16','2025-07-23 07:13:32',1,'pendente','2025-07-23 07:13:32',NULL),(46,372,1,5,'================================================================================\n                               COMANDA - SETOR 1                                \n--------------------------------------------------------------------------------\nPedido: #372\nData: 24/07/2025 06:13:21\nMesa: 5\n--------------------------------------------------------------------------------\nITEM                                                               QTD     VALOR\n--------------------------------------------------------------------------------\nAÇAI 300ML                                                       1.00     16.00\n--------------------------------------------------------------------------------\nTOTAL:                                                                   R$ 0.00\n================================================================================\n                                  === FIM ===                                   \n','impresso',0,NULL,'2025-07-24 00:13:21','2025-07-24 04:13:21','2025-07-24 04:13:21',1,'pendente','2025-07-24 05:15:02',NULL);

#
# Structure for table "impressoras"
#

DROP TABLE IF EXISTS `meufinanceiro`.`impressoras`;
CREATE TABLE `meufinanceiro`.`impressoras` (
  `id` int(11) NOT NULL AUTO_INCREMENT,
  `setor_id` int(11) NOT NULL,
  `nome` varchar(50) NOT NULL,
  `identificacao` varchar(100) NOT NULL COMMENT 'Nome único para identificar a impressora',
  `marca` varchar(50) NOT NULL,
  `modelo` varchar(50) NOT NULL,
  `ip` varchar(15) NOT NULL,
  `porta` int(11) DEFAULT 9100,
  `tipo_conexao` enum('ip','usb','bluetooth','serial') DEFAULT 'ip',
  `driver` enum('escpos','raw','zebra','epl','windows') NOT NULL,
  `largura_papel` int(11) DEFAULT 80,
  `ultima_impressao` datetime DEFAULT NULL,
  `preferencial` tinyint(1) DEFAULT 0,
  `ativo` tinyint(1) DEFAULT 1,
  `configuracao` text DEFAULT NULL COMMENT 'Configurações específicas em JSON',
  `created_at` timestamp NOT NULL DEFAULT current_timestamp(),
  `updated_at` timestamp NOT NULL DEFAULT current_timestamp() ON UPDATE current_timestamp(),
  `empresa_id` int(11) DEFAULT NULL,
  `sync_data` timestamp NOT NULL DEFAULT current_timestamp(),
  `sync_hash` varchar(32) CHARACTER SET utf8 COLLATE utf8_unicode_ci DEFAULT NULL,
  `sync_status` enum('pendente','sincronizado','erro') CHARACTER SET utf8 COLLATE utf8_unicode_ci DEFAULT 'pendente',
  PRIMARY KEY (`id`),
  UNIQUE KEY `identificacao` (`identificacao`),
  KEY `setor_id` (`setor_id`)
) ENGINE=InnoDB AUTO_INCREMENT=4 DEFAULT CHARSET=utf8mb4 COLLATE=utf8mb4_unicode_ci ROW_FORMAT=DYNAMIC;

#
# Data for table "impressoras"
#

INSERT INTO `impressoras` VALUES (1,5,'COZ.PIZZA','IMP_COZPIZZA','epson','t20','192.168.1.53',9100,'ip','raw',80,'2025-07-13 01:26:08',0,1,NULL,'2025-07-13 04:53:51','2025-07-23 17:27:46',1,'2025-07-23 05:10:01',NULL,'pendente'),(2,6,'CHAPA','IMP_CHAPA','EPSON','T20','192.168.1.51',9100,'ip','raw',80,'2025-07-13 01:26:14',0,1,NULL,'2025-07-13 04:57:06','2025-07-23 07:13:33',1,'2025-07-23 05:10:01',NULL,'pendente'),(3,6,'IMPRESSORA_COZINHA','IMP_COZ_01','','','192.168.1.52',9100,'ip','raw',80,NULL,0,1,NULL,'2025-07-13 05:13:22','2025-07-26 02:49:46',1,'2025-07-23 05:10:01',NULL,'pendente');

#
# Structure for table "impressoras_configuracoes"
#

DROP TABLE IF EXISTS `meufinanceiro`.`impressoras_configuracoes`;
CREATE TABLE `meufinanceiro`.`impressoras_configuracoes` (
  `id` int(11) NOT NULL AUTO_INCREMENT,
  `empresa_id` int(11) NOT NULL,
  `categoria` varchar(50) NOT NULL,
  `chave` varchar(100) NOT NULL,
  `valor` text DEFAULT NULL,
  `created_at` timestamp NOT NULL DEFAULT current_timestamp(),
  `updated_at` timestamp NOT NULL DEFAULT current_timestamp() ON UPDATE current_timestamp(),
  `codigo_sistema` varchar(50) DEFAULT NULL COMMENT 'Código único do sistema',
  `sync_hash` varchar(32) DEFAULT NULL COMMENT 'Hash MD5 dos dados',
  `sync_status` enum('pendente','sincronizado','erro') DEFAULT 'pendente' COMMENT 'Status da sincronização',
  `sync_data` timestamp NOT NULL DEFAULT current_timestamp(),
  PRIMARY KEY (`id`),
  UNIQUE KEY `unique_config` (`empresa_id`,`categoria`,`chave`),
  KEY `idx_empresa_categoria` (`empresa_id`,`categoria`),
  KEY `idx_sync` (`sync_status`,`sync_data`)
) ENGINE=InnoDB AUTO_INCREMENT=22 DEFAULT CHARSET=utf8mb4 COLLATE=utf8mb4_general_ci ROW_FORMAT=DYNAMIC;

#
# Data for table "impressoras_configuracoes"
#

INSERT INTO `impressoras_configuracoes` VALUES (1,1,'geral','timeout_conexao','10','2025-07-13 20:56:39','2025-07-25 07:46:11','IMP_000001_1752440199',NULL,'pendente','2025-07-25 07:46:11'),(2,1,'geral','max_tentativas','3','2025-07-13 20:56:39','2025-07-25 07:46:11','IMP_000002_1752440199',NULL,'pendente','2025-07-25 07:46:11'),(3,1,'geral','intervalo_tentativas','1000','2025-07-13 20:56:39','2025-07-25 07:46:11','IMP_000003_1752440199',NULL,'pendente','2025-07-25 07:46:11'),(4,1,'formatacao','encoding_padrao','UTF-8','2025-07-13 20:56:39','2025-07-25 07:46:11','IMP_000004_1752440199',NULL,'pendente','2025-07-25 07:46:11'),(5,1,'formatacao','largura_padrao','48','2025-07-13 20:56:39','2025-07-25 07:46:11','IMP_000005_1752440199',NULL,'pendente','2025-07-25 07:46:11'),(6,1,'formatacao','cortar_papel','1','2025-07-13 20:56:39','2025-07-25 07:46:11','IMP_000006_1752440199',NULL,'pendente','2025-07-25 07:46:11'),(7,1,'template','cabecalho','=== MEU RESTAURANTE ===\n{data_hora}\n------------------','2025-07-13 20:56:39','2025-07-24 04:57:13','IMP_000007_1752440199',NULL,'pendente','2025-07-24 04:57:13'),(8,1,'template','corpo','Mesa: {mesa}\nProduto: {produto}\nQtd: {quantidade}\nObs: {observacoes}','2025-07-13 20:56:39','2025-07-24 04:57:13','IMP_000008_1752440199',NULL,'pendente','2025-07-24 04:57:13'),(9,1,'template','rodape','------------------\nObrigado!\n{hora_impressao}','2025-07-13 20:56:39','2025-07-24 04:57:13','IMP_000009_1752440199',NULL,'pendente','2025-07-24 04:57:13'),(10,1,'controlid_impressora_3','tamanho_fonte','1','2025-07-25 06:55:33','2025-07-25 16:42:49',NULL,NULL,'pendente','2025-07-25 16:42:49'),(11,1,'controlid_impressora_3','densidade_extra','1','2025-07-25 06:55:33','2025-07-25 07:46:11',NULL,NULL,'pendente','2025-07-25 07:46:11'),(12,1,'controlid_impressora_3','contraste_melhorado','1','2025-07-25 06:55:33','2025-07-25 07:46:11',NULL,NULL,'pendente','2025-07-25 07:46:11'),(13,1,'controlid_impressora_3','temperatura_impressao','80','2025-07-25 06:55:33','2025-07-25 16:20:01',NULL,NULL,'pendente','2025-07-25 16:20:01'),(14,1,'controlid_impressora_3','velocidade_impressao','1','2025-07-25 06:55:33','2025-07-25 07:46:11',NULL,NULL,'pendente','2025-07-25 07:46:11'),(15,1,'controlid_impressora_3','negrito_permanente','1','2025-07-25 06:55:33','2025-07-25 07:46:11',NULL,NULL,'pendente','2025-07-25 07:46:11'),(16,1,'controlid_impressora_3','dupla_densidade','0','2025-07-25 06:55:33','2025-07-25 07:49:38',NULL,NULL,'pendente','2025-07-25 07:49:38'),(17,1,'controlid_global','escpos_densidade_maxima','15','2025-07-25 06:55:33','2025-07-25 07:46:11',NULL,NULL,'pendente','2025-07-25 07:46:11'),(18,1,'controlid_global','escpos_temperatura','80','2025-07-25 06:55:33','2025-07-25 07:46:11',NULL,NULL,'pendente','2025-07-25 07:46:11'),(19,1,'controlid_global','comando_reset_controlid','0','2025-07-25 06:55:33','2025-07-25 07:46:11',NULL,NULL,'pendente','2025-07-25 07:46:11'),(20,1,'controlid_global','corte_papel_controlid','1','2025-07-25 06:55:33','2025-07-25 07:46:11',NULL,NULL,'pendente','2025-07-25 07:46:11'),(21,1,'controlid_global','encoding_controlid','UTF-8','2025-07-25 06:55:33','2025-07-25 07:46:11',NULL,NULL,'pendente','2025-07-25 07:46:11');

#
# Structure for table "lancamento_itens"
#

DROP TABLE IF EXISTS `meufinanceiro`.`lancamento_itens`;
CREATE TABLE `meufinanceiro`.`lancamento_itens` (
  `id` int(11) NOT NULL AUTO_INCREMENT,
  `lancamento_id` int(11) NOT NULL,
  `produto_id` int(11) unsigned DEFAULT NULL,
  `produto_variacao_id` int(11) unsigned DEFAULT NULL,
  `quantidade` decimal(10,2) NOT NULL,
  `valor_unitario` decimal(10,2) NOT NULL,
  `valor_total` decimal(10,2) NOT NULL,
  `observacoes` text DEFAULT NULL,
  `empresa_id` int(11) NOT NULL,
  `hora_transferencia` datetime DEFAULT NULL,
  `created_at` timestamp NOT NULL DEFAULT current_timestamp(),
  `updated_at` timestamp NOT NULL DEFAULT current_timestamp() ON UPDATE current_timestamp(),
  `usuario_id` int(11) DEFAULT NULL,
  `sync_status` enum('pendente','sincronizado','erro') DEFAULT 'pendente',
  `sync_data` timestamp NOT NULL DEFAULT current_timestamp(),
  `sync_hash` varchar(32) DEFAULT NULL,
  PRIMARY KEY (`id`),
  KEY `idx_sync` (`sync_status`,`sync_data`)
) ENGINE=InnoDB AUTO_INCREMENT=31 DEFAULT CHARSET=utf8 COLLATE=utf8_unicode_ci ROW_FORMAT=DYNAMIC;

#
# Data for table "lancamento_itens"
#

INSERT INTO `lancamento_itens` VALUES (7,74,2,NULL,19.00,10.00,190.00,NULL,1,NULL,'2025-07-23 05:00:48','2025-07-23 17:27:48',NULL,'pendente','2025-07-23 05:10:01',NULL),(8,73,9,NULL,1.00,10.00,10.00,NULL,1,NULL,'2025-07-23 05:00:48','2025-07-23 07:59:30',NULL,'pendente','2025-07-23 05:10:01',NULL),(9,73,9,NULL,1.00,10.00,10.00,'',1,NULL,'2025-05-10 17:11:50','2025-07-23 07:59:30',NULL,'pendente','2025-07-23 05:10:01',NULL),(10,73,9,NULL,1.00,10.00,10.00,'',1,NULL,'2025-05-10 17:31:44','2025-07-23 07:59:30',NULL,'pendente','2025-07-23 05:10:01',NULL),(11,73,9,NULL,1.00,10.00,10.00,'',1,NULL,'2025-05-10 17:39:14','2025-07-23 07:59:31',NULL,'pendente','2025-07-23 05:10:01',NULL),(12,73,9,NULL,1.00,0.00,0.00,'',1,NULL,'2025-05-10 17:57:06','2025-07-23 07:59:31',NULL,'pendente','2025-07-23 05:10:01',NULL),(13,73,9,NULL,1.00,0.00,0.00,'',1,NULL,'2025-05-10 20:12:06','2025-07-23 07:59:31',NULL,'pendente','2025-07-23 05:10:01',NULL),(14,73,9,NULL,1.00,0.00,0.00,'',1,NULL,'2025-05-10 20:12:14','2025-07-23 07:59:32',NULL,'pendente','2025-07-23 05:10:01',NULL),(15,73,9,NULL,1.00,0.00,0.00,'',1,NULL,'2025-05-13 08:02:44','2025-07-23 07:59:32',NULL,'pendente','2025-07-23 05:10:01',NULL),(16,73,9,NULL,1.00,20.00,20.00,'',1,NULL,'2025-05-13 08:03:26','2025-07-23 07:59:32',NULL,'pendente','2025-07-23 05:10:01',NULL),(17,74,2,NULL,1.00,10.00,10.00,'',1,NULL,'2025-05-15 07:55:55','2025-07-23 07:59:33',3,'pendente','2025-07-23 05:10:01',NULL),(18,76,14,NULL,1.00,10.00,10.00,'',1,NULL,'2025-05-15 08:23:36','2025-07-23 07:59:33',3,'pendente','2025-07-23 05:10:01',NULL),(19,77,9,NULL,1.00,20.00,20.00,'',1,NULL,'2025-05-31 05:38:12','2025-07-23 07:59:33',1,'pendente','2025-07-23 05:10:01',NULL),(20,80,14,NULL,1.00,10.00,10.00,'',1,NULL,'2025-05-31 06:46:00','2025-07-23 07:59:33',1,'pendente','2025-07-23 05:10:01',NULL),(21,158,9,NULL,1.00,20.00,20.00,'',1,NULL,'2025-06-05 16:12:41','2025-07-23 07:59:34',5,'pendente','2025-07-23 05:10:01',NULL),(22,204,2,NULL,1.00,10.00,10.00,'',1,NULL,'2025-06-10 15:04:22','2025-07-23 07:59:34',3,'pendente','2025-07-23 05:10:01',NULL),(23,352,40,NULL,1.00,16.00,16.00,'',1,NULL,'2025-07-05 02:49:29','2025-07-23 07:59:34',3,'pendente','2025-07-23 05:10:01',NULL),(24,354,40,NULL,1.00,16.00,16.00,'',1,NULL,'2025-07-06 18:37:00','2025-07-23 07:59:35',3,'pendente','2025-07-23 05:10:01',NULL),(25,355,40,NULL,1.00,16.00,16.00,'',1,NULL,'2025-07-09 06:39:16','2025-07-23 07:59:35',3,'pendente','2025-07-23 05:10:01',NULL),(26,355,294,NULL,1.00,25.00,25.00,'',1,NULL,'2025-07-09 06:39:19','2025-07-23 07:59:35',3,'pendente','2025-07-23 05:10:01',NULL),(27,353,43,NULL,1.00,13.00,13.00,'',1,NULL,'2025-07-12 05:05:52','2025-07-23 07:59:36',3,'pendente','2025-07-23 05:10:01',NULL),(30,372,40,NULL,1.00,16.00,16.00,'',1,NULL,'2025-07-24 04:13:07','2025-07-24 04:13:07',3,'pendente','2025-07-24 05:15:03',NULL);

#
# Structure for table "lancamento_itens_opcoes"
#

DROP TABLE IF EXISTS `meufinanceiro`.`lancamento_itens_opcoes`;
CREATE TABLE `meufinanceiro`.`lancamento_itens_opcoes` (
  `id` int(11) unsigned NOT NULL AUTO_INCREMENT,
  `lancamento_item_id` int(11) unsigned NOT NULL COMMENT 'Referência ao item do lançamento',
  `produto_configuracao_id` int(11) unsigned NOT NULL COMMENT 'Referência à configuração do produto',
  `produto_configuracao_opcao_id` int(11) unsigned NOT NULL COMMENT 'Referência à opção selecionada',
  `valor_adicional` decimal(10,2) DEFAULT NULL COMMENT 'Valor adicional da opção',
  `empresa_id` int(11) unsigned NOT NULL COMMENT 'Referência à empresa',
  `created_at` timestamp NOT NULL DEFAULT current_timestamp(),
  `updated_at` timestamp NOT NULL DEFAULT current_timestamp() ON UPDATE current_timestamp(),
  `usuario_id` int(11) DEFAULT NULL,
  `sync_hash` varchar(64) DEFAULT NULL,
  `sync_status` enum('pendente','sincronizado') DEFAULT 'pendente',
  `sync_data` timestamp NOT NULL DEFAULT current_timestamp(),
  `nome_produto` varchar(255) DEFAULT NULL,
  `quantidade_adicional` int(11) DEFAULT NULL,
  `lancamento_id` int(11) NOT NULL DEFAULT 0,
  `nome_configuracao` varchar(255) DEFAULT NULL,
  PRIMARY KEY (`id`),
  KEY `idx_sync` (`sync_status`,`sync_data`)
) ENGINE=InnoDB AUTO_INCREMENT=58 DEFAULT CHARSET=utf8mb4 COLLATE=utf8mb4_unicode_ci ROW_FORMAT=DYNAMIC COMMENT='Tabela para armazenar as opções selecionadas nos itens do lançamento';

#
# Data for table "lancamento_itens_opcoes"
#

INSERT INTO `lancamento_itens_opcoes` VALUES (1,1,7,18,10.00,1,'2025-05-13 04:52:40','2025-07-23 17:27:48',NULL,NULL,'pendente','2025-07-23 05:10:01',NULL,NULL,0,NULL),(2,1,8,3,10.00,1,'2025-05-13 04:52:40','2025-07-23 07:59:37',NULL,NULL,'pendente','2025-07-23 05:10:01',NULL,NULL,0,NULL),(3,1,8,4,10.00,1,'2025-05-13 04:52:40','2025-07-23 07:59:37',NULL,NULL,'pendente','2025-07-23 05:10:01',NULL,NULL,0,NULL),(4,1,7,18,10.00,1,'2025-05-13 04:54:15','2025-07-23 07:59:37',NULL,NULL,'pendente','2025-07-23 05:10:01',NULL,NULL,0,NULL),(5,1,8,3,10.00,1,'2025-05-13 04:54:15','2025-07-23 07:59:38',NULL,NULL,'pendente','2025-07-23 05:10:01',NULL,NULL,0,NULL),(6,1,8,4,10.00,1,'2025-05-13 04:54:15','2025-07-23 07:59:38',NULL,NULL,'pendente','2025-07-23 05:10:01',NULL,NULL,0,NULL),(7,1,7,16,10.00,1,'2025-05-13 05:04:47','2025-07-23 07:59:38',NULL,NULL,'pendente','2025-07-23 05:10:01',NULL,NULL,0,NULL),(8,1,7,17,10.00,1,'2025-05-13 05:04:47','2025-07-23 07:59:38',NULL,NULL,'pendente','2025-07-23 05:10:01',NULL,NULL,0,NULL),(9,1,8,3,10.00,1,'2025-05-13 05:04:47','2025-07-23 07:59:39',NULL,NULL,'pendente','2025-07-23 05:10:01',NULL,NULL,0,NULL),(10,31,7,16,10.00,1,'2025-05-13 05:32:55','2025-07-23 07:59:39',NULL,NULL,'pendente','2025-07-23 05:10:01',NULL,NULL,0,NULL),(11,31,7,17,10.00,1,'2025-05-13 05:32:55','2025-07-23 07:59:39',NULL,NULL,'pendente','2025-07-23 05:10:01',NULL,NULL,0,NULL),(12,31,8,5,10.00,1,'2025-05-13 05:32:55','2025-07-23 07:59:40',NULL,NULL,'pendente','2025-07-23 05:10:01',NULL,NULL,0,NULL),(13,32,7,16,10.00,1,'2025-05-13 05:42:55','2025-07-23 07:59:40',NULL,NULL,'pendente','2025-07-23 05:10:01',NULL,NULL,0,NULL),(14,32,7,17,10.00,1,'2025-05-13 05:42:55','2025-07-23 07:59:40',NULL,NULL,'pendente','2025-07-23 05:10:01',NULL,NULL,0,NULL),(15,32,8,3,10.00,1,'2025-05-13 05:42:55','2025-07-23 07:59:41',NULL,NULL,'pendente','2025-07-23 05:10:01',NULL,NULL,0,NULL),(16,32,8,4,10.00,1,'2025-05-13 05:42:55','2025-07-23 07:59:41',NULL,NULL,'pendente','2025-07-23 05:10:01',NULL,NULL,0,NULL),(17,33,7,16,10.00,1,'2025-05-13 05:44:31','2025-07-23 07:59:41',NULL,NULL,'pendente','2025-07-23 05:10:01',NULL,NULL,0,NULL),(18,33,7,17,10.00,1,'2025-05-13 05:44:31','2025-07-23 07:59:41',NULL,NULL,'pendente','2025-07-23 05:10:01',NULL,NULL,0,NULL),(19,33,8,3,10.00,1,'2025-05-13 05:44:31','2025-07-23 07:59:42',NULL,NULL,'pendente','2025-07-23 05:10:01',NULL,NULL,0,NULL),(20,33,8,4,10.00,1,'2025-05-13 05:44:31','2025-07-23 07:59:42',NULL,NULL,'pendente','2025-07-23 05:10:01',NULL,NULL,0,NULL),(21,34,7,16,10.00,1,'2025-05-13 05:49:28','2025-07-23 07:59:42',NULL,NULL,'pendente','2025-07-23 05:10:01',NULL,NULL,0,NULL),(22,34,7,17,10.00,1,'2025-05-13 05:49:28','2025-07-23 07:59:43',NULL,NULL,'pendente','2025-07-23 05:10:01',NULL,NULL,0,NULL),(23,34,8,4,10.00,1,'2025-05-13 05:49:28','2025-07-23 07:59:43',NULL,NULL,'pendente','2025-07-23 05:10:01',NULL,NULL,0,NULL),(24,37,11,19,10.00,1,'2025-05-13 06:10:53','2025-07-23 07:59:43',NULL,NULL,'pendente','2025-07-23 05:10:01',NULL,NULL,0,NULL),(25,40,11,19,10.00,1,'2025-05-13 06:23:09','2025-07-23 07:59:44',NULL,NULL,'pendente','2025-07-23 05:10:01',NULL,NULL,0,NULL),(26,42,11,19,10.00,1,'2025-05-13 06:28:53','2025-07-23 07:59:44',NULL,NULL,'pendente','2025-07-23 05:10:01',NULL,NULL,0,NULL),(27,42,11,20,15.00,1,'2025-05-13 06:28:53','2025-07-23 07:59:44',NULL,NULL,'pendente','2025-07-23 05:10:01',NULL,NULL,0,NULL),(28,43,11,19,10.00,1,'2025-05-13 06:39:09','2025-07-23 07:59:44',NULL,NULL,'pendente','2025-07-23 05:10:01',NULL,NULL,0,NULL),(29,43,11,20,15.00,1,'2025-05-13 06:39:09','2025-07-23 07:59:45',NULL,NULL,'pendente','2025-07-23 05:10:01',NULL,NULL,0,NULL),(30,44,11,19,10.00,1,'2025-05-13 06:41:42','2025-07-23 07:59:45',NULL,NULL,'pendente','2025-07-23 05:10:01',NULL,NULL,0,NULL),(31,44,11,20,15.00,1,'2025-05-13 06:41:42','2025-07-23 07:59:45',NULL,NULL,'pendente','2025-07-23 05:10:01',NULL,NULL,0,NULL),(32,45,11,19,10.00,1,'2025-05-13 06:42:14','2025-07-23 07:59:46',NULL,NULL,'pendente','2025-07-23 05:10:01',NULL,NULL,0,NULL),(33,45,11,20,15.00,1,'2025-05-13 06:42:14','2025-07-23 07:59:46',NULL,NULL,'pendente','2025-07-23 05:10:01',NULL,NULL,0,NULL),(34,46,11,19,10.00,1,'2025-05-13 06:46:06','2025-07-23 07:59:46',NULL,NULL,'pendente','2025-07-23 05:10:01',NULL,NULL,0,NULL),(35,47,11,19,10.00,1,'2025-05-13 06:46:43','2025-07-23 07:59:46',NULL,NULL,'pendente','2025-07-23 05:10:01',NULL,NULL,0,NULL),(36,47,11,20,15.00,1,'2025-05-13 06:46:43','2025-07-23 07:59:47',NULL,NULL,'pendente','2025-07-23 05:10:01',NULL,NULL,0,NULL),(37,47,11,21,10.00,1,'2025-05-13 06:46:43','2025-07-23 07:59:47',NULL,NULL,'pendente','2025-07-23 05:10:01',NULL,NULL,0,NULL),(38,48,11,19,10.00,1,'2025-05-13 06:48:30','2025-07-23 07:59:47',NULL,NULL,'pendente','2025-07-23 05:10:01',NULL,NULL,0,NULL),(39,48,11,20,15.00,1,'2025-05-13 06:48:30','2025-07-23 07:59:48',NULL,NULL,'pendente','2025-07-23 05:10:01',NULL,NULL,0,NULL),(40,15,7,16,10.00,1,'2025-05-13 08:02:44','2025-07-23 07:59:48',NULL,NULL,'pendente','2025-07-23 05:10:01',NULL,NULL,0,NULL),(41,15,7,17,10.00,1,'2025-05-13 08:02:44','2025-07-23 07:59:48',NULL,NULL,'pendente','2025-07-23 05:10:01',NULL,NULL,0,NULL),(42,15,8,3,10.00,1,'2025-05-13 08:02:44','2025-07-23 07:59:49',NULL,NULL,'pendente','2025-07-23 05:10:01',NULL,NULL,0,NULL),(43,15,8,4,10.00,1,'2025-05-13 08:02:44','2025-07-23 07:59:49',NULL,NULL,'pendente','2025-07-23 05:10:01',NULL,NULL,0,NULL),(44,16,7,16,10.00,1,'2025-05-13 08:03:26','2025-07-23 07:59:49',NULL,NULL,'pendente','2025-07-23 05:10:01',NULL,NULL,0,NULL),(45,16,7,17,10.00,1,'2025-05-13 08:03:26','2025-07-23 07:59:49',NULL,NULL,'pendente','2025-07-23 05:10:01',NULL,NULL,0,NULL),(46,16,8,3,10.00,1,'2025-05-13 08:03:26','2025-07-23 07:59:50',NULL,NULL,'pendente','2025-07-23 05:10:01',NULL,NULL,0,NULL),(47,16,8,4,10.00,1,'2025-05-13 08:03:26','2025-07-23 07:59:50',NULL,NULL,'pendente','2025-07-23 05:10:01',NULL,NULL,0,NULL),(48,17,11,19,12.50,1,'2025-05-15 07:55:55','2025-07-23 07:59:50',3,NULL,'pendente','2025-07-23 05:10:01',NULL,NULL,0,NULL),(49,17,11,20,12.50,1,'2025-05-15 07:55:55','2025-07-23 07:59:51',3,NULL,'pendente','2025-07-23 05:10:01',NULL,NULL,0,NULL),(50,19,7,16,10.00,1,'2025-05-31 05:38:12','2025-07-23 07:59:51',1,NULL,'pendente','2025-07-23 05:10:01',NULL,NULL,0,NULL),(51,19,8,3,10.00,1,'2025-05-31 05:38:12','2025-07-23 07:59:51',1,NULL,'pendente','2025-07-23 05:10:01',NULL,NULL,0,NULL),(52,21,7,16,10.00,1,'2025-06-05 16:12:41','2025-07-23 07:59:52',5,NULL,'pendente','2025-07-23 05:10:01',NULL,NULL,0,NULL),(53,21,7,18,10.00,1,'2025-06-05 16:12:41','2025-07-23 07:59:52',5,NULL,'pendente','2025-07-23 05:10:01',NULL,NULL,0,NULL),(54,21,8,3,10.00,1,'2025-06-05 16:12:41','2025-07-23 07:59:52',5,NULL,'pendente','2025-07-23 05:10:01',NULL,NULL,0,NULL),(55,21,8,4,10.00,1,'2025-06-05 16:12:41','2025-07-23 07:59:52',5,NULL,'pendente','2025-07-23 05:10:01',NULL,NULL,0,NULL),(56,22,11,19,12.50,1,'2025-06-10 15:04:22','2025-07-23 07:59:53',3,NULL,'pendente','2025-07-23 05:10:01',NULL,NULL,0,NULL),(57,22,11,20,12.50,1,'2025-06-10 15:04:22','2025-07-23 07:59:53',3,NULL,'pendente','2025-07-23 05:10:01',NULL,NULL,0,NULL);

#
# Structure for table "lancamento_status"
#

DROP TABLE IF EXISTS `meufinanceiro`.`lancamento_status`;
CREATE TABLE `meufinanceiro`.`lancamento_status` (
  `id` int(11) NOT NULL AUTO_INCREMENT,
  `empresa_id` int(11) NOT NULL,
  `origem` enum('pdv','lancamentos','delivery','site','app_garcom','geral') NOT NULL DEFAULT 'geral',
  `codigo` varchar(50) NOT NULL,
  `nome` varchar(100) NOT NULL,
  `descricao` text DEFAULT NULL,
  `cor` varchar(7) NOT NULL DEFAULT '#007bff',
  `icone` varchar(50) DEFAULT NULL,
  `ordem` int(11) NOT NULL DEFAULT 0,
  `ativo` tinyint(1) NOT NULL DEFAULT 1,
  `padrao` tinyint(1) NOT NULL DEFAULT 0,
  `permite_edicao` tinyint(1) NOT NULL DEFAULT 1,
  `permite_exclusao` tinyint(1) NOT NULL DEFAULT 1,
  `created_at` timestamp NOT NULL DEFAULT current_timestamp(),
  `updated_at` timestamp NOT NULL DEFAULT current_timestamp() ON UPDATE current_timestamp(),
  `sync_data` timestamp NOT NULL DEFAULT current_timestamp(),
  `sync_hash` varchar(32) CHARACTER SET utf8 COLLATE utf8_unicode_ci DEFAULT NULL,
  `sync_status` enum('pendente','sincronizado','erro') CHARACTER SET utf8 COLLATE utf8_unicode_ci DEFAULT 'pendente',
  PRIMARY KEY (`id`),
  UNIQUE KEY `uk_empresa_origem_codigo` (`empresa_id`,`origem`,`codigo`),
  KEY `idx_ativo` (`ativo`),
  KEY `idx_empresa_origem` (`empresa_id`,`origem`)
) ENGINE=InnoDB DEFAULT CHARSET=utf8mb4 COLLATE=utf8mb4_unicode_ci ROW_FORMAT=DYNAMIC;

#
# Data for table "lancamento_status"
#


#
# Structure for table "lancamentos"
#

DROP TABLE IF EXISTS `meufinanceiro`.`lancamentos`;
CREATE TABLE `meufinanceiro`.`lancamentos` (
  `id` int(11) NOT NULL AUTO_INCREMENT,
  `cliente_id` int(11) NOT NULL DEFAULT 0,
  `mesa_id` int(11) NOT NULL DEFAULT 0,
  `tipo_id` int(11) DEFAULT NULL,
  `funcionario_id` int(11) NOT NULL,
  `usuario_id` int(11) DEFAULT NULL,
  `empresa_id` int(11) DEFAULT NULL,
  `caixa_id` int(11) DEFAULT NULL,
  `conta_gerencial_id` int(11) DEFAULT NULL,
  `tipo_lancamento_id` int(11) DEFAULT NULL,
  `data` datetime DEFAULT NULL,
  `valor` decimal(10,2) NOT NULL,
  `descricao` varchar(255) DEFAULT NULL,
  `data_vencimento` date DEFAULT NULL,
  `status` varchar(50) DEFAULT NULL,
  `parcela_referencia` varchar(50) DEFAULT NULL,
  `data_modificacao` datetime DEFAULT NULL,
  `origem` enum('pdv','lancamento','delivery') DEFAULT NULL COMMENT '''pdv'',''lancamento'',''delivery''',
  `tipo_venda` enum('venda','orcamento','devolucao') DEFAULT NULL,
  `status_pdv` enum('livre','ocupado','fechado','cancelado','excluido','finalizado','iniciado','producao','pronto_retirar','saiu_entrega','fila_preparo') NOT NULL DEFAULT 'livre' COMMENT '''livre'',''ocupado'',''fechado'',''cancelado'',''excluido'',''finalizado'',''iniciado'',''producao'',''pronto_retirar'',''saiu_entrega'',''fila_preparo''',
  `desconto` decimal(10,2) DEFAULT 0.00,
  `entregador_id` int(11) DEFAULT NULL,
  `endereco_id` int(11) DEFAULT NULL,
  `sync_status` enum('pendente','sincronizado','erro') DEFAULT 'pendente',
  `sync_data` timestamp NOT NULL DEFAULT current_timestamp(),
  `sync_hash` varchar(32) DEFAULT NULL,
  `created_at` timestamp NOT NULL DEFAULT current_timestamp(),
  `updated_at` timestamp NOT NULL DEFAULT current_timestamp() ON UPDATE current_timestamp(),
  PRIMARY KEY (`id`),
  KEY `idx_sync` (`sync_status`,`sync_data`)
) ENGINE=InnoDB AUTO_INCREMENT=373 DEFAULT CHARSET=utf8 COLLATE=utf8_unicode_ci ROW_FORMAT=DYNAMIC;

#
# Data for table "lancamentos"
#

INSERT INTO `lancamentos` VALUES (1,0,0,2,10,3,1,NULL,36,NULL,'2025-04-19 00:00:00',100.00,'FALTA','2025-04-19','ativo',NULL,NULL,'lancamento',NULL,'',0.00,NULL,NULL,'pendente','2025-07-23 05:10:01',NULL,'2025-07-23 05:00:56','2025-07-23 18:28:06'),(2,0,0,2,1,3,1,NULL,36,NULL,'2025-04-20 00:00:00',100.00,'falta','2025-04-20','ativo',NULL,NULL,'lancamento',NULL,'',0.00,NULL,NULL,'pendente','2025-07-23 05:10:01',NULL,'2025-07-23 05:00:56','2025-07-23 07:59:54'),(3,0,0,2,0,5,1,NULL,36,NULL,'2025-04-21 00:00:00',165.00,'Anna','2025-04-21','ativo',NULL,NULL,'lancamento',NULL,'',0.00,NULL,NULL,'pendente','2025-07-23 05:10:01',NULL,'2025-07-23 05:00:56','2025-07-23 07:59:54'),(4,0,0,2,11,3,1,NULL,36,NULL,'2025-04-21 00:00:00',300.00,'','2025-04-21','ativo',NULL,NULL,'lancamento',NULL,'',0.00,NULL,NULL,'pendente','2025-07-23 05:10:01',NULL,'2025-07-23 05:00:56','2025-07-23 07:59:55'),(5,0,0,1,0,3,1,NULL,31,NULL,'2025-04-18 00:00:00',1500.00,'','2025-04-18','ativo',NULL,NULL,'lancamento',NULL,'',0.00,NULL,NULL,'pendente','2025-07-23 05:10:01',NULL,'2025-07-23 05:00:56','2025-07-23 07:59:55'),(6,0,0,1,0,3,1,NULL,33,NULL,'2025-04-22 00:00:00',608.00,'','2025-04-22','ativo',NULL,NULL,'lancamento',NULL,'',0.00,NULL,NULL,'pendente','2025-07-23 05:10:01',NULL,'2025-07-23 05:00:56','2025-07-23 07:59:55'),(7,0,0,2,15,3,1,NULL,27,NULL,'2025-04-24 00:00:00',1472.00,' - PAGAMENTO DE SALÁRIO PARA ADHONIAS (CPF: 545433)','2025-04-24','ativo',NULL,NULL,'lancamento',NULL,'',0.00,NULL,NULL,'pendente','2025-07-23 05:10:01',NULL,'2025-07-23 05:00:56','2025-07-23 07:59:56'),(8,0,0,1,0,3,1,NULL,1,NULL,'2025-04-25 00:00:00',100.00,'','2025-04-25','ativo',NULL,NULL,'lancamento',NULL,'',0.00,NULL,NULL,'pendente','2025-07-23 05:10:01',NULL,'2025-07-23 05:00:56','2025-07-23 07:59:56'),(9,0,0,2,1,3,1,NULL,36,NULL,'2025-04-27 00:00:00',200.00,'','2025-04-26','ativo',NULL,NULL,'lancamento',NULL,'',0.00,NULL,NULL,'pendente','2025-07-23 05:10:01',NULL,'2025-07-23 05:00:56','2025-07-23 07:59:56'),(10,0,0,2,0,3,1,NULL,24,NULL,'2025-04-27 00:00:00',2500.00,'','2025-04-29','ativo',NULL,NULL,'lancamento',NULL,'',0.00,NULL,NULL,'pendente','2025-07-23 05:10:01',NULL,'2025-07-23 05:00:56','2025-07-23 07:59:57'),(11,0,0,1,0,3,1,NULL,33,NULL,'2025-04-27 00:00:00',335.00,'pix aloy','2025-04-26','ativo',NULL,NULL,'lancamento',NULL,'',0.00,NULL,NULL,'pendente','2025-07-23 05:10:01',NULL,'2025-07-23 05:00:56','2025-07-23 07:59:57'),(12,0,0,1,0,3,1,NULL,33,NULL,'2025-04-27 00:00:00',46.00,'','2025-04-26','ativo',NULL,NULL,'lancamento',NULL,'',0.00,NULL,NULL,'pendente','2025-07-23 05:10:01',NULL,'2025-07-23 05:00:56','2025-07-23 07:59:57'),(13,0,0,2,0,3,1,NULL,36,NULL,'2025-04-27 00:00:00',80.00,'sabrina','2025-04-26','ativo',NULL,NULL,'lancamento',NULL,'',0.00,NULL,NULL,'pendente','2025-07-23 05:10:01',NULL,'2025-07-23 05:00:56','2025-07-23 07:59:57'),(14,0,0,2,0,3,1,NULL,36,NULL,'2025-04-27 00:00:00',110.00,'jhony','2025-04-26','ativo',NULL,NULL,'lancamento',NULL,'',0.00,NULL,NULL,'pendente','2025-07-23 05:10:01',NULL,'2025-07-23 05:00:56','2025-07-23 07:59:58'),(15,0,0,1,0,3,1,NULL,31,NULL,'2025-04-27 00:00:00',156.00,'','2025-04-26','ativo',NULL,NULL,'lancamento',NULL,'',0.00,NULL,NULL,'pendente','2025-07-23 05:10:01',NULL,'2025-07-23 05:00:56','2025-07-23 07:59:58'),(16,0,0,2,0,3,1,NULL,11,NULL,'2025-04-27 00:00:00',9.00,'','2025-04-26','ativo',NULL,NULL,'lancamento',NULL,'',0.00,NULL,NULL,'pendente','2025-07-23 05:10:01',NULL,'2025-07-23 05:00:56','2025-07-23 07:59:58'),(17,0,0,1,0,3,1,NULL,33,NULL,'2025-04-27 00:00:00',101.00,'','2025-04-26','ativo',NULL,NULL,'lancamento',NULL,'',0.00,NULL,NULL,'pendente','2025-07-23 05:10:01',NULL,'2025-07-23 05:00:56','2025-07-23 07:59:59'),(18,0,0,1,0,3,1,NULL,31,NULL,'2025-04-27 00:00:00',137.00,'','2025-04-26','ativo',NULL,NULL,'lancamento',NULL,'',0.00,NULL,NULL,'pendente','2025-07-23 05:10:01',NULL,'2025-07-23 05:00:56','2025-07-23 07:59:59'),(19,0,0,1,0,3,1,NULL,31,NULL,'2025-04-27 00:00:00',75.00,'','2025-04-26','ativo',NULL,NULL,'lancamento',NULL,'',0.00,NULL,NULL,'pendente','2025-07-23 05:10:01',NULL,'2025-07-23 05:00:56','2025-07-23 07:59:59'),(20,0,0,2,16,3,1,NULL,36,NULL,'2025-04-27 00:00:00',20.00,'','2025-04-27','ativo',NULL,NULL,'lancamento',NULL,'',0.00,NULL,NULL,'pendente','2025-07-23 05:10:01',NULL,'2025-07-23 05:00:56','2025-07-23 07:59:59'),(21,0,0,2,0,3,1,NULL,36,NULL,'2025-04-27 00:00:00',100.00,'carlos','2025-04-26','ativo',NULL,NULL,'lancamento',NULL,'',0.00,NULL,NULL,'pendente','2025-07-23 05:10:01',NULL,'2025-07-23 05:00:56','2025-07-23 08:00:00'),(22,0,0,2,0,3,1,NULL,36,NULL,'2025-04-27 00:00:00',100.00,'sabrina','2025-04-26','ativo',NULL,NULL,'lancamento',NULL,'',0.00,NULL,NULL,'pendente','2025-07-23 05:10:01',NULL,'2025-07-23 05:00:56','2025-07-23 08:00:00'),(23,0,0,2,0,3,1,NULL,36,NULL,'2025-04-27 00:00:00',110.00,'','2025-04-26','ativo',NULL,NULL,'lancamento',NULL,'',0.00,NULL,NULL,'pendente','2025-07-23 05:10:01',NULL,'2025-07-23 05:00:56','2025-07-23 08:00:00'),(24,0,0,1,0,3,1,NULL,33,NULL,'2025-04-27 00:00:00',787.00,'','2025-04-27','ativo',NULL,NULL,'lancamento',NULL,'',0.00,NULL,NULL,'pendente','2025-07-23 05:10:01',NULL,'2025-07-23 05:00:56','2025-07-23 08:00:01'),(25,0,0,2,0,3,1,NULL,36,NULL,'2025-04-28 00:00:00',322.00,'','2025-04-28','ativo',NULL,NULL,'lancamento',NULL,'',0.00,NULL,NULL,'pendente','2025-07-23 05:10:01',NULL,'2025-07-23 05:00:56','2025-07-23 08:00:01'),(26,0,0,2,0,3,1,NULL,36,NULL,'2025-04-28 00:00:00',600.00,'','2025-04-28','ativo',NULL,NULL,'lancamento',NULL,'',0.00,NULL,NULL,'pendente','2025-07-23 05:10:01',NULL,'2025-07-23 05:00:56','2025-07-23 08:00:01'),(27,0,0,2,0,3,1,NULL,10,NULL,'2025-04-28 00:00:00',84.00,'conserto liquidificador','2025-04-28','ativo',NULL,NULL,'lancamento',NULL,'',0.00,NULL,NULL,'pendente','2025-07-23 05:10:01',NULL,'2025-07-23 05:00:56','2025-07-23 08:00:02'),(28,0,0,1,0,3,1,NULL,31,NULL,'2025-04-28 00:00:00',863.00,'','2025-04-28','ativo',NULL,NULL,'lancamento',NULL,'',0.00,NULL,NULL,'pendente','2025-07-23 05:10:01',NULL,'2025-07-23 05:00:56','2025-07-23 08:00:02'),(29,0,0,1,0,3,1,NULL,32,NULL,'2025-04-28 00:00:00',1241.00,'','2025-04-28','ativo',NULL,NULL,'lancamento',NULL,'',0.00,NULL,NULL,'pendente','2025-07-23 05:10:01',NULL,'2025-07-23 05:00:56','2025-07-23 08:00:02'),(30,0,0,1,0,3,1,NULL,33,NULL,'2025-04-28 00:00:00',1584.00,'','2025-04-28','ativo',NULL,NULL,'lancamento',NULL,'',0.00,NULL,NULL,'pendente','2025-07-23 05:10:01',NULL,'2025-07-23 05:00:56','2025-07-23 08:00:02'),(31,0,0,2,0,3,1,NULL,23,NULL,'2025-04-28 00:00:00',790.00,'','2025-04-29','ativo',NULL,NULL,'lancamento',NULL,'',0.00,NULL,NULL,'pendente','2025-07-23 05:10:01',NULL,'2025-07-23 05:00:56','2025-07-23 08:00:03'),(32,0,0,2,0,3,1,NULL,13,NULL,'2025-04-28 00:00:00',3000.00,'pagamento wesley','2025-04-29','ativo',NULL,NULL,'lancamento',NULL,'',0.00,NULL,NULL,'pendente','2025-07-23 05:10:01',NULL,'2025-07-23 05:00:56','2025-07-23 08:00:03'),(33,0,0,2,16,3,1,NULL,36,NULL,'2025-04-28 00:00:00',200.00,'','2025-04-28','ativo',NULL,NULL,'lancamento',NULL,'',0.00,NULL,NULL,'pendente','2025-07-23 05:10:01',NULL,'2025-07-23 05:00:56','2025-07-23 08:00:03'),(34,0,0,1,0,1,1,NULL,33,NULL,'2025-04-30 00:00:00',1015.00,'','2025-04-28','ativo',NULL,NULL,'lancamento',NULL,'',0.00,NULL,NULL,'pendente','2025-07-23 05:10:01',NULL,'2025-07-23 05:00:56','2025-07-23 08:00:04'),(35,0,0,1,0,1,1,NULL,31,NULL,'2025-04-30 00:00:00',151.00,'','2025-04-30','ativo',NULL,NULL,'lancamento',NULL,'',0.00,NULL,NULL,'pendente','2025-07-23 05:10:01',NULL,'2025-07-23 05:00:56','2025-07-23 08:00:04'),(36,0,0,1,0,1,1,NULL,32,NULL,'2025-04-30 00:00:00',1404.00,'','2025-04-30','ativo',NULL,NULL,'lancamento',NULL,'',0.00,NULL,NULL,'pendente','2025-07-23 05:10:01',NULL,'2025-07-23 05:00:56','2025-07-23 08:00:04'),(37,0,0,2,15,3,1,NULL,27,NULL,'2025-04-30 00:00:00',1417.00,'','2025-04-30','ativo',NULL,NULL,'lancamento',NULL,'',0.00,NULL,NULL,'pendente','2025-07-23 05:10:01',NULL,'2025-07-23 05:00:56','2025-07-23 08:00:05'),(38,0,0,2,0,3,1,NULL,5,NULL,'2025-04-30 00:00:00',1400.00,'','2025-04-25','ativo',NULL,NULL,'lancamento',NULL,'',0.00,NULL,NULL,'pendente','2025-07-23 05:10:01',NULL,'2025-07-23 05:00:56','2025-07-23 08:00:05'),(39,0,0,2,0,3,1,NULL,11,NULL,'2025-04-30 00:00:00',987.00,'','2025-04-30','ativo',NULL,NULL,'lancamento',NULL,'',0.00,NULL,NULL,'pendente','2025-07-23 05:10:01',NULL,'2025-07-23 05:00:56','2025-07-23 08:00:05'),(40,0,0,2,17,3,1,NULL,36,NULL,'2025-04-30 00:00:00',100.00,'pago em maos','2025-04-30','ativo',NULL,NULL,'lancamento',NULL,'',0.00,NULL,NULL,'pendente','2025-07-23 05:10:01',NULL,'2025-07-23 05:00:56','2025-07-23 08:00:05'),(41,0,0,2,0,3,1,NULL,43,NULL,'2025-04-30 00:00:00',15000.00,'','2025-05-10','ativo',NULL,NULL,'lancamento',NULL,'',0.00,NULL,NULL,'pendente','2025-07-23 05:10:01',NULL,'2025-07-23 05:00:56','2025-07-23 08:00:06'),(42,0,0,1,0,1,1,NULL,31,NULL,'2025-04-30 00:00:00',174.00,'','2025-04-30','ativo',NULL,NULL,'lancamento',NULL,'',0.00,NULL,NULL,'pendente','2025-07-23 05:10:01',NULL,'2025-07-23 05:00:56','2025-07-23 08:00:06'),(43,0,0,1,0,1,1,NULL,33,NULL,'2025-05-01 00:00:00',1381.20,'','2025-04-30','ativo',NULL,NULL,'lancamento',NULL,'',0.00,NULL,NULL,'pendente','2025-07-23 05:10:01',NULL,'2025-07-23 05:00:56','2025-07-23 08:00:06'),(44,0,0,1,0,1,1,NULL,32,NULL,'2025-05-01 00:00:00',3163.00,'','2025-05-01','ativo',NULL,NULL,'lancamento',NULL,'',0.00,NULL,NULL,'pendente','2025-07-23 05:10:01',NULL,'2025-07-23 05:00:56','2025-07-23 08:00:07'),(45,0,0,2,0,1,1,NULL,36,NULL,'2025-05-01 00:00:00',538.00,'','2025-05-01','ativo',NULL,NULL,'lancamento',NULL,'',0.00,NULL,NULL,'pendente','2025-07-23 05:10:01',NULL,'2025-07-23 05:00:56','2025-07-23 08:00:07'),(46,0,0,1,0,3,1,NULL,33,NULL,'2025-05-01 04:07:26',925.00,'','2025-05-01','ativo',NULL,'2025-05-01 04:08:49','lancamento',NULL,'',0.00,NULL,NULL,'pendente','2025-07-23 05:10:01',NULL,'2025-07-23 05:00:56','2025-07-23 08:00:07'),(47,0,0,1,0,3,1,NULL,32,NULL,'2025-05-01 04:10:01',1217.00,'','2025-05-01','ativo',NULL,'2025-05-01 04:10:01','lancamento',NULL,'',0.00,NULL,NULL,'pendente','2025-07-23 05:10:01',NULL,'2025-07-23 05:00:56','2025-07-23 08:00:08'),(48,0,0,1,0,3,1,NULL,31,NULL,'2025-05-01 04:11:26',161.00,'','2025-05-01','ativo',NULL,'2025-05-01 04:11:26','lancamento',NULL,'',0.00,NULL,NULL,'pendente','2025-07-23 05:10:01',NULL,'2025-07-23 05:00:56','2025-07-23 08:00:08'),(49,0,0,2,0,3,1,NULL,36,NULL,'2025-05-01 04:13:13',40.00,'gelo e mazinho','2025-05-01','ativo',NULL,'2025-05-01 04:13:13','lancamento',NULL,'',0.00,NULL,NULL,'pendente','2025-07-23 05:10:01',NULL,'2025-07-23 05:00:56','2025-07-23 08:00:08'),(50,0,0,2,0,3,1,NULL,36,NULL,'2025-05-01 04:14:15',80.00,'sabrina','2025-05-01','ativo',NULL,'2025-05-01 04:14:15','lancamento',NULL,'',0.00,NULL,NULL,'pendente','2025-07-23 05:10:01',NULL,'2025-07-23 05:00:56','2025-07-23 08:00:08'),(51,0,0,2,0,3,1,NULL,36,NULL,'2025-05-01 04:14:42',140.00,'','2025-05-01','ativo',NULL,'2025-05-01 04:14:42','lancamento',NULL,'',0.00,NULL,NULL,'pendente','2025-07-23 05:10:01',NULL,'2025-07-23 05:00:56','2025-07-23 08:00:09'),(52,0,0,2,0,3,1,NULL,43,NULL,'2025-05-01 04:19:26',15000.00,' (Parcela 1/7)','2025-05-10','ativo','parc_212559','2025-05-01 04:20:31','lancamento',NULL,'',0.00,NULL,NULL,'pendente','2025-07-23 05:10:01',NULL,'2025-07-23 05:00:56','2025-07-23 08:00:09'),(53,0,0,2,0,3,1,NULL,43,NULL,'2025-05-01 04:19:26',15000.00,' (Parcela 2/7)','2025-06-10','ativo','parc_212559','2025-05-01 04:20:31','lancamento',NULL,'',0.00,NULL,NULL,'pendente','2025-07-23 05:10:01',NULL,'2025-07-23 05:00:56','2025-07-23 08:00:09'),(54,0,0,2,0,3,1,NULL,43,NULL,'2025-05-01 04:19:26',15000.00,' (Parcela 3/7)','2025-07-10','ativo','parc_212559','2025-05-01 04:20:31','lancamento',NULL,'',0.00,NULL,NULL,'pendente','2025-07-23 05:10:01',NULL,'2025-07-23 05:00:56','2025-07-23 08:00:10'),(55,0,0,2,0,3,1,NULL,43,NULL,'2025-05-01 04:19:26',15000.00,' (Parcela 4/7)','2025-08-10','ativo','parc_212559','2025-05-01 04:20:31','lancamento',NULL,'',0.00,NULL,NULL,'pendente','2025-07-23 05:10:01',NULL,'2025-07-23 05:00:56','2025-07-23 08:00:10'),(56,0,0,2,0,3,1,NULL,43,NULL,'2025-05-01 04:19:26',15000.00,' (Parcela 5/7)','2025-09-10','ativo','parc_212559','2025-05-01 04:20:31','lancamento',NULL,'',0.00,NULL,NULL,'pendente','2025-07-23 05:10:01',NULL,'2025-07-23 05:00:56','2025-07-23 08:00:10'),(57,0,0,2,0,3,1,NULL,43,NULL,'2025-05-01 04:19:26',15000.00,' (Parcela 6/7)','2025-10-10','ativo','parc_212559','2025-05-01 04:20:31','lancamento',NULL,'',0.00,NULL,NULL,'pendente','2025-07-23 05:10:01',NULL,'2025-07-23 05:00:56','2025-07-23 08:00:10'),(58,0,0,2,0,3,1,NULL,43,NULL,'2025-05-01 04:19:26',15000.00,' (Parcela 7/7)','2025-11-10','ativo','parc_212559','2025-05-01 04:20:31','lancamento',NULL,'',0.00,NULL,NULL,'pendente','2025-07-23 05:10:01',NULL,'2025-07-23 05:00:56','2025-07-23 08:00:11'),(59,0,0,2,25,3,1,NULL,36,NULL,'2025-05-02 00:40:49',80.00,'Maria','2025-05-01','ativo',NULL,'2025-05-02 01:20:14','lancamento',NULL,'',0.00,NULL,NULL,'pendente','2025-07-23 05:10:01',NULL,'2025-07-23 05:00:56','2025-07-23 08:00:11'),(60,0,0,2,23,3,1,NULL,36,NULL,'2025-05-02 00:41:02',80.00,'carlos','2025-05-01','ativo',NULL,'2025-05-02 01:06:16','lancamento',NULL,'',0.00,NULL,NULL,'pendente','2025-07-23 05:10:01',NULL,'2025-07-23 05:00:56','2025-07-23 08:00:11'),(61,0,0,2,18,3,1,NULL,64,NULL,'2025-05-02 00:41:25',153.00,'','2025-05-01','ativo',NULL,'2025-05-02 01:04:47','lancamento',NULL,'',0.00,NULL,NULL,'pendente','2025-07-23 05:10:01',NULL,'2025-07-23 05:00:56','2025-07-23 08:00:12'),(62,0,0,2,8,3,1,NULL,36,NULL,'2025-05-02 00:45:51',80.00,'','2025-05-01','ativo',NULL,'2025-05-02 01:54:24','lancamento',NULL,'',0.00,NULL,NULL,'pendente','2025-07-23 05:10:01',NULL,'2025-07-23 05:00:56','2025-07-23 08:00:12'),(63,0,0,2,0,3,1,NULL,65,NULL,'2025-05-02 01:10:57',80.00,'sabrina','2025-05-02','ativo',NULL,'2025-05-02 13:55:25','lancamento',NULL,'',0.00,NULL,NULL,'pendente','2025-07-23 05:10:01',NULL,'2025-07-23 05:00:56','2025-07-23 08:00:12'),(64,0,0,2,8,3,1,NULL,27,NULL,'2025-05-02 01:51:44',600.00,'','2025-05-02','ativo',NULL,'2025-05-02 01:51:44','lancamento',NULL,'',0.00,NULL,NULL,'pendente','2025-07-23 05:10:01',NULL,'2025-07-23 05:00:56','2025-07-23 08:00:13'),(65,0,0,1,0,3,1,NULL,32,NULL,'2025-05-02 02:13:24',1165.00,'','2025-05-02','ativo',NULL,'2025-05-02 02:16:32','lancamento',NULL,'',0.00,NULL,NULL,'pendente','2025-07-23 05:10:01',NULL,'2025-07-23 05:00:56','2025-07-23 08:00:13'),(66,0,0,1,0,3,1,NULL,31,NULL,'2025-05-02 02:17:43',450.00,'','2025-05-02','ativo',NULL,'2025-05-02 02:17:43','lancamento',NULL,'',0.00,NULL,NULL,'pendente','2025-07-23 05:10:01',NULL,'2025-07-23 05:00:56','2025-07-23 08:00:13'),(67,0,0,1,0,3,1,NULL,33,NULL,'2025-05-02 02:19:27',1541.00,'','2025-05-02','ativo',NULL,'2025-05-02 02:19:27','lancamento',NULL,'',0.00,NULL,NULL,'pendente','2025-07-23 05:10:01',NULL,'2025-07-23 05:00:56','2025-07-23 08:00:13'),(68,0,0,2,1,3,1,NULL,27,NULL,'2025-05-02 17:20:27',164.00,'','2025-05-01','ativo',NULL,'2025-05-02 17:20:27','lancamento',NULL,'',0.00,NULL,NULL,'pendente','2025-07-23 05:10:01',NULL,'2025-07-23 05:00:56','2025-07-23 08:00:14'),(70,0,0,2,1,3,1,NULL,36,NULL,'2025-05-02 17:52:06',100.00,'','2025-05-02','ativo',NULL,'2025-05-02 17:53:02','lancamento',NULL,'',0.00,NULL,NULL,'pendente','2025-07-23 05:10:01',NULL,'2025-07-23 05:00:56','2025-07-23 08:00:14'),(71,0,0,2,0,3,1,NULL,66,NULL,'2025-04-01 00:00:00',174.00,'Transferência enviada pelo Pix - Jhone Pereira da Gama - •••.805.451-•• - COOP SICREDI VL DO CERRADO Agência: 802 Conta: 29362-1','2025-05-04','ativo',NULL,'2025-05-04 15:23:15','lancamento',NULL,'',0.00,NULL,NULL,'pendente','2025-07-23 05:10:01',NULL,'2025-07-23 05:00:56','2025-07-23 08:00:14'),(72,0,0,1,0,3,1,NULL,7,NULL,'2025-04-01 00:00:00',216.38,'Transferência recebida pelo Pix - SAFE2PAY INSTITUICAO DE PAGAMENTO LTDA - 31.037.942/0001-78 - BCO DO BRASIL S.A. (0001) Agência: 3418 Conta: 7158-7','2025-05-04','ativo',NULL,'2025-05-04 15:24:58','lancamento',NULL,'',0.00,NULL,NULL,'pendente','2025-07-23 05:10:01',NULL,'2025-07-23 05:00:56','2025-07-23 08:00:15'),(73,0,1,1,0,3,1,18,NULL,NULL,'2025-05-08 04:33:14',0.00,NULL,NULL,'ativo',NULL,NULL,'pdv',NULL,'ocupado',10.00,NULL,NULL,'pendente','2025-07-23 05:10:01',NULL,'2025-07-23 05:00:56','2025-07-23 08:00:15'),(74,0,2,1,0,3,1,18,33,1,'2025-05-15 03:46:42',0.00,NULL,'2025-05-15','ativo',NULL,'2025-05-15 03:46:42','pdv','venda','finalizado',0.00,NULL,NULL,'pendente','2025-07-23 05:10:01',NULL,'2025-07-23 05:00:56','2025-07-23 08:00:15'),(75,0,3,1,0,3,1,18,33,1,'2025-05-15 03:54:45',0.00,NULL,'2025-05-15','ativo',NULL,'2025-05-15 03:54:45','pdv','venda','finalizado',0.00,NULL,NULL,'pendente','2025-07-23 05:10:01',NULL,'2025-07-23 05:00:56','2025-07-23 08:00:16'),(76,0,2,1,0,3,1,18,33,1,'2025-05-15 04:23:31',0.00,NULL,'2025-05-15','ativo',NULL,'2025-05-15 04:23:31','pdv','venda','finalizado',0.00,NULL,NULL,'pendente','2025-07-23 05:10:01',NULL,'2025-07-23 05:00:56','2025-07-23 08:00:16'),(77,0,2,1,0,1,1,19,33,1,'2025-05-31 01:38:02',0.00,NULL,'2025-05-31','ativo',NULL,'2025-05-31 01:38:02','pdv','venda','finalizado',0.00,NULL,NULL,'pendente','2025-07-23 05:10:01',NULL,'2025-07-23 05:00:56','2025-07-23 08:00:16'),(78,0,0,1,15,1,1,NULL,33,3,'2025-05-31 01:40:02',90.06,'','2025-05-31','ativo',NULL,'2025-05-31 01:40:02','lancamento',NULL,'',0.00,NULL,NULL,'pendente','2025-07-23 05:10:01',NULL,'2025-07-23 05:00:56','2025-07-23 08:00:17'),(79,0,0,1,15,1,1,NULL,33,3,'2025-05-31 02:01:51',90.06,'','2025-05-31','ativo',NULL,'2025-05-31 02:01:51','lancamento',NULL,'',0.00,NULL,NULL,'pendente','2025-07-23 05:10:01',NULL,'2025-07-23 05:00:56','2025-07-23 08:00:17'),(80,0,2,1,0,1,1,19,33,1,'2025-05-31 02:45:57',0.00,NULL,'2025-05-31','ativo',NULL,'2025-05-31 02:45:57','pdv','venda','finalizado',0.00,NULL,NULL,'pendente','2025-07-23 05:10:01',NULL,'2025-07-23 05:00:56','2025-07-23 08:00:17'),(81,0,0,2,0,3,1,NULL,47,2,'2025-05-31 15:47:16',1000.00,'','2025-05-31','inativo',NULL,'2025-06-01 02:57:22','lancamento',NULL,'',0.00,NULL,NULL,'pendente','2025-07-23 05:10:01',NULL,'2025-07-23 05:00:56','2025-07-23 08:00:17'),(82,0,0,2,18,3,1,NULL,64,2,'2025-06-01 13:53:47',227.00,NULL,'2025-06-01','ativo',NULL,'2025-06-01 13:53:47','lancamento',NULL,'',0.00,NULL,NULL,'pendente','2025-07-23 05:10:01',NULL,'2025-07-23 05:00:56','2025-07-23 08:00:18'),(83,0,0,2,0,3,1,NULL,26,2,'2025-06-01 13:52:04',1787.00,'compras mercados','2025-06-01','ativo',NULL,'2025-06-03 02:30:19','lancamento',NULL,'',0.00,NULL,NULL,'pendente','2025-07-23 05:10:01',NULL,'2025-07-23 05:00:56','2025-07-23 08:00:18'),(84,0,0,2,0,3,1,NULL,36,2,'2025-06-01 13:50:08',100.00,NULL,'2025-06-01','ativo',NULL,'2025-06-01 13:50:08','lancamento',NULL,'',0.00,NULL,NULL,'pendente','2025-07-23 05:10:01',NULL,'2025-07-23 05:00:56','2025-07-23 08:00:18'),(85,0,0,2,10,3,1,NULL,65,2,'2025-06-01 13:49:20',100.00,NULL,'2025-06-01','ativo',NULL,'2025-06-01 13:49:20','lancamento',NULL,'',0.00,NULL,NULL,'pendente','2025-07-23 05:10:01',NULL,'2025-07-23 05:00:56','2025-07-23 08:00:19'),(86,0,0,2,16,3,1,NULL,36,2,'2025-06-01 13:47:59',150.00,NULL,'2025-06-01','ativo',NULL,'2025-06-01 13:48:13','lancamento',NULL,'',0.00,NULL,NULL,'pendente','2025-07-23 05:10:01',NULL,'2025-07-23 05:00:56','2025-07-23 08:00:19'),(87,0,0,2,26,3,1,NULL,65,2,'2025-06-01 13:46:53',100.00,'sabrina','2025-06-01','ativo',NULL,'2025-06-01 13:46:53','lancamento',NULL,'',0.00,NULL,NULL,'pendente','2025-07-23 05:10:01',NULL,'2025-07-23 05:00:56','2025-07-23 08:00:19'),(88,0,0,1,0,3,1,NULL,67,3,'2025-06-01 15:29:26',500.00,'EMPRESTIMO THIAGO','2025-06-01','ativo',NULL,'2025-06-01 15:29:26','lancamento',NULL,'',0.00,NULL,NULL,'pendente','2025-07-23 05:10:01',NULL,'2025-07-23 05:00:56','2025-07-23 08:00:20'),(89,0,0,1,0,3,1,NULL,31,3,'2025-06-01 15:34:31',396.00,'','2025-06-01','ativo',NULL,'2025-06-01 15:34:31','lancamento',NULL,'',0.00,NULL,NULL,'pendente','2025-07-23 05:10:01',NULL,'2025-07-23 05:00:56','2025-07-23 08:00:20'),(90,0,0,1,0,3,1,NULL,32,3,'2025-06-01 15:39:55',5074.00,'','2025-06-01','ativo',NULL,'2025-06-01 15:39:55','lancamento',NULL,'',0.00,NULL,NULL,'pendente','2025-07-23 05:10:01',NULL,'2025-07-23 05:00:56','2025-07-23 08:00:20'),(91,0,0,1,0,3,1,NULL,33,3,'2025-06-01 15:49:21',857.00,'','2025-06-01','ativo',NULL,'2025-06-01 15:49:21','lancamento',NULL,'',0.00,NULL,NULL,'pendente','2025-07-23 05:10:01',NULL,'2025-07-23 05:00:56','2025-07-23 08:00:20'),(92,0,0,2,28,3,1,NULL,36,2,'2025-06-01 22:42:22',100.00,'','2025-06-01','ativo',NULL,'2025-06-01 22:42:22','lancamento',NULL,'',0.00,NULL,NULL,'pendente','2025-07-23 05:10:01',NULL,'2025-07-23 05:00:56','2025-07-23 08:00:21'),(93,0,0,2,1,3,1,NULL,36,2,'2025-06-02 00:21:10',200.00,'','2025-06-01','ativo',NULL,'2025-06-02 00:21:10','lancamento',NULL,'',0.00,NULL,NULL,'pendente','2025-07-23 05:10:01',NULL,'2025-07-23 05:00:56','2025-07-23 08:00:21'),(94,0,0,2,10,3,1,NULL,65,2,'2025-06-02 00:21:54',200.00,'','2025-06-01','ativo',NULL,'2025-06-02 00:21:54','lancamento',NULL,'',0.00,NULL,NULL,'pendente','2025-07-23 05:10:01',NULL,'2025-07-23 05:00:56','2025-07-23 08:00:21'),(95,0,0,2,26,3,1,NULL,65,2,'2025-06-02 00:23:10',100.00,'','2025-06-01','ativo',NULL,'2025-06-02 00:23:10','lancamento',NULL,'',0.00,NULL,NULL,'pendente','2025-07-23 05:10:01',NULL,'2025-07-23 05:00:56','2025-07-23 08:00:22'),(96,0,0,2,0,3,1,NULL,26,2,'2025-06-02 00:31:34',1687.86,'','2025-06-01','ativo',NULL,'2025-06-03 02:29:59','lancamento',NULL,'',0.00,NULL,NULL,'pendente','2025-07-23 05:10:01',NULL,'2025-07-23 05:00:56','2025-07-23 08:00:22'),(98,0,0,1,0,3,1,NULL,33,3,'2025-06-02 00:40:05',2491.00,'','2025-06-01','ativo',NULL,'2025-06-02 00:40:05','lancamento',NULL,'',0.00,NULL,NULL,'pendente','2025-07-23 05:10:01',NULL,'2025-07-23 05:00:56','2025-07-23 08:00:22'),(99,0,0,1,0,3,1,NULL,32,3,'2025-06-02 01:02:04',3408.00,'','2025-06-01','ativo',NULL,'2025-06-02 01:02:04','lancamento',NULL,'',0.00,NULL,NULL,'pendente','2025-07-23 05:10:01',NULL,'2025-07-23 05:00:56','2025-07-23 08:00:23'),(100,0,0,1,0,3,1,NULL,31,3,'2025-06-02 01:07:20',64.00,'','2025-06-02','ativo',NULL,'2025-06-02 01:07:20','lancamento',NULL,'',0.00,NULL,NULL,'pendente','2025-07-23 05:10:01',NULL,'2025-07-23 05:00:56','2025-07-23 08:00:23'),(101,0,0,1,0,3,1,NULL,32,3,'2025-06-03 00:45:25',1580.00,'','2025-06-02','ativo',NULL,'2025-06-03 00:45:25','lancamento',NULL,'',0.00,NULL,NULL,'pendente','2025-07-23 05:10:01',NULL,'2025-07-23 05:00:56','2025-07-23 08:00:23'),(102,0,0,1,0,3,1,NULL,33,3,'2025-06-03 00:54:45',824.00,'','2025-06-02','ativo',NULL,'2025-06-03 00:54:45','lancamento',NULL,'',0.00,NULL,NULL,'pendente','2025-07-23 05:10:01',NULL,'2025-07-23 05:00:56','2025-07-23 08:00:23'),(103,0,0,1,0,3,1,NULL,31,3,'2025-06-03 00:57:14',242.00,'','2025-06-02','ativo',NULL,'2025-06-03 00:57:14','lancamento',NULL,'',0.00,NULL,NULL,'pendente','2025-07-23 05:10:01',NULL,'2025-07-23 05:00:56','2025-07-23 08:00:24'),(104,0,0,2,0,3,1,NULL,26,2,'2025-06-03 01:17:11',898.48,'','2025-06-02','ativo',NULL,'2025-06-03 02:29:47','lancamento',NULL,'',0.00,NULL,NULL,'pendente','2025-07-23 05:10:01',NULL,'2025-07-23 05:00:56','2025-07-23 08:00:24'),(105,0,0,2,0,3,1,NULL,26,2,'2025-06-03 01:21:53',1645.00,'','2025-06-03','ativo',NULL,'2025-06-03 02:53:06','lancamento',NULL,'',0.00,NULL,NULL,'pendente','2025-07-23 05:10:01',NULL,'2025-07-23 05:00:56','2025-07-23 08:00:24'),(106,0,0,2,0,3,1,NULL,27,2,'2025-06-03 01:23:24',678.00,'kedima funcionaria limpeza ','2025-06-03','ativo',NULL,'2025-06-03 01:23:24','lancamento',NULL,'',0.00,NULL,NULL,'pendente','2025-07-23 05:10:01',NULL,'2025-07-23 05:00:56','2025-07-23 08:00:25'),(107,0,0,2,0,3,1,NULL,5,2,'2025-06-03 01:25:11',1500.00,'tania financiamento','2025-06-03','ativo',NULL,'2025-06-03 01:33:07','lancamento',NULL,'',0.00,NULL,NULL,'pendente','2025-07-23 05:10:01',NULL,'2025-07-23 05:00:56','2025-07-23 08:00:25'),(108,0,0,2,0,3,1,NULL,11,2,'2025-06-03 01:28:43',628.00,'padaria cafe portugues','2025-05-15','ativo',NULL,'2025-06-03 01:28:43','lancamento',NULL,'',0.00,NULL,NULL,'pendente','2025-07-23 05:10:01',NULL,'2025-07-23 05:00:56','2025-07-23 08:00:25'),(109,0,0,2,0,3,1,NULL,5,2,'2025-06-03 01:31:45',2000.00,'emprestimo tania','2025-06-20','ativo',NULL,'2025-06-03 01:31:45','lancamento',NULL,'',0.00,NULL,NULL,'pendente','2025-07-23 05:10:01',NULL,'2025-07-23 05:00:56','2025-07-23 08:00:25'),(110,0,0,2,0,3,1,NULL,5,2,'2025-06-03 01:32:11',2000.00,'emprestimo tania','2025-07-20','ativo',NULL,'2025-06-03 01:32:11','lancamento',NULL,'',0.00,NULL,NULL,'pendente','2025-07-23 05:10:01',NULL,'2025-07-23 05:00:56','2025-07-23 08:00:26'),(111,0,0,2,0,3,1,NULL,5,2,'2025-06-03 01:32:40',1400.00,'emprestimo tania','2025-06-25','ativo',NULL,'2025-06-03 01:32:40','lancamento',NULL,'',0.00,NULL,NULL,'pendente','2025-07-23 05:10:01',NULL,'2025-07-23 05:00:56','2025-07-23 08:00:26'),(112,0,0,2,29,3,1,NULL,65,2,'2025-06-03 02:02:12',180.00,'mikael','2025-06-03','ativo',NULL,'2025-06-03 02:02:12','lancamento',NULL,'',0.00,NULL,NULL,'pendente','2025-07-23 05:10:01',NULL,'2025-07-23 05:00:56','2025-07-23 08:00:26'),(113,0,0,2,0,3,1,NULL,11,2,'2025-06-03 02:14:28',436.00,'','2025-06-03','ativo',NULL,'2025-06-03 02:14:28','lancamento',NULL,'',0.00,NULL,NULL,'pendente','2025-07-23 05:10:01',NULL,'2025-07-23 05:00:56','2025-07-23 08:00:27'),(114,0,0,2,17,3,1,NULL,36,2,'2025-06-03 02:15:07',200.00,'','2025-06-03','ativo',NULL,'2025-06-03 02:15:07','lancamento',NULL,'',0.00,NULL,NULL,'pendente','2025-07-23 05:10:01',NULL,'2025-07-23 05:00:56','2025-07-23 08:00:27'),(115,0,0,2,0,3,1,NULL,66,2,'2025-06-03 02:15:53',60.00,'CONSERTO MOTO','2025-06-03','ativo',NULL,'2025-06-03 02:15:53','lancamento',NULL,'',0.00,NULL,NULL,'pendente','2025-07-23 05:10:01',NULL,'2025-07-23 05:00:56','2025-07-23 08:00:27'),(116,0,0,2,0,3,1,NULL,68,2,'2025-06-03 02:20:57',559.00,'ALLOY MENSALIDADE','2025-06-03','ativo',NULL,'2025-06-03 02:20:57','lancamento',NULL,'',0.00,NULL,NULL,'pendente','2025-07-23 05:10:01',NULL,'2025-07-23 05:00:56','2025-07-23 08:00:28'),(117,0,0,2,0,3,1,NULL,26,2,'2025-06-03 02:22:30',42.00,'','2025-06-03','ativo',NULL,'2025-06-03 02:22:30','lancamento',NULL,'',0.00,NULL,NULL,'pendente','2025-07-23 05:10:01',NULL,'2025-07-23 05:00:56','2025-07-23 08:00:28'),(118,0,0,2,0,3,1,NULL,61,2,'2025-06-03 02:23:08',54.00,'','2025-06-03','ativo',NULL,'2025-06-03 02:23:08','lancamento',NULL,'',0.00,NULL,NULL,'pendente','2025-07-23 05:10:01',NULL,'2025-07-23 05:00:56','2025-07-23 08:00:28'),(119,0,0,2,0,3,1,NULL,11,2,'2025-06-03 02:25:16',557.00,'','2025-06-03','ativo',NULL,'2025-06-03 02:25:16','lancamento',NULL,'',0.00,NULL,NULL,'pendente','2025-07-23 05:10:01',NULL,'2025-07-23 05:00:56','2025-07-23 08:00:28'),(120,0,0,2,0,3,1,NULL,26,2,'2025-06-03 02:25:52',121.00,'','2025-06-03','ativo',NULL,'2025-06-03 02:25:52','lancamento',NULL,'',0.00,NULL,NULL,'pendente','2025-07-23 05:10:01',NULL,'2025-07-23 05:00:56','2025-07-23 08:00:29'),(121,0,0,2,0,3,1,NULL,27,2,'2025-06-03 02:26:35',200.00,'4 DIAS DE TRABALHO DO AMIGO DO EDDIE','2025-06-03','ativo',NULL,'2025-06-03 02:26:35','lancamento',NULL,'',0.00,NULL,NULL,'pendente','2025-07-23 05:10:01',NULL,'2025-07-23 05:00:56','2025-07-23 08:00:29'),(122,0,0,2,22,3,1,NULL,65,2,'2025-06-03 02:27:47',80.00,'','2025-06-03','ativo',NULL,'2025-06-03 02:27:47','lancamento',NULL,'',0.00,NULL,NULL,'pendente','2025-07-23 05:10:01',NULL,'2025-07-23 05:00:56','2025-07-23 08:00:29'),(123,0,0,2,11,3,1,NULL,27,2,'2025-06-03 02:28:18',350.00,'','2025-06-03','ativo',NULL,'2025-06-03 02:28:18','lancamento',NULL,'',0.00,NULL,NULL,'pendente','2025-07-23 05:10:01',NULL,'2025-07-23 05:00:56','2025-07-23 08:00:30'),(124,0,0,2,0,3,1,NULL,66,2,'2025-06-03 02:37:15',1000.00,'DINHEIRO THIAGO','2025-06-03','ativo',NULL,'2025-06-03 02:37:15','lancamento',NULL,'',0.00,NULL,NULL,'pendente','2025-07-23 05:10:01',NULL,'2025-07-23 05:00:56','2025-07-23 08:00:30'),(126,0,0,2,0,3,1,NULL,45,2,'2025-06-03 02:45:31',937.00,'IVANILDO MULTA','2025-06-03','ativo',NULL,'2025-06-03 02:45:31','lancamento',NULL,'',0.00,NULL,NULL,'pendente','2025-07-23 05:10:01',NULL,'2025-07-23 05:00:56','2025-07-23 08:00:30'),(130,0,0,2,14,3,1,NULL,36,2,'2025-06-03 03:19:19',80.00,'','2025-06-03','ativo',NULL,'2025-06-03 03:19:19','lancamento',NULL,'',0.00,NULL,NULL,'pendente','2025-07-23 05:10:01',NULL,'2025-07-23 05:00:56','2025-07-23 08:00:31'),(131,0,0,2,18,3,1,NULL,64,2,'2025-06-03 03:20:21',97.00,'','2025-06-02','ativo',NULL,'2025-06-07 18:35:18','lancamento',NULL,'',0.00,NULL,NULL,'pendente','2025-07-23 05:10:01',NULL,'2025-07-23 05:00:56','2025-07-23 08:00:31'),(132,0,0,2,0,3,1,NULL,26,2,'2025-06-03 03:21:10',20.00,'gelo','2025-06-03','ativo',NULL,'2025-06-03 03:21:10','lancamento',NULL,'',0.00,NULL,NULL,'pendente','2025-07-23 05:10:01',NULL,'2025-07-23 05:00:56','2025-07-23 08:00:31'),(133,0,0,2,1,3,1,NULL,27,2,'2025-06-03 14:12:00',1430.00,'','2025-06-03','ativo',NULL,'2025-06-03 14:12:00','lancamento',NULL,'',0.00,NULL,NULL,'pendente','2025-07-23 05:10:01',NULL,'2025-07-23 05:00:56','2025-07-23 08:00:31'),(134,0,0,1,1,3,1,NULL,69,3,'2025-06-03 14:12:36',853.00,'','2025-06-03','ativo',NULL,'2025-06-03 14:12:36','lancamento',NULL,'',0.00,NULL,NULL,'pendente','2025-07-23 05:10:01',NULL,'2025-07-23 05:00:56','2025-07-23 08:00:32'),(135,0,0,1,0,3,1,NULL,31,3,'2025-06-04 11:07:11',72.00,'','2025-06-04','ativo',NULL,'2025-06-04 11:07:11','lancamento',NULL,'',0.00,NULL,NULL,'pendente','2025-07-23 05:10:01',NULL,'2025-07-23 05:00:56','2025-07-23 08:00:32'),(136,0,0,1,0,3,1,NULL,33,3,'2025-06-04 11:09:47',622.00,'','2025-06-04','ativo',NULL,'2025-06-04 11:09:47','lancamento',NULL,'',0.00,NULL,NULL,'pendente','2025-07-23 05:10:01',NULL,'2025-07-23 05:00:56','2025-07-23 08:00:32'),(137,0,0,1,0,3,1,NULL,32,3,'2025-06-04 11:36:32',891.00,'','2025-06-04','ativo',NULL,'2025-06-04 11:36:32','lancamento',NULL,'',0.00,NULL,NULL,'pendente','2025-07-23 05:10:01',NULL,'2025-07-23 05:00:56','2025-07-23 08:00:33'),(138,0,0,2,0,3,1,NULL,26,2,'2025-06-04 15:32:41',350.00,'','2025-06-04','ativo',NULL,'2025-06-04 15:32:41','lancamento',NULL,'',0.00,NULL,NULL,'pendente','2025-07-23 05:10:01',NULL,'2025-07-23 05:00:56','2025-07-23 08:00:33'),(139,0,0,2,29,3,1,NULL,65,2,'2025-06-04 15:47:06',30.00,'','2025-06-04','ativo',NULL,'2025-06-04 15:47:06','lancamento',NULL,'',0.00,NULL,NULL,'pendente','2025-07-23 05:10:01',NULL,'2025-07-23 05:00:56','2025-07-23 08:00:33'),(140,0,0,2,0,3,1,NULL,26,2,'2025-06-04 15:47:45',524.00,'Soma digitada: 314+174+28+8 = 524,00','2025-06-04','ativo',NULL,'2025-06-04 15:47:45','lancamento',NULL,'',0.00,NULL,NULL,'pendente','2025-07-23 05:10:01',NULL,'2025-07-23 05:00:56','2025-07-23 08:00:34'),(141,0,0,2,0,3,1,NULL,11,2,'2025-06-04 15:53:55',2095.00,'coca','2025-06-04','ativo',NULL,'2025-06-04 15:56:02','lancamento',NULL,'',0.00,NULL,NULL,'pendente','2025-07-23 05:10:01',NULL,'2025-07-23 05:00:56','2025-07-23 08:00:34'),(142,0,0,2,16,3,1,NULL,27,2,'2025-06-04 15:57:19',200.00,'','2025-06-04','ativo',NULL,'2025-06-04 15:57:27','lancamento',NULL,'',0.00,NULL,NULL,'pendente','2025-07-23 05:10:01',NULL,'2025-07-23 05:00:56','2025-07-23 08:00:34'),(143,0,0,2,0,3,1,NULL,26,2,'2025-06-04 15:58:06',600.00,'','2025-06-04','ativo',NULL,'2025-06-04 15:58:06','lancamento',NULL,'',0.00,NULL,NULL,'pendente','2025-07-23 05:10:01',NULL,'2025-07-23 05:00:56','2025-07-23 08:00:34'),(144,0,0,2,0,3,1,NULL,26,2,'2025-06-04 15:59:23',490.67,'','2025-06-04','ativo',NULL,'2025-06-04 15:59:23','lancamento',NULL,'',0.00,NULL,NULL,'pendente','2025-07-23 05:10:01',NULL,'2025-07-23 05:00:56','2025-07-23 08:00:35'),(145,0,0,2,0,3,1,NULL,11,2,'2025-06-04 16:00:13',101.00,'','2025-06-04','ativo',NULL,'2025-06-04 16:00:13','lancamento',NULL,'',0.00,NULL,NULL,'pendente','2025-07-23 05:10:01',NULL,'2025-07-23 05:00:56','2025-07-23 08:00:35'),(146,0,0,2,0,3,1,NULL,10,2,'2025-06-04 16:01:45',70.00,'copo liquidificador','2025-06-04','ativo',NULL,'2025-06-04 16:02:05','lancamento',NULL,'',0.00,NULL,NULL,'pendente','2025-07-23 05:10:01',NULL,'2025-07-23 05:00:56','2025-07-23 08:00:35'),(147,0,0,2,0,3,1,NULL,11,2,'2025-06-04 16:02:34',90.00,'gelo de sabor','2025-06-04','ativo',NULL,'2025-06-04 16:02:34','lancamento',NULL,'',0.00,NULL,NULL,'pendente','2025-07-23 05:10:01',NULL,'2025-07-23 05:00:56','2025-07-23 08:00:36'),(148,0,0,2,18,3,1,NULL,64,2,'2025-06-05 01:20:49',101.00,'','2025-06-05','ativo',NULL,'2025-06-05 01:20:49','lancamento',NULL,'',0.00,NULL,NULL,'pendente','2025-07-23 05:10:01',NULL,'2025-07-23 05:00:56','2025-07-23 08:00:36'),(149,0,0,2,16,3,1,NULL,36,2,'2025-06-05 01:21:47',10.00,'','2025-06-05','ativo',NULL,'2025-06-05 01:21:47','lancamento',NULL,'',0.00,NULL,NULL,'pendente','2025-07-23 05:10:01',NULL,'2025-07-23 05:00:56','2025-07-23 08:00:36'),(150,0,0,1,0,3,1,NULL,32,3,'2025-06-05 01:27:43',1649.00,'','2025-06-05','ativo',NULL,'2025-06-05 14:59:45','lancamento',NULL,'',0.00,NULL,NULL,'pendente','2025-07-23 05:10:01',NULL,'2025-07-23 05:00:56','2025-07-23 08:00:37'),(151,0,0,1,0,3,1,NULL,33,3,'2025-06-05 01:29:16',1258.00,'','2025-06-05','ativo',NULL,'2025-06-05 01:29:16','lancamento',NULL,'',0.00,NULL,NULL,'pendente','2025-07-23 05:10:01',NULL,'2025-07-23 05:00:56','2025-07-23 08:00:37'),(152,0,0,1,0,3,1,NULL,31,3,'2025-06-05 01:38:04',113.00,'','2025-06-05','ativo',NULL,'2025-06-05 01:38:04','lancamento',NULL,'',0.00,NULL,NULL,'pendente','2025-07-23 05:10:01',NULL,'2025-07-23 05:00:56','2025-07-23 08:00:37'),(153,0,0,2,0,3,1,NULL,26,2,'2025-06-05 02:06:22',369.97,'Soma digitada: 181.97+16+172 = 369,97','2025-06-05','ativo',NULL,'2025-06-05 02:06:22','lancamento',NULL,'',0.00,NULL,NULL,'pendente','2025-07-23 05:10:01',NULL,'2025-07-23 05:00:56','2025-07-23 08:00:37'),(154,0,0,2,0,3,1,NULL,14,2,'2025-06-05 02:06:46',60.00,'','2025-06-05','ativo',NULL,'2025-06-05 02:06:46','lancamento',NULL,'',0.00,NULL,NULL,'pendente','2025-07-23 05:10:01',NULL,'2025-07-23 05:00:56','2025-07-23 08:00:38'),(155,0,0,2,29,3,1,NULL,36,2,'2025-06-05 02:08:28',45.60,'','2025-06-05','ativo',NULL,'2025-06-05 02:08:28','lancamento',NULL,'',0.00,NULL,NULL,'pendente','2025-07-23 05:10:01',NULL,'2025-07-23 05:00:56','2025-07-23 08:00:38'),(156,0,0,1,0,3,1,NULL,69,3,'2025-06-05 02:20:19',2500.00,'recebimento fazenda agua santa ','2025-06-05','ativo',NULL,'2025-06-05 02:20:19','lancamento',NULL,'',0.00,NULL,NULL,'pendente','2025-07-23 05:10:01',NULL,'2025-07-23 05:00:56','2025-07-23 08:00:38'),(157,0,0,1,0,3,1,NULL,67,3,'2025-06-05 02:21:54',1000.00,'recebimento alelo','2025-06-05','ativo',NULL,'2025-06-05 02:21:54','lancamento',NULL,'',0.00,NULL,NULL,'pendente','2025-07-23 05:10:01',NULL,'2025-07-23 05:00:56','2025-07-23 08:00:39'),(158,0,4,1,0,5,1,20,33,1,'2025-06-05 12:12:05',0.00,NULL,'2025-06-05','ativo',NULL,'2025-06-05 12:12:05','pdv','venda','finalizado',0.00,NULL,NULL,'pendente','2025-07-23 05:10:01',NULL,'2025-07-23 05:00:56','2025-07-23 08:00:39'),(159,0,0,2,0,3,1,NULL,11,2,'2025-06-05 13:27:25',3309.00,'','2025-06-05','ativo',NULL,'2025-06-05 13:27:25','lancamento',NULL,'',0.00,NULL,NULL,'pendente','2025-07-23 05:10:01',NULL,'2025-07-23 05:00:56','2025-07-23 08:00:39'),(160,0,0,2,0,3,1,NULL,26,2,'2025-06-05 13:28:27',147.50,'Mandioca ','2025-06-11','ativo',NULL,'2025-06-05 13:30:41','lancamento',NULL,'',0.00,NULL,NULL,'pendente','2025-07-23 05:10:01',NULL,'2025-07-23 05:00:56','2025-07-23 08:00:40'),(161,0,0,2,11,3,1,NULL,27,2,'2025-06-05 13:51:31',600.00,'','2025-06-05','ativo',NULL,'2025-06-05 13:51:38','lancamento',NULL,'',0.00,NULL,NULL,'pendente','2025-07-23 05:10:01',NULL,'2025-07-23 05:00:56','2025-07-23 08:00:40'),(162,0,0,2,0,3,1,NULL,26,2,'2025-06-06 01:42:40',115.75,'Soma digitada: 79.50+36.25 = 115,75','2025-06-06','ativo',NULL,'2025-06-06 01:42:40','lancamento',NULL,'',0.00,NULL,NULL,'pendente','2025-07-23 05:10:01',NULL,'2025-07-23 05:00:56','2025-07-23 08:00:40'),(163,0,0,2,0,3,1,NULL,26,2,'2025-06-06 01:44:47',700.00,'','2025-06-06','ativo',NULL,'2025-06-06 01:44:47','lancamento',NULL,'',0.00,NULL,NULL,'pendente','2025-07-23 05:10:01',NULL,'2025-07-23 05:00:56','2025-07-23 08:00:40'),(164,0,0,1,0,3,1,NULL,32,3,'2025-06-06 01:46:40',924.00,'','2025-06-06','ativo',NULL,'2025-06-06 13:55:07','lancamento',NULL,'',0.00,NULL,NULL,'pendente','2025-07-23 05:10:01',NULL,'2025-07-23 05:00:56','2025-07-23 08:00:41'),(165,0,0,1,0,3,1,NULL,33,3,'2025-06-06 01:53:13',1193.00,'','2025-06-06','ativo',NULL,'2025-06-06 01:53:13','lancamento',NULL,'',0.00,NULL,NULL,'pendente','2025-07-23 05:10:01',NULL,'2025-07-23 05:00:56','2025-07-23 08:00:41'),(166,0,0,1,0,3,1,NULL,31,3,'2025-06-06 01:54:29',474.00,'','2025-06-06','ativo',NULL,'2025-06-06 01:54:29','lancamento',NULL,'',0.00,NULL,NULL,'pendente','2025-07-23 05:10:01',NULL,'2025-07-23 05:00:56','2025-07-23 08:00:41'),(167,0,0,1,0,3,1,NULL,32,3,'2025-06-07 01:54:51',4012.00,'','2025-06-07','ativo',NULL,'2025-06-07 01:54:51','lancamento',NULL,'',0.00,NULL,NULL,'pendente','2025-07-23 05:10:01',NULL,'2025-07-23 05:00:56','2025-07-23 08:00:42'),(168,0,0,1,0,3,1,NULL,33,3,'2025-06-07 01:59:29',1645.00,'','2025-06-07','ativo',NULL,'2025-06-07 01:59:29','lancamento',NULL,'',0.00,NULL,NULL,'pendente','2025-07-23 05:10:01',NULL,'2025-07-23 05:00:56','2025-07-23 08:00:42'),(169,0,0,2,29,3,1,NULL,65,2,'2025-06-07 02:06:31',200.00,'','2025-06-07','ativo',NULL,'2025-06-07 02:06:31','lancamento',NULL,'',0.00,NULL,NULL,'pendente','2025-07-23 05:10:01',NULL,'2025-07-23 05:00:56','2025-07-23 08:00:42'),(170,0,0,2,16,3,1,NULL,36,2,'2025-06-07 02:07:10',150.00,'','2025-06-07','ativo',NULL,'2025-06-07 02:07:10','lancamento',NULL,'',0.00,NULL,NULL,'pendente','2025-07-23 05:10:01',NULL,'2025-07-23 05:00:56','2025-07-23 08:00:43'),(171,0,0,2,33,3,1,NULL,36,2,'2025-06-07 02:14:29',200.00,'','2025-06-07','ativo',NULL,'2025-06-07 02:14:29','lancamento',NULL,'',0.00,NULL,NULL,'pendente','2025-07-23 05:10:01',NULL,'2025-07-23 05:00:56','2025-07-23 08:00:43'),(172,0,0,2,18,3,1,NULL,64,2,'2025-06-07 02:17:26',127.00,'','2025-06-07','ativo',NULL,'2025-06-07 02:17:26','lancamento',NULL,'',0.00,NULL,NULL,'pendente','2025-07-23 05:10:01',NULL,'2025-07-23 05:00:56','2025-07-23 08:00:43'),(173,0,0,2,0,3,1,NULL,26,2,'2025-06-07 02:24:41',1547.00,'Soma digitada: 450+431+666 = 1.547,00','2025-06-07','ativo',NULL,'2025-06-07 02:24:41','lancamento',NULL,'',0.00,NULL,NULL,'pendente','2025-07-23 05:10:01',NULL,'2025-07-23 05:00:56','2025-07-23 08:00:43'),(174,0,0,2,0,3,1,NULL,26,2,'2025-06-07 16:48:24',1267.00,'','2025-06-07','ativo',NULL,'2025-06-07 16:48:24','lancamento',NULL,'',0.00,NULL,NULL,'pendente','2025-07-23 05:10:01',NULL,'2025-07-23 05:00:56','2025-07-23 08:00:44'),(175,0,0,2,0,3,1,NULL,26,2,'2025-06-07 17:56:00',402.00,'','2025-06-07','ativo',NULL,'2025-06-07 17:56:00','lancamento',NULL,'',0.00,NULL,NULL,'pendente','2025-07-23 05:10:01',NULL,'2025-07-23 05:00:56','2025-07-23 08:00:44'),(176,0,0,2,0,3,1,NULL,11,2,'2025-06-07 18:16:09',58.00,'','2025-06-07','ativo',NULL,'2025-06-07 18:16:09','lancamento',NULL,'',0.00,NULL,NULL,'pendente','2025-07-23 05:10:01',NULL,'2025-07-23 05:00:56','2025-07-23 08:00:44'),(177,0,0,2,18,3,1,NULL,64,2,'2025-06-07 18:36:05',55.00,'','2025-06-04','ativo',NULL,'2025-06-07 18:37:35','lancamento',NULL,'',0.00,NULL,NULL,'pendente','2025-07-23 05:10:01',NULL,'2025-07-23 05:00:56','2025-07-23 08:00:45'),(178,0,0,2,18,3,1,NULL,64,2,'2025-06-07 18:37:58',145.00,'','2025-06-07','ativo',NULL,'2025-06-07 18:37:58','lancamento',NULL,'',0.00,NULL,NULL,'pendente','2025-07-23 05:10:01',NULL,'2025-07-23 05:00:56','2025-07-23 08:00:45'),(179,0,0,2,0,3,1,NULL,26,2,'2025-06-08 12:42:59',903.00,'','2025-06-08','ativo',NULL,'2025-06-08 12:42:59','lancamento',NULL,'',0.00,NULL,NULL,'pendente','2025-07-23 05:10:01',NULL,'2025-07-23 05:00:56','2025-07-23 08:00:45'),(181,0,0,1,0,3,1,NULL,31,3,'2025-06-09 15:09:59',287.00,'','2025-06-09','ativo',NULL,'2025-06-09 15:09:59','lancamento',NULL,'',0.00,NULL,NULL,'pendente','2025-07-23 05:10:01',NULL,'2025-07-23 05:00:56','2025-07-23 08:00:46'),(182,0,0,2,0,3,1,NULL,24,2,'2025-06-09 15:23:03',2575.15,'energia','2025-06-09','ativo',NULL,'2025-06-14 03:53:10','lancamento',NULL,'',0.00,NULL,NULL,'pendente','2025-07-23 05:10:01',NULL,'2025-07-23 05:00:56','2025-07-23 08:00:46'),(183,0,0,1,0,3,1,NULL,32,3,'2025-06-09 15:23:58',5548.00,'','2025-06-09','ativo',NULL,'2025-06-09 15:23:58','lancamento',NULL,'',0.00,NULL,NULL,'pendente','2025-07-23 05:10:01',NULL,'2025-07-23 05:00:56','2025-07-23 08:00:46'),(184,0,0,2,15,3,1,NULL,13,2,'2025-06-09 15:45:15',2300.00,'acerto adonias','2025-06-16','ativo',NULL,'2025-06-10 01:25:10','lancamento',NULL,'',0.00,NULL,NULL,'pendente','2025-07-23 05:10:01',NULL,'2025-07-23 05:00:56','2025-07-23 08:00:46'),(185,0,0,1,0,3,1,NULL,33,3,'2025-06-09 16:52:51',2628.00,'','2025-06-09','ativo',NULL,'2025-06-09 16:52:51','lancamento',NULL,'',0.00,NULL,NULL,'pendente','2025-07-23 05:10:01',NULL,'2025-07-23 05:00:56','2025-07-23 08:00:47'),(186,0,0,2,0,3,1,NULL,5,2,'2025-06-09 17:08:47',5000.00,'cheque agiota ','2025-06-09','ativo',NULL,'2025-06-09 17:11:45','lancamento',NULL,'',0.00,NULL,NULL,'pendente','2025-07-23 05:10:01',NULL,'2025-07-23 05:00:56','2025-07-23 08:00:47'),(187,0,0,1,0,3,1,NULL,32,3,'2025-06-10 01:08:26',763.00,'','2025-06-10','ativo',NULL,'2025-06-10 01:08:26','lancamento',NULL,'',0.00,NULL,NULL,'pendente','2025-07-23 05:10:01',NULL,'2025-07-23 05:00:56','2025-07-23 08:00:47'),(188,0,0,1,0,3,1,NULL,31,3,'2025-06-10 01:14:51',33.00,'','2025-06-10','ativo',NULL,'2025-06-10 01:14:51','lancamento',NULL,'',0.00,NULL,NULL,'pendente','2025-07-23 05:10:01',NULL,'2025-07-23 05:00:56','2025-07-23 08:00:48'),(189,0,0,1,0,3,1,NULL,33,3,'2025-06-10 01:16:35',1130.00,'','2025-06-10','ativo',NULL,'2025-06-10 01:16:35','lancamento',NULL,'',0.00,NULL,NULL,'pendente','2025-07-23 05:10:01',NULL,'2025-07-23 05:00:56','2025-07-23 08:00:48'),(190,0,0,2,18,3,1,NULL,64,2,'2025-06-10 01:19:06',132.00,'hoje dia 09','2025-06-10','ativo',NULL,'2025-06-10 01:19:31','lancamento',NULL,'',0.00,NULL,NULL,'pendente','2025-07-23 05:10:01',NULL,'2025-07-23 05:00:56','2025-07-23 08:00:48'),(191,0,0,2,18,3,1,NULL,64,2,'2025-06-10 01:20:07',333.00,'Soma digitada: 150+173 = 183,00','2025-06-10','ativo',NULL,'2025-06-10 01:26:33','lancamento',NULL,'',0.00,NULL,NULL,'pendente','2025-07-23 05:10:01',NULL,'2025-07-23 05:00:56','2025-07-23 08:00:48'),(192,0,0,2,26,3,1,NULL,65,2,'2025-06-10 01:21:03',200.00,'','2025-06-10','ativo',NULL,'2025-06-10 01:21:03','lancamento',NULL,'',0.00,NULL,NULL,'pendente','2025-07-23 05:10:01',NULL,'2025-07-23 05:00:56','2025-07-23 08:00:49'),(193,0,0,2,29,3,1,NULL,65,2,'2025-06-10 01:21:36',157.62,'','2025-06-10','ativo',NULL,'2025-06-10 01:21:36','lancamento',NULL,'',0.00,NULL,NULL,'pendente','2025-07-23 05:10:01',NULL,'2025-07-23 05:00:56','2025-07-23 08:00:49'),(194,0,0,2,17,3,1,NULL,65,2,'2025-06-10 01:24:09',100.00,'','2025-06-10','ativo',NULL,'2025-06-10 01:24:09','lancamento',NULL,'',0.00,NULL,NULL,'pendente','2025-07-23 05:10:01',NULL,'2025-07-23 05:00:56','2025-07-23 08:00:49'),(195,0,0,2,0,3,1,NULL,26,2,'2025-06-10 01:33:06',751.76,'Soma digitada: 39.95+45.37+292+78.44+296 = 751,76','2025-06-10','ativo',NULL,'2025-06-10 01:33:06','lancamento',NULL,'',0.00,NULL,NULL,'pendente','2025-07-23 05:10:01',NULL,'2025-07-23 05:00:56','2025-07-23 08:00:50'),(196,0,0,2,16,3,1,NULL,36,2,'2025-06-10 01:33:41',100.00,'','2025-06-10','ativo',NULL,'2025-06-10 01:33:41','lancamento',NULL,'',0.00,NULL,NULL,'pendente','2025-07-23 05:10:01',NULL,'2025-07-23 05:00:56','2025-07-23 08:00:50'),(197,0,0,2,0,3,1,NULL,26,2,'2025-06-10 01:36:09',178.02,'Soma digitada: 9.50+168.52+ = 178,02','2025-06-10','ativo',NULL,'2025-06-10 01:36:09','lancamento',NULL,'',0.00,NULL,NULL,'pendente','2025-07-23 05:10:01',NULL,'2025-07-23 05:00:56','2025-07-23 08:00:50'),(198,0,0,2,17,3,1,NULL,65,2,'2025-06-10 01:38:24',150.00,'pablo','2025-06-10','ativo',NULL,'2025-06-10 01:38:24','lancamento',NULL,'',0.00,NULL,NULL,'pendente','2025-07-23 05:10:01',NULL,'2025-07-23 05:00:56','2025-07-23 08:00:51'),(199,0,0,2,0,3,1,NULL,26,2,'2025-06-10 01:39:51',1598.37,'Soma digitada: 103+42+74.4+1304+74.97+ = 1.598,37','2025-06-10','ativo',NULL,'2025-06-10 01:39:51','lancamento',NULL,'',0.00,NULL,NULL,'pendente','2025-07-23 05:10:01',NULL,'2025-07-23 05:00:56','2025-07-23 08:00:51'),(200,0,0,2,0,3,1,NULL,61,2,'2025-06-10 01:41:24',265.00,'','2025-06-10','ativo',NULL,'2025-06-10 01:41:24','lancamento',NULL,'',0.00,NULL,NULL,'pendente','2025-07-23 05:10:01',NULL,'2025-07-23 05:00:56','2025-07-23 08:00:51'),(201,0,0,2,0,3,1,NULL,70,2,'2025-06-10 01:47:20',650.00,'DESPESAS PIZZARIA ','2025-06-10','ativo',NULL,'2025-06-10 01:47:20','lancamento',NULL,'',0.00,NULL,NULL,'pendente','2025-07-23 05:10:01',NULL,'2025-07-23 05:00:56','2025-07-23 08:00:51'),(202,0,0,2,0,3,1,NULL,26,2,'2025-06-10 01:48:29',400.00,'','2025-06-10','ativo',NULL,'2025-06-10 01:48:29','lancamento',NULL,'',0.00,NULL,NULL,'pendente','2025-07-23 05:10:01',NULL,'2025-07-23 05:00:56','2025-07-23 08:00:52'),(203,0,0,2,34,3,1,NULL,27,2,'2025-06-10 10:54:23',1518.00,'','2025-06-10','ativo',NULL,'2025-06-10 10:54:23','lancamento',NULL,'',0.00,NULL,NULL,'pendente','2025-07-23 05:10:01',NULL,'2025-07-23 05:00:56','2025-07-23 08:00:52'),(204,0,2,1,0,3,1,18,33,1,'2025-06-10 11:03:40',0.00,'','2025-06-10','ativo',NULL,'2025-06-10 11:03:40','pdv','venda','ocupado',0.00,NULL,NULL,'pendente','2025-07-23 05:10:01',NULL,'2025-07-23 05:00:56','2025-07-23 08:00:52'),(205,0,0,1,0,1,1,NULL,33,3,'2025-06-11 01:34:42',934.00,'','2025-06-11','ativo',NULL,'2025-06-11 01:34:42','lancamento',NULL,'',0.00,NULL,NULL,'pendente','2025-07-23 05:10:01',NULL,'2025-07-23 05:00:56','2025-07-23 08:00:53'),(206,0,0,1,0,1,1,NULL,31,3,'2025-06-11 01:40:22',1251.00,'','2025-06-11','ativo',NULL,'2025-06-11 01:40:22','lancamento',NULL,'',0.00,NULL,NULL,'pendente','2025-07-23 05:10:01',NULL,'2025-07-23 05:00:56','2025-07-23 08:00:53'),(207,0,0,2,18,1,1,NULL,64,2,'2025-06-11 01:42:20',100.00,'','2025-06-11','ativo',NULL,'2025-06-11 01:42:20','lancamento',NULL,'',0.00,NULL,NULL,'pendente','2025-07-23 05:10:01',NULL,'2025-07-23 05:00:56','2025-07-23 08:00:53'),(208,0,0,2,29,1,1,NULL,27,2,'2025-06-11 01:43:27',30.00,'','2025-06-11','ativo',NULL,'2025-06-11 01:43:27','lancamento',NULL,'',0.00,NULL,NULL,'pendente','2025-07-23 05:10:01',NULL,'2025-07-23 05:00:56','2025-07-23 08:00:54'),(209,0,0,2,10,1,1,NULL,65,2,'2025-06-11 01:44:13',500.00,'','2025-06-11','ativo',NULL,'2025-06-11 01:44:13','lancamento',NULL,'',0.00,NULL,NULL,'pendente','2025-07-23 05:10:01',NULL,'2025-07-23 05:00:56','2025-07-23 08:00:54'),(210,0,0,2,0,1,1,NULL,26,2,'2025-06-11 01:51:39',511.37,'Soma digitada: 83.37+65+363 = 511,37','2025-06-11','ativo',NULL,'2025-06-11 01:51:39','lancamento',NULL,'',0.00,NULL,NULL,'pendente','2025-07-23 05:10:01',NULL,'2025-07-23 05:00:56','2025-07-23 08:00:54'),(211,0,0,2,0,1,1,NULL,10,2,'2025-06-11 01:52:45',1000.00,'','2025-06-11','ativo',NULL,'2025-06-11 01:52:45','lancamento',NULL,'',0.00,NULL,NULL,'pendente','2025-07-23 05:10:01',NULL,'2025-07-23 05:00:56','2025-07-23 08:00:54'),(212,0,0,2,0,1,1,NULL,14,2,'2025-06-11 01:53:15',100.00,'','2025-06-11','ativo',NULL,'2025-06-11 01:53:15','lancamento',NULL,'',0.00,NULL,NULL,'pendente','2025-07-23 05:10:01',NULL,'2025-07-23 05:00:56','2025-07-23 08:00:55'),(213,0,0,2,0,3,1,NULL,11,2,'2025-06-11 15:08:58',1929.67,'','2025-06-11','ativo',NULL,'2025-06-11 15:08:58','lancamento',NULL,'',0.00,NULL,NULL,'pendente','2025-07-23 05:10:01',NULL,'2025-07-23 05:00:56','2025-07-23 08:00:55'),(214,0,0,2,0,3,1,NULL,11,2,'2025-06-12 01:18:27',427.60,'','2025-06-12','ativo',NULL,'2025-06-12 01:22:16','lancamento',NULL,'',0.00,NULL,NULL,'pendente','2025-07-23 05:10:01',NULL,'2025-07-23 05:00:56','2025-07-23 08:00:55'),(215,0,0,2,37,3,1,NULL,65,2,'2025-06-12 01:23:27',80.00,'','2025-06-12','ativo',NULL,'2025-06-12 01:23:27','lancamento',NULL,'',0.00,NULL,NULL,'pendente','2025-07-23 05:10:01',NULL,'2025-07-23 05:00:56','2025-07-23 08:00:56'),(216,0,0,2,14,3,1,NULL,27,2,'2025-06-12 01:28:19',470.00,'','2025-06-12','ativo',NULL,'2025-06-12 01:28:19','lancamento',NULL,'',0.00,NULL,NULL,'pendente','2025-07-23 05:10:01',NULL,'2025-07-23 05:00:56','2025-07-23 08:00:56'),(217,0,0,2,14,3,1,NULL,27,2,'2025-06-12 01:28:47',500.00,'','2025-06-12','ativo',NULL,'2025-06-12 01:28:47','lancamento',NULL,'',0.00,NULL,NULL,'pendente','2025-07-23 05:10:01',NULL,'2025-07-23 05:00:56','2025-07-23 08:00:56'),(218,0,0,1,0,3,1,NULL,32,3,'2025-06-12 01:33:40',1734.00,'','2025-06-12','ativo',NULL,'2025-06-12 01:33:40','lancamento',NULL,'',0.00,NULL,NULL,'pendente','2025-07-23 05:10:01',NULL,'2025-07-23 05:00:56','2025-07-23 08:00:57'),(219,0,0,1,0,3,1,NULL,33,3,'2025-06-12 01:36:47',320.00,'','2025-06-12','ativo',NULL,'2025-06-12 01:37:32','lancamento',NULL,'',0.00,NULL,NULL,'pendente','2025-07-23 05:10:01',NULL,'2025-07-23 05:00:56','2025-07-23 08:00:57'),(220,0,0,1,0,3,1,NULL,31,3,'2025-06-12 01:42:16',391.00,'','2025-06-12','ativo',NULL,'2025-06-12 01:42:16','lancamento',NULL,'',0.00,NULL,NULL,'pendente','2025-07-23 05:10:01',NULL,'2025-07-23 05:00:56','2025-07-23 08:00:57'),(221,0,0,2,18,3,1,NULL,64,2,'2025-06-12 01:48:06',66.00,'','2025-06-12','ativo',NULL,'2025-06-12 01:48:06','lancamento',NULL,'',0.00,NULL,NULL,'pendente','2025-07-23 05:10:01',NULL,'2025-07-23 05:00:56','2025-07-23 08:00:57'),(222,0,0,2,0,3,1,NULL,26,2,'2025-06-12 14:41:38',399.40,'Soma digitada: 266+133.4 = 399,40','2025-06-12','ativo',NULL,'2025-06-12 14:41:38','lancamento',NULL,'',0.00,NULL,NULL,'pendente','2025-07-23 05:10:01',NULL,'2025-07-23 05:00:56','2025-07-23 08:00:58'),(223,0,0,1,0,3,1,NULL,32,3,'2025-06-13 01:31:51',3481.00,'','2025-06-13','ativo',NULL,'2025-06-13 01:31:51','lancamento',NULL,'',0.00,NULL,NULL,'pendente','2025-07-23 05:10:01',NULL,'2025-07-23 05:00:56','2025-07-23 08:00:58'),(224,0,0,1,0,3,1,NULL,33,3,'2025-06-13 01:33:53',1052.00,'','2025-06-13','ativo',NULL,'2025-06-13 01:33:53','lancamento',NULL,'',0.00,NULL,NULL,'pendente','2025-07-23 05:10:01',NULL,'2025-07-23 05:00:56','2025-07-23 08:00:58'),(225,0,0,1,0,3,1,NULL,31,3,'2025-06-13 01:35:18',380.00,'','2025-06-13','ativo',NULL,'2025-06-13 01:35:18','lancamento',NULL,'',0.00,NULL,NULL,'pendente','2025-07-23 05:10:01',NULL,'2025-07-23 05:00:56','2025-07-23 08:00:59'),(226,0,0,2,29,3,1,NULL,65,2,'2025-06-13 01:42:21',137.60,'','2025-06-13','ativo',NULL,'2025-06-13 01:43:07','lancamento',NULL,'',0.00,NULL,NULL,'pendente','2025-07-23 05:10:01',NULL,'2025-07-23 05:00:56','2025-07-23 08:00:59'),(227,0,0,2,16,3,1,NULL,36,2,'2025-06-13 01:44:02',230.00,'','2025-06-13','ativo',NULL,'2025-06-13 01:46:12','lancamento',NULL,'',0.00,NULL,NULL,'pendente','2025-07-23 05:10:01',NULL,'2025-07-23 05:00:56','2025-07-23 08:00:59'),(228,0,0,2,0,3,1,NULL,26,2,'2025-06-13 01:48:32',399.00,'ovos e mandioca','2025-06-13','ativo',NULL,'2025-06-13 01:49:48','lancamento',NULL,'',0.00,NULL,NULL,'pendente','2025-07-23 05:10:01',NULL,'2025-07-23 05:00:56','2025-07-23 08:01:00'),(229,0,0,2,0,3,1,NULL,26,2,'2025-06-13 01:51:23',1080.85,'Soma digitada: 709.58+336.28+16.99+18 = 1.080,85','2025-06-13','ativo',NULL,'2025-06-13 01:51:23','lancamento',NULL,'',0.00,NULL,NULL,'pendente','2025-07-23 05:10:01',NULL,'2025-07-23 05:00:56','2025-07-23 08:01:00'),(230,0,0,2,28,3,1,NULL,65,2,'2025-06-14 00:24:06',80.00,'diaria feijoada  domingo','2025-06-13','ativo',NULL,'2025-06-14 00:24:06','lancamento',NULL,'',0.00,NULL,NULL,'pendente','2025-07-23 05:10:01',NULL,'2025-07-23 05:00:56','2025-07-23 08:01:00'),(231,0,0,2,28,3,1,NULL,36,2,'2025-06-14 00:24:50',160.00,'','2025-06-13','ativo',NULL,'2025-06-14 00:26:59','lancamento',NULL,'',0.00,NULL,NULL,'pendente','2025-07-23 05:10:01',NULL,'2025-07-23 05:00:56','2025-07-23 08:01:00'),(232,0,0,2,28,3,1,NULL,36,2,'2025-06-14 00:29:23',20.00,'','2025-06-13','ativo',NULL,'2025-06-14 00:29:23','lancamento',NULL,'',0.00,NULL,NULL,'pendente','2025-07-23 05:10:01',NULL,'2025-07-23 05:00:56','2025-07-23 08:01:01'),(233,0,0,2,28,3,1,NULL,36,2,'2025-06-14 00:41:34',60.00,'','2025-06-13','ativo',NULL,'2025-06-14 00:41:34','lancamento',NULL,'',0.00,NULL,NULL,'pendente','2025-07-23 05:10:01',NULL,'2025-07-23 05:00:56','2025-07-23 08:01:01'),(234,0,0,1,0,3,1,NULL,32,3,'2025-06-14 01:12:58',1215.00,'','2025-06-14','ativo',NULL,'2025-06-14 01:12:58','lancamento',NULL,'',0.00,NULL,NULL,'pendente','2025-07-23 05:10:01',NULL,'2025-07-23 05:00:56','2025-07-23 08:01:01'),(235,0,0,1,0,3,1,NULL,31,3,'2025-06-14 01:14:20',1361.00,'','2025-06-14','ativo',NULL,'2025-06-14 01:14:20','lancamento',NULL,'',0.00,NULL,NULL,'pendente','2025-07-23 05:10:01',NULL,'2025-07-23 05:00:56','2025-07-23 08:01:02'),(236,0,0,1,0,3,1,NULL,31,3,'2025-06-14 01:18:21',209.00,'','2025-06-14','ativo',NULL,'2025-06-14 01:18:21','lancamento',NULL,'',0.00,NULL,NULL,'pendente','2025-07-23 05:10:01',NULL,'2025-07-23 05:00:56','2025-07-23 08:01:02'),(237,0,0,2,16,3,1,NULL,36,2,'2025-06-15 01:01:56',100.00,'','2025-06-15','ativo',NULL,'2025-06-15 01:01:56','lancamento',NULL,'',0.00,NULL,NULL,'pendente','2025-07-23 05:10:01',NULL,'2025-07-23 05:00:56','2025-07-23 08:01:02'),(238,0,0,2,16,3,1,NULL,36,2,'2025-06-15 01:05:44',101.00,'','2025-06-03','ativo',NULL,'2025-06-15 01:05:44','lancamento',NULL,'',0.00,NULL,NULL,'pendente','2025-07-23 05:10:01',NULL,'2025-07-23 05:00:56','2025-07-23 08:01:03'),(239,0,0,1,0,3,1,NULL,32,3,'2025-06-15 03:58:17',2825.00,'','2025-06-15','ativo',NULL,'2025-06-15 03:58:17','lancamento',NULL,'',0.00,NULL,NULL,'pendente','2025-07-23 05:10:01',NULL,'2025-07-23 05:00:56','2025-07-23 08:01:03'),(240,0,0,1,0,3,1,NULL,31,3,'2025-06-15 03:59:08',349.00,'','2025-06-15','ativo',NULL,'2025-06-15 03:59:08','lancamento',NULL,'',0.00,NULL,NULL,'pendente','2025-07-23 05:10:01',NULL,'2025-07-23 05:00:56','2025-07-23 08:01:03'),(241,0,0,1,0,3,1,NULL,33,3,'2025-06-15 04:00:12',1399.00,'','2025-06-15','ativo',NULL,'2025-06-15 04:00:12','lancamento',NULL,'',0.00,NULL,NULL,'pendente','2025-07-23 05:10:01',NULL,'2025-07-23 05:00:56','2025-07-23 08:01:03'),(242,0,0,2,0,3,1,NULL,26,2,'2025-06-15 17:15:35',2422.78,'Soma digitada: 620.96+1123.51+408.31+270 = 2.422,78\n compras do dia 13','2025-06-15','ativo',NULL,'2025-06-15 17:15:35','lancamento',NULL,'',0.00,NULL,NULL,'pendente','2025-07-23 05:10:01',NULL,'2025-07-23 05:00:56','2025-07-23 08:01:04'),(243,0,0,2,26,3,1,NULL,65,2,'2025-06-15 17:17:13',80.00,'','2025-06-15','ativo',NULL,'2025-06-15 17:17:13','lancamento',NULL,'',0.00,NULL,NULL,'pendente','2025-07-23 05:10:01',NULL,'2025-07-23 05:00:56','2025-07-23 08:01:04'),(244,0,0,2,17,3,1,NULL,27,2,'2025-06-15 17:17:43',200.00,'','2025-06-15','ativo',NULL,'2025-06-15 17:17:43','lancamento',NULL,'',0.00,NULL,NULL,'pendente','2025-07-23 05:10:01',NULL,'2025-07-23 05:00:56','2025-07-23 08:01:04'),(245,0,0,2,0,3,1,NULL,26,2,'2025-06-15 17:37:11',468.31,'Soma digitada: 29.82+155.95+57.48+63.06+87+75 = 468,31','2025-06-15','ativo',NULL,'2025-06-15 17:37:11','lancamento',NULL,'',0.00,NULL,NULL,'pendente','2025-07-23 05:10:01',NULL,'2025-07-23 05:00:56','2025-07-23 08:01:05'),(246,0,0,2,17,3,1,NULL,65,2,'2025-06-15 17:37:42',100.00,'','2025-06-15','ativo',NULL,'2025-06-15 17:37:42','lancamento',NULL,'',0.00,NULL,NULL,'pendente','2025-07-23 05:10:01',NULL,'2025-07-23 05:00:56','2025-07-23 08:01:05'),(247,0,0,2,16,3,1,NULL,36,2,'2025-06-15 17:39:30',200.00,'','2025-06-15','ativo',NULL,'2025-06-15 17:39:30','lancamento',NULL,'',0.00,NULL,NULL,'pendente','2025-07-23 05:10:01',NULL,'2025-07-23 05:00:56','2025-07-23 08:01:05'),(248,0,0,2,11,3,1,NULL,27,2,'2025-06-15 17:41:55',369.00,'','2025-06-15','ativo',NULL,'2025-06-15 17:41:55','lancamento',NULL,'',0.00,NULL,NULL,'pendente','2025-07-23 05:10:01',NULL,'2025-07-23 05:00:56','2025-07-23 08:01:05'),(249,0,0,2,0,3,1,NULL,25,2,'2025-06-15 17:44:55',89.00,'conserto chave da moto e copias','2025-06-15','ativo',NULL,'2025-06-15 17:44:55','lancamento',NULL,'',0.00,NULL,NULL,'pendente','2025-07-23 05:10:01',NULL,'2025-07-23 05:00:56','2025-07-23 08:01:06'),(250,0,0,2,28,3,1,NULL,36,2,'2025-06-15 17:59:14',100.00,'','2025-06-15','ativo',NULL,'2025-06-15 17:59:14','lancamento',NULL,'',0.00,NULL,NULL,'pendente','2025-07-23 05:10:01',NULL,'2025-07-23 05:00:56','2025-07-23 08:01:06'),(251,0,0,2,1,3,1,NULL,36,2,'2025-06-15 18:00:28',20.00,'','2025-06-15','ativo',NULL,'2025-06-15 18:00:28','lancamento',NULL,'',0.00,NULL,NULL,'pendente','2025-07-23 05:10:01',NULL,'2025-07-23 05:00:56','2025-07-23 08:01:06'),(252,0,0,2,0,3,1,NULL,26,2,'2025-06-15 18:00:58',180.00,'','2025-06-15','ativo',NULL,'2025-06-15 18:00:58','lancamento',NULL,'',0.00,NULL,NULL,'pendente','2025-07-23 05:10:01',NULL,'2025-07-23 05:00:56','2025-07-23 08:01:07'),(253,0,0,2,12,3,1,NULL,36,2,'2025-06-15 18:01:30',60.00,'','2025-06-15','ativo',NULL,'2025-06-15 18:01:30','lancamento',NULL,'',0.00,NULL,NULL,'pendente','2025-07-23 05:10:01',NULL,'2025-07-23 05:00:56','2025-07-23 08:01:07'),(254,0,0,2,0,3,1,NULL,26,2,'2025-06-15 18:12:13',1150.00,'','2025-06-15','ativo',NULL,'2025-06-15 18:12:13','lancamento',NULL,'',0.00,NULL,NULL,'pendente','2025-07-23 05:10:01',NULL,'2025-07-23 05:00:56','2025-07-23 08:01:07'),(255,0,0,1,0,3,1,NULL,32,3,'2025-06-16 01:05:02',3526.00,'','2025-06-16','ativo',NULL,'2025-06-16 01:05:02','lancamento',NULL,'',0.00,NULL,NULL,'pendente','2025-07-23 05:10:01',NULL,'2025-07-23 05:00:56','2025-07-23 08:01:08'),(256,0,0,1,0,3,1,NULL,31,3,'2025-06-16 01:06:58',113.00,'','2025-06-16','ativo',NULL,'2025-06-16 01:06:58','lancamento',NULL,'',0.00,NULL,NULL,'pendente','2025-07-23 05:10:01',NULL,'2025-07-23 05:00:56','2025-07-23 08:01:08'),(257,0,0,2,12,3,1,NULL,36,2,'2025-06-16 01:08:33',60.00,'','2025-06-16','ativo',NULL,'2025-06-16 01:08:49','lancamento',NULL,'',0.00,NULL,NULL,'pendente','2025-07-23 05:10:01',NULL,'2025-07-23 05:00:56','2025-07-23 08:01:08'),(258,0,0,1,0,3,1,NULL,33,3,'2025-06-16 01:09:48',1608.00,'','2025-06-16','ativo',NULL,'2025-06-16 01:09:48','lancamento',NULL,'',0.00,NULL,NULL,'pendente','2025-07-23 05:10:01',NULL,'2025-07-23 05:00:56','2025-07-23 08:01:08'),(259,0,0,2,0,3,1,NULL,26,2,'2025-06-16 01:17:31',87.75,'','2025-06-16','ativo',NULL,'2025-06-16 01:17:31','lancamento',NULL,'',0.00,NULL,NULL,'pendente','2025-07-23 05:10:01',NULL,'2025-07-23 05:00:56','2025-07-23 08:01:09'),(266,0,0,2,0,3,1,NULL,21,2,'2025-06-16 02:03:54',175.00,' (Parcela 1/7)','2025-06-16','ativo','parc_352010','2025-06-16 02:27:54','lancamento',NULL,'',0.00,NULL,NULL,'pendente','2025-07-23 05:10:01',NULL,'2025-07-23 05:00:56','2025-07-23 08:01:09'),(267,0,0,2,0,3,1,NULL,21,2,'2025-06-16 02:03:54',175.00,' (Parcela 2/7)','2025-07-16','ativo','parc_352010','2025-06-16 02:03:54','lancamento',NULL,'',0.00,NULL,NULL,'pendente','2025-07-23 05:10:01',NULL,'2025-07-23 05:00:56','2025-07-23 08:01:09'),(268,0,0,2,0,3,1,NULL,21,2,'2025-06-16 02:03:54',175.00,' (Parcela 3/7)','2025-08-16','ativo','parc_352010','2025-06-16 02:03:54','lancamento',NULL,'',0.00,NULL,NULL,'pendente','2025-07-23 05:10:01',NULL,'2025-07-23 05:00:56','2025-07-23 08:01:10'),(269,0,0,2,0,3,1,NULL,21,2,'2025-06-16 02:03:54',175.00,' (Parcela 4/7)','2025-09-16','ativo','parc_352010','2025-06-16 02:03:54','lancamento',NULL,'',0.00,NULL,NULL,'pendente','2025-07-23 05:10:01',NULL,'2025-07-23 05:00:56','2025-07-23 08:01:10'),(270,0,0,2,0,3,1,NULL,21,2,'2025-06-16 02:03:54',175.00,' (Parcela 5/7)','2025-10-16','ativo','parc_352010','2025-06-16 02:03:54','lancamento',NULL,'',0.00,NULL,NULL,'pendente','2025-07-23 05:10:01',NULL,'2025-07-23 05:00:56','2025-07-23 08:01:10'),(271,0,0,2,0,3,1,NULL,21,2,'2025-06-16 02:03:54',175.00,' (Parcela 6/7)','2025-11-16','ativo','parc_352010','2025-06-16 02:03:54','lancamento',NULL,'',0.00,NULL,NULL,'pendente','2025-07-23 05:10:01',NULL,'2025-07-23 05:00:56','2025-07-23 08:01:11'),(272,0,0,2,0,3,1,NULL,21,2,'2025-06-16 02:03:54',175.00,' (Parcela 7/7)','2025-12-16','ativo','parc_352010','2025-06-16 02:03:54','lancamento',NULL,'',0.00,NULL,NULL,'pendente','2025-07-23 05:10:01',NULL,'2025-07-23 05:00:56','2025-07-23 08:01:11'),(288,0,0,2,0,3,1,NULL,68,2,'2025-06-16 02:22:26',350.00,' (Parcela 1/7)','2025-06-12','ativo','parc_602359','2025-06-16 02:22:34','lancamento',NULL,'',0.00,NULL,NULL,'pendente','2025-07-23 05:10:01',NULL,'2025-07-23 05:00:56','2025-07-23 08:01:11'),(289,0,0,2,0,3,1,NULL,68,2,'2025-06-16 02:22:26',350.00,' (Parcela 2/7)','2025-07-12','ativo','parc_602359','2025-06-16 02:22:26','lancamento',NULL,'',0.00,NULL,NULL,'pendente','2025-07-23 05:10:01',NULL,'2025-07-23 05:00:56','2025-07-23 08:01:11'),(290,0,0,2,0,3,1,NULL,68,2,'2025-06-16 02:22:26',350.00,' (Parcela 3/7)','2025-08-12','ativo','parc_602359','2025-06-16 02:22:26','lancamento',NULL,'',0.00,NULL,NULL,'pendente','2025-07-23 05:10:01',NULL,'2025-07-23 05:00:56','2025-07-23 08:01:12'),(291,0,0,2,0,3,1,NULL,68,2,'2025-06-16 02:22:26',350.00,' (Parcela 4/7)','2025-09-12','ativo','parc_602359','2025-06-16 02:22:26','lancamento',NULL,'',0.00,NULL,NULL,'pendente','2025-07-23 05:10:01',NULL,'2025-07-23 05:00:56','2025-07-23 08:01:12'),(292,0,0,2,0,3,1,NULL,68,2,'2025-06-16 02:22:26',350.00,' (Parcela 5/7)','2025-10-12','ativo','parc_602359','2025-06-16 02:22:26','lancamento',NULL,'',0.00,NULL,NULL,'pendente','2025-07-23 05:10:01',NULL,'2025-07-23 05:00:56','2025-07-23 08:01:12'),(293,0,0,2,0,3,1,NULL,68,2,'2025-06-16 02:22:26',350.00,' (Parcela 6/7)','2025-11-12','ativo','parc_602359','2025-06-16 02:22:26','lancamento',NULL,'',0.00,NULL,NULL,'pendente','2025-07-23 05:10:01',NULL,'2025-07-23 05:00:56','2025-07-23 08:01:13'),(294,0,0,2,0,3,1,NULL,68,2,'2025-06-16 02:22:26',350.00,' (Parcela 7/7)','2025-12-12','ativo','parc_602359','2025-06-16 02:22:26','lancamento',NULL,'',0.00,NULL,NULL,'pendente','2025-07-23 05:10:01',NULL,'2025-07-23 05:00:56','2025-07-23 08:01:13'),(295,0,0,1,0,3,1,NULL,32,3,'2025-06-17 01:17:10',3364.00,'vendas de hoje e vendas de correção ate o dia de hoje ','2025-06-17','ativo',NULL,'2025-06-17 01:17:10','lancamento',NULL,'',0.00,NULL,NULL,'pendente','2025-07-23 05:10:01',NULL,'2025-07-23 05:00:56','2025-07-23 08:01:13'),(296,0,0,1,0,3,1,NULL,31,3,'2025-06-17 01:17:59',285.00,'','2025-06-17','ativo',NULL,'2025-06-17 01:17:59','lancamento',NULL,'',0.00,NULL,NULL,'pendente','2025-07-23 05:10:01',NULL,'2025-07-23 05:00:56','2025-07-23 08:01:14'),(297,0,0,1,0,3,1,NULL,33,3,'2025-06-17 01:21:05',3906.00,'vendas corrigidas ate o dia de hoje ','2025-06-17','ativo',NULL,'2025-06-17 03:00:18','lancamento',NULL,'',0.00,NULL,NULL,'pendente','2025-07-23 05:10:01',NULL,'2025-07-23 05:00:56','2025-07-23 08:01:14'),(299,0,0,2,40,3,1,NULL,26,2,'2025-06-17 03:09:26',50.00,'','2025-06-17','ativo',NULL,'2025-06-17 03:09:26','lancamento',NULL,'',0.00,NULL,NULL,'pendente','2025-07-23 05:10:01',NULL,'2025-07-23 05:00:56','2025-07-23 08:01:14'),(300,0,0,2,11,3,1,NULL,27,2,'2025-06-17 14:45:26',700.00,'','2025-06-17','ativo',NULL,'2025-06-17 14:45:26','lancamento',NULL,'',0.00,NULL,NULL,'pendente','2025-07-23 05:10:01',NULL,'2025-07-23 05:00:56','2025-07-23 08:01:14'),(301,0,0,2,29,3,1,NULL,36,2,'2025-06-17 15:44:12',170.00,'','2025-06-17','ativo',NULL,'2025-06-17 15:44:12','lancamento',NULL,'',0.00,NULL,NULL,'pendente','2025-07-23 05:10:01',NULL,'2025-07-23 05:00:56','2025-07-23 08:01:15'),(302,0,0,2,41,3,1,NULL,26,2,'2025-06-17 15:51:08',361.20,'','2025-06-17','ativo',NULL,'2025-06-17 15:51:08','lancamento',NULL,'',0.00,NULL,NULL,'pendente','2025-07-23 05:10:01',NULL,'2025-07-23 05:00:56','2025-07-23 08:01:15'),(303,0,0,2,40,3,1,NULL,26,2,'2025-06-17 15:53:28',1002.13,'Soma digitada: 768.20+87+36.42+56.19+54.32 = 1.002,13','2025-06-17','ativo',NULL,'2025-06-17 15:53:28','lancamento',NULL,'',0.00,NULL,NULL,'pendente','2025-07-23 05:10:01',NULL,'2025-07-23 05:00:56','2025-07-23 08:01:15'),(304,0,0,2,0,3,1,NULL,18,2,'2025-06-17 16:10:01',50.00,'','2025-06-17','ativo',NULL,'2025-06-17 16:10:01','lancamento',NULL,'',0.00,NULL,NULL,'pendente','2025-07-23 05:10:01',NULL,'2025-07-23 05:00:56','2025-07-23 08:01:16'),(305,0,0,2,0,3,1,NULL,14,2,'2025-06-17 16:10:48',76.00,'','2025-06-17','ativo',NULL,'2025-06-17 16:10:48','lancamento',NULL,'',0.00,NULL,NULL,'pendente','2025-07-23 05:10:01',NULL,'2025-07-23 05:00:56','2025-07-23 08:01:16'),(306,0,0,2,0,3,1,NULL,26,2,'2025-06-17 16:11:56',843.00,'','2025-06-17','ativo',NULL,'2025-06-17 16:12:05','lancamento',NULL,'',0.00,NULL,NULL,'pendente','2025-07-23 05:10:01',NULL,'2025-07-23 05:00:56','2025-07-23 08:01:16'),(307,0,0,2,0,3,1,NULL,11,2,'2025-06-17 16:14:54',440.00,'','2025-06-17','ativo',NULL,'2025-06-17 16:14:54','lancamento',NULL,'',0.00,NULL,NULL,'pendente','2025-07-23 05:10:01',NULL,'2025-07-23 05:00:56','2025-07-23 08:01:16'),(308,0,0,2,38,3,1,NULL,26,2,'2025-06-17 16:18:41',2500.00,'','2025-06-17','ativo',NULL,'2025-06-17 16:18:41','lancamento',NULL,'',0.00,NULL,NULL,'pendente','2025-07-23 05:10:01',NULL,'2025-07-23 05:00:56','2025-07-23 08:01:17'),(309,0,0,2,4,3,1,NULL,27,2,'2025-06-17 16:19:44',1200.00,'','2025-06-17','ativo',NULL,'2025-06-17 16:19:44','lancamento',NULL,'',0.00,NULL,NULL,'pendente','2025-07-23 05:10:01',NULL,'2025-07-23 05:00:56','2025-07-23 08:01:17'),(310,0,0,2,42,3,1,NULL,26,2,'2025-06-17 16:22:20',1100.00,'','2025-06-17','ativo',NULL,'2025-06-17 16:22:20','lancamento',NULL,'',0.00,NULL,NULL,'pendente','2025-07-23 05:10:01',NULL,'2025-07-23 05:00:56','2025-07-23 08:01:17'),(311,0,0,2,0,3,1,NULL,11,2,'2025-06-17 16:25:05',291.00,'','2025-06-17','ativo',NULL,'2025-06-17 16:25:05','lancamento',NULL,'',0.00,NULL,NULL,'pendente','2025-07-23 05:10:01',NULL,'2025-07-23 05:00:56','2025-07-23 08:01:18'),(312,0,0,2,40,3,1,NULL,26,2,'2025-06-17 16:25:41',366.72,'','2025-06-17','ativo',NULL,'2025-06-17 16:25:41','lancamento',NULL,'',0.00,NULL,NULL,'pendente','2025-07-23 05:10:01',NULL,'2025-07-23 05:00:56','2025-07-23 08:01:18'),(313,0,0,2,43,3,1,NULL,11,2,'2025-06-17 17:27:35',3127.00,'','2025-06-17','ativo',NULL,'2025-06-17 17:27:35','lancamento',NULL,'',0.00,NULL,NULL,'pendente','2025-07-23 05:10:01',NULL,'2025-07-23 05:00:56','2025-07-23 08:01:18'),(314,0,0,1,0,3,1,NULL,33,3,'2025-06-18 01:34:36',1049.00,'','2025-06-18','ativo',NULL,'2025-06-18 01:34:36','lancamento',NULL,'',0.00,NULL,NULL,'pendente','2025-07-23 05:10:01',NULL,'2025-07-23 05:00:56','2025-07-23 08:01:19'),(315,0,0,1,0,3,1,NULL,32,3,'2025-06-18 01:36:52',1024.00,'','2025-06-18','ativo',NULL,'2025-06-18 01:37:18','lancamento',NULL,'',0.00,NULL,NULL,'pendente','2025-07-23 05:10:01',NULL,'2025-07-23 05:00:56','2025-07-23 08:01:19'),(316,0,0,1,0,3,1,NULL,31,3,'2025-06-18 01:38:32',110.00,'Soma digitada: 85+25 = 110,00','2025-06-18','ativo',NULL,'2025-06-18 01:38:32','lancamento',NULL,'',0.00,NULL,NULL,'pendente','2025-07-23 05:10:01',NULL,'2025-07-23 05:00:56','2025-07-23 08:01:19'),(317,0,0,1,0,3,1,NULL,69,3,'2025-06-18 01:40:38',2688.00,'','2025-06-18','ativo',NULL,'2025-06-18 01:40:38','lancamento',NULL,'',0.00,NULL,NULL,'pendente','2025-07-23 05:10:01',NULL,'2025-07-23 05:00:56','2025-07-23 08:01:19'),(318,0,0,2,16,3,1,NULL,27,2,'2025-06-18 13:39:17',500.00,'','2025-06-18','ativo',NULL,'2025-06-18 13:39:17','lancamento',NULL,'',0.00,NULL,NULL,'pendente','2025-07-23 05:10:01',NULL,'2025-07-23 05:00:56','2025-07-23 08:01:20'),(319,0,0,2,1,3,1,NULL,36,2,'2025-06-19 14:56:44',100.00,'','2025-06-19','ativo',NULL,'2025-06-19 14:56:44','lancamento',NULL,'',0.00,NULL,NULL,'pendente','2025-07-23 05:10:01',NULL,'2025-07-23 05:00:56','2025-07-23 08:01:20'),(320,0,0,2,44,3,1,NULL,11,2,'2025-06-19 15:00:05',1967.67,'Soma digitada: 148.65+1819.02 = 1.967,67\ncoca e itaipava','2025-06-19','ativo',NULL,'2025-06-19 15:00:05','lancamento',NULL,'',0.00,NULL,NULL,'pendente','2025-07-23 05:10:01',NULL,'2025-07-23 05:00:56','2025-07-23 08:01:20'),(321,0,0,2,0,3,1,NULL,13,2,'2025-06-19 15:02:08',450.00,'ivanildo','2025-06-19','ativo',NULL,'2025-06-19 15:02:08','lancamento',NULL,'',0.00,NULL,NULL,'pendente','2025-07-23 05:10:01',NULL,'2025-07-23 05:00:56','2025-07-23 08:01:21'),(322,0,0,2,17,3,1,NULL,65,2,'2025-06-19 15:02:42',250.00,'','2025-06-19','ativo',NULL,'2025-06-19 15:02:42','lancamento',NULL,'',0.00,NULL,NULL,'pendente','2025-07-23 05:10:01',NULL,'2025-07-23 05:00:56','2025-07-23 08:01:21'),(323,0,0,2,40,3,1,NULL,26,2,'2025-06-19 15:03:48',216.27,'Soma digitada: 71.10+134.17+11 = 216,27','2025-06-19','ativo',NULL,'2025-06-19 15:03:48','lancamento',NULL,'',0.00,NULL,NULL,'pendente','2025-07-23 05:10:01',NULL,'2025-07-23 05:00:56','2025-07-23 08:01:21'),(324,0,0,2,42,3,1,NULL,26,2,'2025-06-19 15:12:28',409.50,'','2025-06-19','ativo',NULL,'2025-06-19 15:12:28','lancamento',NULL,'',0.00,NULL,NULL,'pendente','2025-07-23 05:10:01',NULL,'2025-07-23 05:00:56','2025-07-23 08:01:22'),(325,0,0,2,44,3,1,NULL,61,2,'2025-06-19 15:13:07',43.25,'','2025-06-19','ativo',NULL,'2025-06-19 15:13:07','lancamento',NULL,'',0.00,NULL,NULL,'pendente','2025-07-23 05:10:01',NULL,'2025-07-23 05:00:56','2025-07-23 08:01:22'),(326,0,0,2,40,3,1,NULL,26,2,'2025-06-19 15:13:40',550.00,'','2025-06-19','ativo',NULL,'2025-06-19 15:13:40','lancamento',NULL,'',0.00,NULL,NULL,'pendente','2025-07-23 05:10:01',NULL,'2025-07-23 05:00:56','2025-07-23 08:01:22'),(327,0,0,1,0,3,1,NULL,32,3,'2025-06-19 15:18:01',1523.00,'','2025-06-19','ativo',NULL,'2025-06-19 15:18:01','lancamento',NULL,'',0.00,NULL,NULL,'pendente','2025-07-23 05:10:01',NULL,'2025-07-23 05:00:56','2025-07-23 08:01:22'),(328,0,0,1,0,3,1,NULL,31,3,'2025-06-19 15:18:48',212.00,'','2025-06-19','ativo',NULL,'2025-06-19 15:18:48','lancamento',NULL,'',0.00,NULL,NULL,'pendente','2025-07-23 05:10:01',NULL,'2025-07-23 05:00:56','2025-07-23 08:01:23'),(329,0,0,1,0,3,1,NULL,32,3,'2025-06-19 15:21:36',1098.00,'','2025-06-19','ativo',NULL,'2025-06-19 15:21:36','lancamento',NULL,'',0.00,NULL,NULL,'pendente','2025-07-23 05:10:01',NULL,'2025-07-23 05:00:56','2025-07-23 08:01:23'),(330,0,0,2,14,3,1,NULL,27,2,'2025-06-19 15:23:08',700.00,'','2025-06-19','ativo',NULL,'2025-06-19 15:23:08','lancamento',NULL,'',0.00,NULL,NULL,'pendente','2025-07-23 05:10:01',NULL,'2025-07-23 05:00:56','2025-07-23 08:01:23'),(331,0,0,2,12,3,1,NULL,36,2,'2025-06-23 03:33:52',200.00,'','2025-06-23','ativo',NULL,'2025-06-23 03:33:52','lancamento',NULL,'',0.00,NULL,NULL,'pendente','2025-07-23 05:10:01',NULL,'2025-07-23 05:00:56','2025-07-23 08:01:24'),(332,0,0,2,29,3,1,NULL,65,2,'2025-06-23 03:34:24',150.00,'','2025-06-23','ativo',NULL,'2025-06-23 03:34:24','lancamento',NULL,'',0.00,NULL,NULL,'pendente','2025-07-23 05:10:01',NULL,'2025-07-23 05:00:56','2025-07-23 08:01:24'),(333,0,0,2,46,3,1,NULL,61,2,'2025-06-23 03:37:23',231.00,'','2025-06-23','ativo',NULL,'2025-06-23 03:37:23','lancamento',NULL,'',0.00,NULL,NULL,'pendente','2025-07-23 05:10:01',NULL,'2025-07-23 05:00:56','2025-07-23 08:01:24'),(334,0,0,2,48,3,1,NULL,64,2,'2025-06-23 03:39:40',61.00,'','2025-06-23','ativo',NULL,'2025-06-23 03:39:40','lancamento',NULL,'',0.00,NULL,NULL,'pendente','2025-07-23 05:10:01',NULL,'2025-07-23 05:00:56','2025-07-23 08:01:24'),(335,0,0,2,0,3,1,NULL,26,2,'2025-06-23 03:41:37',1052.37,'Soma digitada: 36+58+451+336+9.55+10+82+38.82+31 = 1.052,37','2025-06-23','ativo',NULL,'2025-06-23 03:41:37','lancamento',NULL,'',0.00,NULL,NULL,'pendente','2025-07-23 05:10:01',NULL,'2025-07-23 05:00:56','2025-07-23 08:01:25'),(336,0,0,2,37,3,1,NULL,65,2,'2025-06-23 03:42:19',300.00,'','2025-06-23','ativo',NULL,'2025-06-23 03:42:19','lancamento',NULL,'',0.00,NULL,NULL,'pendente','2025-07-23 05:10:01',NULL,'2025-07-23 05:00:56','2025-07-23 08:01:25'),(337,0,0,2,29,3,1,NULL,65,2,'2025-06-23 03:42:54',110.00,'','2025-06-23','ativo',NULL,'2025-06-23 03:42:54','lancamento',NULL,'',0.00,NULL,NULL,'pendente','2025-07-23 05:10:01',NULL,'2025-07-23 05:00:56','2025-07-23 08:01:25'),(338,0,0,2,48,3,1,NULL,64,2,'2025-06-23 03:43:35',100.00,'','2025-06-23','ativo',NULL,'2025-06-23 03:43:35','lancamento',NULL,'',0.00,NULL,NULL,'pendente','2025-07-23 05:10:01',NULL,'2025-07-23 05:00:56','2025-07-23 08:01:26'),(339,0,0,2,18,3,1,NULL,64,2,'2025-06-23 03:44:22',260.00,'60 no pix','2025-06-23','ativo',NULL,'2025-06-23 03:44:22','lancamento',NULL,'',0.00,NULL,NULL,'pendente','2025-07-23 05:10:01',NULL,'2025-07-23 05:00:56','2025-07-23 08:01:26'),(340,0,0,2,14,3,1,NULL,27,2,'2025-06-23 03:47:29',500.00,'','2025-06-23','ativo',NULL,'2025-06-23 03:47:29','lancamento',NULL,'',0.00,NULL,NULL,'pendente','2025-07-23 05:10:01',NULL,'2025-07-23 05:00:56','2025-07-23 08:01:26'),(341,0,0,2,40,3,1,NULL,26,2,'2025-06-23 03:48:53',1658.49,'Soma digitada: 44.70+71.88+51.82+450+609+15+416.09 = 1.658,49','2025-06-23','ativo',NULL,'2025-06-23 03:48:53','lancamento',NULL,'',0.00,NULL,NULL,'pendente','2025-07-23 05:10:01',NULL,'2025-07-23 05:00:56','2025-07-23 08:01:27'),(342,0,0,2,4,3,1,NULL,27,2,'2025-06-23 03:50:16',500.00,'','2025-06-23','ativo',NULL,'2025-06-23 03:50:16','lancamento',NULL,'',0.00,NULL,NULL,'pendente','2025-07-23 05:10:01',NULL,'2025-07-23 05:00:56','2025-07-23 08:01:27'),(343,0,0,2,14,3,1,NULL,27,2,'2025-06-23 03:50:51',200.00,'','2025-06-23','ativo',NULL,'2025-06-23 03:50:51','lancamento',NULL,'',0.00,NULL,NULL,'pendente','2025-07-23 05:10:01',NULL,'2025-07-23 05:00:56','2025-07-23 08:01:27'),(344,0,0,2,40,3,1,NULL,26,2,'2025-06-23 03:52:13',1282.11,'Soma digitada: 80.90+376.61+80.90+60.12+683.58 = 1.282,11','2025-06-23','ativo',NULL,'2025-06-23 03:52:13','lancamento',NULL,'',0.00,NULL,NULL,'pendente','2025-07-23 05:10:01',NULL,'2025-07-23 05:00:56','2025-07-23 08:01:27'),(345,0,0,1,0,3,1,NULL,32,3,'2025-06-23 03:57:24',8438.00,'','2025-06-23','ativo',NULL,'2025-06-23 03:57:24','lancamento',NULL,'',0.00,NULL,NULL,'pendente','2025-07-23 05:10:01',NULL,'2025-07-23 05:00:56','2025-07-23 08:01:28'),(346,0,0,1,0,3,1,NULL,31,3,'2025-06-23 03:58:16',2977.00,'','2025-06-23','ativo',NULL,'2025-06-23 03:58:16','lancamento',NULL,'',0.00,NULL,NULL,'pendente','2025-07-23 05:10:01',NULL,'2025-07-23 05:00:56','2025-07-23 08:01:28'),(347,0,0,1,0,3,1,NULL,33,3,'2025-06-23 03:59:35',6079.00,'','2025-06-23','ativo',NULL,'2025-06-23 03:59:35','lancamento',NULL,'',0.00,NULL,NULL,'pendente','2025-07-23 05:10:01',NULL,'2025-07-23 05:00:56','2025-07-23 08:01:28'),(348,0,0,2,0,5,1,NULL,11,2,'2025-06-23 09:41:19',864.00,'WM DISTRIBUIDOR','2025-06-23','ativo',NULL,'2025-06-25 08:31:57','lancamento',NULL,'',0.00,NULL,NULL,'pendente','2025-07-23 05:10:01',NULL,'2025-07-23 05:00:56','2025-07-23 08:01:29'),(349,0,0,2,0,5,1,NULL,11,2,'2025-06-25 08:29:01',406.00,'WM DISTRIBUIDOR','2025-06-26','ativo',NULL,'2025-06-25 08:31:19','lancamento',NULL,'',0.00,NULL,NULL,'pendente','2025-07-23 05:10:01',NULL,'2025-07-23 05:00:56','2025-07-23 08:01:29'),(351,0,0,2,40,5,1,NULL,11,2,'2025-07-03 16:48:04',415.00,'WM DISTRIBUIDOR','2025-07-30','ativo',NULL,'2025-07-03 16:48:04','lancamento',NULL,'',0.00,NULL,NULL,'pendente','2025-07-23 05:10:01',NULL,'2025-07-23 05:00:56','2025-07-23 08:01:29'),(352,0,22,1,0,3,1,18,33,1,'2025-07-04 22:49:26',0.00,NULL,'2025-07-04','ativo',NULL,'2025-07-06 14:36:42','pdv','venda','finalizado',0.00,NULL,NULL,'pendente','2025-07-23 05:10:01',NULL,'2025-07-23 05:00:56','2025-07-23 08:01:30'),(353,0,3,1,0,3,1,18,33,1,'2025-07-06 14:35:26',0.00,NULL,'2025-07-06','ativo',NULL,'2025-07-06 14:35:26','pdv','venda','ocupado',0.00,NULL,NULL,'pendente','2025-07-23 05:10:01',NULL,'2025-07-23 05:00:56','2025-07-23 08:01:30'),(354,39,0,1,0,3,1,3,33,1,'2025-07-06 14:36:54',0.00,'ede','2025-07-06','ativo',NULL,'2025-07-06 14:53:47','delivery','venda','producao',0.00,18,1,'pendente','2025-07-23 05:10:01',NULL,'2025-07-23 05:00:56','2025-07-23 08:01:30'),(355,39,0,1,0,3,1,3,33,1,'2025-07-09 02:38:39',0.00,NULL,'2025-07-09','ativo',NULL,'2025-07-09 02:38:39','delivery','venda','iniciado',0.00,18,2,'pendente','2025-07-23 05:10:01',NULL,'2025-07-23 05:00:56','2025-07-23 08:01:30'),(356,0,0,2,16,3,1,NULL,36,2,'2025-07-09 14:12:20',200.00,'Soma digitada: 40+55+25+25+55 = 200,00','2025-06-30','ativo',NULL,'2025-07-09 14:46:46','lancamento',NULL,'livre',0.00,NULL,NULL,'pendente','2025-07-23 05:10:01',NULL,'2025-07-23 05:00:56','2025-07-23 08:01:31'),(357,0,0,2,40,3,1,NULL,26,2,'2025-07-09 14:45:36',2483.31,'Soma digitada: 112.90+193.18+82.70+82.82 +290.04+185.89+23.28+52.98+120.85+148.71+22.76+3.00+38.82+74.83+47.92+8.85+120.18+39.98+133.87+34.77+664.98 = 2.483,31\ncompras finall de mes','2025-07-09','ativo',NULL,'2025-07-09 14:45:36','lancamento',NULL,'livre',0.00,NULL,NULL,'pendente','2025-07-23 05:10:01',NULL,'2025-07-23 05:00:56','2025-07-23 08:01:31'),(358,0,0,2,0,3,1,NULL,21,2,'2025-07-09 14:54:04',180.00,'','2025-06-30','ativo',NULL,'2025-07-09 14:54:04','lancamento',NULL,'livre',0.00,NULL,NULL,'pendente','2025-07-23 05:10:01',NULL,'2025-07-23 05:00:56','2025-07-23 08:01:31'),(359,0,0,2,0,3,1,NULL,14,2,'2025-07-09 14:54:55',60.00,'','2025-06-30','ativo',NULL,'2025-07-09 14:55:03','lancamento',NULL,'livre',0.00,NULL,NULL,'pendente','2025-07-23 05:10:01',NULL,'2025-07-23 05:00:56','2025-07-23 08:01:32'),(360,0,0,2,0,3,1,NULL,61,2,'2025-07-09 14:56:31',1500.00,'','2025-06-30','ativo',NULL,'2025-07-09 14:56:38','lancamento',NULL,'livre',0.00,NULL,NULL,'pendente','2025-07-23 05:10:01',NULL,'2025-07-23 05:00:56','2025-07-23 08:01:32'),(361,0,0,2,1,3,1,NULL,36,2,'2025-07-09 15:06:04',400.00,'','2025-06-30','ativo',NULL,'2025-07-09 15:06:04','lancamento',NULL,'livre',0.00,NULL,NULL,'pendente','2025-07-23 05:10:01',NULL,'2025-07-23 05:00:56','2025-07-23 08:01:32'),(362,0,0,2,0,3,1,NULL,26,2,'2025-07-09 15:06:54',1500.00,'pago em dinheiro','2025-06-30','ativo',NULL,'2025-07-09 15:06:54','lancamento',NULL,'livre',0.00,NULL,NULL,'pendente','2025-07-23 05:10:01',NULL,'2025-07-23 05:00:56','2025-07-23 08:01:33'),(363,0,0,2,48,3,1,NULL,64,2,'2025-07-09 15:08:14',258.00,'Soma digitada: 174.00 +84.00 = 258,00','2025-06-30','ativo',NULL,'2025-07-09 15:08:14','lancamento',NULL,'livre',0.00,NULL,NULL,'pendente','2025-07-23 05:10:01',NULL,'2025-07-23 05:00:56','2025-07-23 08:01:33'),(364,0,0,2,18,3,1,NULL,64,2,'2025-07-09 15:49:55',240.00,'Soma digitada: 180+60 = 240,00','2025-06-30','ativo',NULL,'2025-07-09 15:50:04','lancamento',NULL,'livre',0.00,NULL,NULL,'pendente','2025-07-23 05:10:01',NULL,'2025-07-23 05:00:56','2025-07-23 08:01:33'),(365,0,0,2,29,3,1,NULL,36,2,'2025-07-09 15:52:31',310.00,'Soma digitada: 100.00+110.00+20.00+22.00+58.00 = 310,00','2025-06-30','ativo',NULL,'2025-07-09 15:52:41','lancamento',NULL,'livre',0.00,NULL,NULL,'pendente','2025-07-23 05:10:01',NULL,'2025-07-23 05:00:56','2025-07-23 08:01:33'),(366,0,0,2,0,3,1,NULL,47,2,'2025-07-22 03:00:49',20.00,'teste','2025-07-22','ativo',NULL,'2025-07-22 03:00:49','lancamento',NULL,'livre',0.00,NULL,NULL,'pendente','2025-07-23 05:10:01',NULL,'2025-07-23 05:00:56','2025-07-23 08:01:34'),(367,0,0,1,0,3,1,NULL,4,3,'2025-07-22 04:32:16',20.00,'tetse','2025-07-22','ativo',NULL,'2025-07-22 04:32:16','lancamento',NULL,'livre',0.00,NULL,NULL,'pendente','2025-07-23 05:10:01',NULL,'2025-07-23 05:00:56','2025-07-23 08:01:34'),(368,0,0,1,0,3,1,NULL,1,3,'2025-07-23 03:02:03',10.00,'teste','2025-07-23','ativo',NULL,'2025-07-23 03:02:03','lancamento',NULL,'livre',0.00,NULL,NULL,'pendente','2025-07-23 07:02:03',NULL,'2025-07-23 07:02:03','2025-07-23 08:01:34'),(369,0,0,1,0,3,1,NULL,1,3,'2025-07-22 13:21:55',20.00,'','2025-07-22','ativo',NULL,'2025-07-22 13:21:55','lancamento',NULL,'livre',0.00,NULL,NULL,'pendente','2025-07-23 08:01:35',NULL,'2025-07-22 17:21:55','2025-07-23 08:01:35'),(370,0,0,1,0,3,1,NULL,1,3,'2025-07-22 13:45:52',20.00,'','2025-07-22','ativo',NULL,'2025-07-22 13:45:52','lancamento',NULL,'livre',0.00,NULL,NULL,'pendente','2025-07-23 08:01:35',NULL,'2025-07-22 17:45:52','2025-07-23 08:01:35'),(371,0,4,1,0,3,1,18,33,1,'2025-07-23 01:47:36',0.00,NULL,'2025-07-23','ativo',NULL,'2025-07-23 01:47:36','pdv','venda','ocupado',0.00,NULL,NULL,'pendente','2025-07-23 08:01:35',NULL,'2025-07-23 05:47:36','2025-07-23 08:01:35'),(372,0,5,1,0,3,1,18,33,1,'2025-07-24 00:13:04',0.00,NULL,'2025-07-24','ativo',NULL,'2025-07-24 00:13:21','pdv','venda','finalizado',0.00,NULL,NULL,'pendente','2025-07-24 05:15:04',NULL,'2025-07-24 04:13:04','2025-07-24 04:13:21');

#
# Structure for table "login"
#

DROP TABLE IF EXISTS `meufinanceiro`.`login`;
CREATE TABLE `meufinanceiro`.`login` (
  `id` int(11) NOT NULL AUTO_INCREMENT,
  `usuario_id` int(11) DEFAULT NULL,
  `ultimo_login` datetime DEFAULT current_timestamp(),
  `ip_login` varchar(100) DEFAULT NULL,
  `sync_data` timestamp NOT NULL DEFAULT current_timestamp(),
  `sync_hash` varchar(32) DEFAULT NULL,
  `sync_status` enum('pendente','sincronizado','erro') DEFAULT 'pendente',
  `created_at` timestamp NOT NULL DEFAULT current_timestamp(),
  `updated_at` timestamp NOT NULL DEFAULT current_timestamp() ON UPDATE current_timestamp(),
  PRIMARY KEY (`id`),
  KEY `usuario_id` (`usuario_id`),
  CONSTRAINT `fk_login_usuario` FOREIGN KEY (`usuario_id`) REFERENCES `meufinanceiro`.`empresa_usuarios` (`id`)
) ENGINE=InnoDB AUTO_INCREMENT=4 DEFAULT CHARSET=utf8 COLLATE=utf8_unicode_ci ROW_FORMAT=DYNAMIC;

#
# Data for table "login"
#

INSERT INTO `login` VALUES (2,1,'2025-03-25 00:48:00','111.111.111.1','2025-07-23 05:10:01',NULL,'pendente','2025-07-22 19:00:07','2025-07-23 17:27:50'),(3,1,'2025-03-25 02:09:00','::1','2025-07-23 05:10:01',NULL,'pendente','2025-07-22 19:00:07','2025-07-23 07:13:35');

#
# Structure for table "marcas"
#

DROP TABLE IF EXISTS `meufinanceiro`.`marcas`;
CREATE TABLE `meufinanceiro`.`marcas` (
  `id` int(11) unsigned NOT NULL AUTO_INCREMENT,
  `nome` varchar(255) NOT NULL,
  `created_at` timestamp NOT NULL DEFAULT current_timestamp(),
  `updated_at` timestamp NOT NULL DEFAULT current_timestamp() ON UPDATE current_timestamp(),
  `empresa_id` int(11) NOT NULL,
  `ativo` int(11) DEFAULT NULL,
  `sync_data` timestamp NOT NULL DEFAULT current_timestamp(),
  `sync_hash` varchar(32) CHARACTER SET utf8 COLLATE utf8_unicode_ci DEFAULT NULL,
  `sync_status` enum('pendente','sincronizado','erro') CHARACTER SET utf8 COLLATE utf8_unicode_ci DEFAULT 'pendente',
  PRIMARY KEY (`id`),
  UNIQUE KEY `nome` (`nome`)
) ENGINE=InnoDB AUTO_INCREMENT=3 DEFAULT CHARSET=utf8mb4 COLLATE=utf8mb4_unicode_ci ROW_FORMAT=DYNAMIC;

#
# Data for table "marcas"
#

INSERT INTO `marcas` VALUES (1,'COCA','2025-03-27 18:33:37','2025-07-23 17:27:51',1,NULL,'2025-07-23 05:10:01',NULL,'pendente'),(2,'AMBEV','2025-03-27 18:33:37','2025-07-23 07:13:36',1,NULL,'2025-07-23 05:10:01',NULL,'pendente');

#
# Structure for table "melhorias"
#

DROP TABLE IF EXISTS `meufinanceiro`.`melhorias`;
CREATE TABLE `meufinanceiro`.`melhorias` (
  `id` int(11) NOT NULL AUTO_INCREMENT,
  `titulo` varchar(255) NOT NULL,
  `versao` varchar(50) NOT NULL,
  `descricao` text NOT NULL,
  `data` date NOT NULL,
  `empresa_id` int(11) NOT NULL,
  `sync_data` timestamp NOT NULL DEFAULT current_timestamp(),
  `sync_hash` varchar(32) DEFAULT NULL,
  `sync_status` enum('pendente','sincronizado','erro') DEFAULT 'pendente',
  `created_at` timestamp NOT NULL DEFAULT current_timestamp(),
  `updated_at` timestamp NOT NULL DEFAULT current_timestamp() ON UPDATE current_timestamp(),
  PRIMARY KEY (`id`)
) ENGINE=InnoDB AUTO_INCREMENT=6 DEFAULT CHARSET=utf8 COLLATE=utf8_unicode_ci ROW_FORMAT=DYNAMIC;

#
# Data for table "melhorias"
#

INSERT INTO `melhorias` VALUES (1,'atualização das melhorias ','1.0.2','Hoje implementamos uma melhoria para exibir automaticamente a última versão da aplicação no rodapé do site. A seguir, segue um resumo das alterações:\r\n\r\nAtualização do Modelo (Melhoria.php):\r\n\r\nFoi adicionado o método estático getLatestVersion().\r\nEsse método utiliza o objeto PDO para buscar, na tabela melhorias, o campo versao ordenado pela data mais recente e retorna o valor encontrado.\r\nCaso não haja nenhum registro, é retornado o valor da constante APP_VERSION.\r\nAtualização do Rodapé (footer.php):\r\n\r\nNo arquivo do rodapé, chamamos o método Melhoria::getLatestVersion() para recuperar a última versão cadastrada.\r\nA mensagem \"Bem-vindo ao MeuFinanceiro - Versão X.X.X\" é exibida automaticamente, garantindo que o site esteja sempre mostrando a versão atual da aplicação.\r\nEssas alterações permitem que o site exiba de forma dinâmica a versão da aplicação conforme as melhorias cadastradas no banco de dados, facilitando o controle e a comunicação das atualizações realizadas para os usuários.','2025-04-21',1,'2025-07-23 05:10:01',NULL,'pendente','2025-07-22 19:00:07','2025-07-23 17:27:52'),(2,'Resumo das melhorias implementadas na versão 1.0.3','1.0.3','**Resumo das melhorias implementadas na versão 1.0.3**\r\n\r\nNesta atualização, foram realizadas diversas melhorias para tornar o sistema mais prático, moderno e eficiente para o usuário:\r\n\r\n- **Filtro de pesquisa aprimorado:** Agora, ao acessar a tela de lançamentos, o filtro já traz por padrão os lançamentos do dia atual, facilitando a visualização dos dados mais recentes.\r\n- **Manutenção dos filtros e ordenação:** Ao utilizar a ordenação das colunas ou navegar entre as páginas, todos os filtros de pesquisa e o critério de ordenação são mantidos, proporcionando uma experiência mais fluida e intuitiva.\r\n- **Rolagem automática para resultados:** Sempre que o usuário realiza uma pesquisa, ordena ou muda de página, a tela rola automaticamente para a tabela de resultados, agilizando o acesso à informação.\r\n- **Aprimoramento visual e responsividade:** Pequenos ajustes de layout e responsividade foram feitos para garantir melhor visualização em diferentes dispositivos.\r\n\r\nEssas melhorias tornam o sistema mais amigável, rápido e eficiente para o controle financeiro do usuário.\r\n\r\n---\r\n\r\nVocê pode registrar essas mudanças como release notes da versão 1.0.3!','2025-04-21',1,'2025-07-23 05:10:01',NULL,'pendente','2025-07-22 19:00:07','2025-07-23 07:13:37'),(3,'Pagamentos agora vinculados à conta bancária:','1.4','Resumo das Melhorias\r\nPagamentos agora vinculados à conta bancária:\r\nAdicionado o campo conta_bancaria_id na tabela de pagamentos e no formulário, garantindo que cada pagamento registre de qual conta saiu ou entrou o valor.\r\n\r\nValidação aprimorada:\r\nO controller agora valida se a conta bancária foi selecionada antes de registrar o pagamento, evitando erros de integridade no banco.\r\n\r\nExibição do saldo por conta:\r\nImplementada consulta SQL e função PHP para exibir o saldo de cada conta bancária com base nos pagamentos realizados, além do saldo total.\r\n\r\nRedirecionamento inteligente:\r\nApós registrar pagamento de salário, o sistema redireciona automaticamente para a tela de edição do último lançamento, facilitando o acompanhamento.\r\n\r\nAjustes de interface:\r\nO formulário de pagamento ficou mais claro, com seleção obrigatória de conta, valor máximo limitado ao valor restante e informações detalhadas de cada conta (nome, banco, saldo).\r\n\r\nCorreção de bugs:\r\nCorrigidos erros de parâmetros e de acesso a arrays/objetos, garantindo que os dados sejam manipulados corretamente em todas as telas.','2025-04-25',1,'2025-07-23 05:10:01',NULL,'pendente','2025-07-22 19:00:07','2025-07-23 07:13:37'),(4,'Melhorias na Listagem de Lançamentos','1.0.5','\r\n**Notas da Versão 1.0.5 - Melhorias na Listagem de Lançamentos**\r\n\r\n*   **Filtro de Data Padrão:** O filtro de data agora exibe por padrão o mês atual completo (do dia 1 ao último dia) ao carregar a página.\r\n*   **Coluna \"Tipo\":** Adicionada uma nova coluna à tabela que indica se o lançamento é \"Receita\" ou \"Despesa\", utilizando badges coloridos (verde para receita, vermelho para despesa).\r\n*   **Coloração de Linhas:** As linhas da tabela agora possuem uma cor de fundo sutil (verde claro para receitas, vermelho claro para despesas) para facilitar a identificação visual.\r\n*   **Truncamento de Descrição:** A coluna \"Descrição\" agora exibe apenas os primeiros 15 caracteres. A descrição completa pode ser visualizada passando o mouse sobre a célula (tooltip).\r\n*   **Totais da Página:** Adicionado um rodapé (`<tfoot>`) à tabela que exibe a soma total das receitas e despesas *listadas na página atual*, além do saldo resultante para essa página.\r\n*   **Filtro \"Registros por Página\":** Incluído um novo campo `<select>` no formulário de filtro, permitindo ao usuário escolher quantos lançamentos deseja exibir por página (10, 25, 50 ou 100).\r\n*   **Refatoração e Estilo:** O código PHP dentro do loop da tabela foi reorganizado para melhor clareza. Pequenos ajustes de estilo (espaçamento, classes Bootstrap) foram aplicados ao formulário e à tabela.','2025-04-28',1,'2025-07-23 05:10:01',NULL,'pendente','2025-07-22 19:00:07','2025-07-23 07:13:38'),(5,'### 1. **Parcelamento de Lançamentos**','1.0.8','Claro! Aqui está um resumo do que foi feito hoje no seu sistema de lançamentos:\r\n\r\n---\r\n\r\n### 1. **Parcelamento de Lançamentos**\r\n- Implementação do parcelamento criando múltiplos registros na tabela `lancamentos` (um para cada parcela).\r\n- Cada parcela recebe um valor, data de vencimento e descrição própria.\r\n- Foi criado o campo `parcela_referencia` para identificar e agrupar todas as parcelas de um mesmo parcelamento.\r\n\r\n### 2. **Formulário e Fluxo**\r\n- O formulário de lançamento agora aceita a quantidade de parcelas.\r\n- Se for 1 parcela, o lançamento é criado normalmente.\r\n- Se for mais de 1, são criados vários lançamentos, cada um com vencimento e valor ajustados.\r\n- Após criar, o usuário é redirecionado para uma tela de revisão das parcelas.\r\n\r\n### 3. **Revisão e Edição das Parcelas**\r\n- Tela para revisar todas as parcelas de um parcelamento, permitindo editar valor e data de vencimento de cada uma.\r\n- Soma automática do valor total das parcelas exibida na tela.\r\n- Link para editar individualmente cada parcela.\r\n- O botão \"Editar\" fica desabilitado para a parcela atualmente selecionada.\r\n\r\n### 4. **Visualização no Edit**\r\n- Ao editar um lançamento parcelado, é exibida uma lista de todas as parcelas relacionadas na parte inferior da página.\r\n- Cada parcela tem link para edição individual.\r\n\r\n### 5. **Melhorias Gerais**\r\n- Correção de métodos no Model para buscar parcelas por referência.\r\n- Ajuste do identificador de parcelamento para ser numérico e curto.\r\n- Atualização do controller para processar corretamente valores e datas ao atualizar parcelas.\r\n\r\n---\r\n\r\nSe precisar de algum detalhe de código ou quiser revisar algum ponto específico, é só pedir!','2025-05-01',1,'2025-07-23 05:10:01',NULL,'pendente','2025-07-22 19:00:07','2025-07-23 07:13:38');

#
# Structure for table "mesa_status_log"
#

DROP TABLE IF EXISTS `meufinanceiro`.`mesa_status_log`;
CREATE TABLE `meufinanceiro`.`mesa_status_log` (
  `id` int(11) NOT NULL AUTO_INCREMENT,
  `empresa_id` int(11) NOT NULL,
  `mesa_id` int(11) NOT NULL,
  `lancamento_id` int(11) DEFAULT NULL,
  `status_anterior` varchar(50) DEFAULT NULL,
  `status_novo` varchar(50) NOT NULL,
  `usuario_id` int(11) NOT NULL,
  `usuario_nome` varchar(100) NOT NULL,
  `acao` varchar(50) NOT NULL,
  `observacoes` text DEFAULT NULL,
  `ip_address` varchar(45) DEFAULT NULL,
  `user_agent` text DEFAULT NULL,
  `data_mudanca` timestamp NOT NULL DEFAULT current_timestamp(),
  `sync_data` timestamp NOT NULL DEFAULT current_timestamp(),
  `sync_hash` varchar(32) CHARACTER SET utf8 COLLATE utf8_unicode_ci DEFAULT NULL,
  `sync_status` enum('pendente','sincronizado','erro') CHARACTER SET utf8 COLLATE utf8_unicode_ci DEFAULT 'pendente',
  `created_at` timestamp NOT NULL DEFAULT current_timestamp(),
  `updated_at` timestamp NOT NULL DEFAULT current_timestamp() ON UPDATE current_timestamp(),
  PRIMARY KEY (`id`),
  KEY `idx_data_mudanca` (`data_mudanca`),
  KEY `idx_empresa_mesa` (`empresa_id`,`mesa_id`),
  KEY `idx_lancamento` (`lancamento_id`),
  KEY `idx_usuario` (`usuario_id`)
) ENGINE=InnoDB AUTO_INCREMENT=6 DEFAULT CHARSET=utf8 COLLATE=utf8_general_ci ROW_FORMAT=DYNAMIC;

#
# Data for table "mesa_status_log"
#

INSERT INTO `mesa_status_log` VALUES (4,4,0,0,'iniciar_mesa','371',3,'mazinho','Mesa iniciada no PDV',NULL,'::1','Mozilla/5.0 (Windows NT 10.0; Win64; x64) AppleWebKit/537.36 (KHTML, like Gecko) Chrome/138.0.0.0 Safari/537.36','2025-07-23 05:47:36','2025-07-23 08:01:38',NULL,'pendente','2025-07-23 05:47:36','2025-07-23 17:27:52'),(5,5,0,0,'iniciar_mesa','372',3,'mazinho','Mesa iniciada no PDV',NULL,'::1','Mozilla/5.0 (Windows NT 10.0; Win64; x64) AppleWebKit/537.36 (KHTML, like Gecko) Chrome/138.0.0.0 Safari/537.36','2025-07-24 04:13:04','2025-07-24 05:15:05',NULL,'pendente','2025-07-24 04:13:04','2025-07-24 04:13:04');

#
# Structure for table "pagamentos"
#

DROP TABLE IF EXISTS `meufinanceiro`.`pagamentos`;
CREATE TABLE `meufinanceiro`.`pagamentos` (
  `id` int(11) NOT NULL AUTO_INCREMENT,
  `lancamento_id` int(11) NOT NULL,
  `tipo_id` int(11) NOT NULL,
  `forma_pagamento_id` int(11) NOT NULL,
  `bandeira_id` int(11) DEFAULT NULL,
  `valor` decimal(10,2) NOT NULL,
  `data_pagamento` date NOT NULL,
  `observacao` text DEFAULT NULL,
  `created_at` timestamp NOT NULL DEFAULT current_timestamp(),
  `updated_at` timestamp NOT NULL DEFAULT current_timestamp() ON UPDATE current_timestamp(),
  `conta_bancaria_id` int(11) NOT NULL,
  `taxa` decimal(5,2) DEFAULT NULL,
  `empresa_id` int(11) NOT NULL,
  `caixa_id` int(11) DEFAULT NULL,
  `usuario_id` int(11) DEFAULT NULL,
  `valor_taxa` decimal(10,2) DEFAULT NULL,
  `sync_hash` varchar(32) DEFAULT NULL COMMENT 'Hash MD5 dos dados',
  `sync_status` enum('pendente','sincronizado','erro') DEFAULT 'pendente' COMMENT 'Status da sincronização',
  `sync_status_copy` enum('pendente','sincronizado','erro') DEFAULT 'pendente',
  `sync_data` timestamp NOT NULL DEFAULT current_timestamp(),
  PRIMARY KEY (`id`)
) ENGINE=InnoDB AUTO_INCREMENT=385 DEFAULT CHARSET=utf8 COLLATE=utf8_unicode_ci ROW_FORMAT=DYNAMIC;

#
# Data for table "pagamentos"
#

INSERT INTO `pagamentos` VALUES (1,3,0,3,5,165.00,'2025-04-21','','2025-04-21 07:58:44','2025-05-05 08:12:56',0,NULL,1,NULL,NULL,NULL,NULL,'pendente','pendente','2025-07-23 05:10:32'),(3,5,0,4,4,1500.00,'2025-04-22','','2025-04-22 05:53:25','2025-05-05 08:12:57',0,NULL,1,NULL,NULL,NULL,NULL,'pendente','pendente','2025-07-23 05:10:32'),(4,6,0,4,4,608.00,'2025-04-22','','2025-04-22 05:55:58','2025-05-05 08:13:22',0,NULL,1,NULL,NULL,NULL,NULL,'pendente','pendente','2025-07-23 05:10:32'),(6,4,0,4,4,300.00,'2025-04-25','','2025-04-25 19:05:49','2025-05-05 08:13:22',1,NULL,1,NULL,NULL,NULL,NULL,'pendente','pendente','2025-07-23 05:10:32'),(8,8,1,4,4,100.00,'2025-04-26','','2025-04-26 19:54:37','2025-05-05 08:13:22',1,NULL,1,NULL,NULL,NULL,NULL,'pendente','pendente','2025-07-23 05:10:32'),(9,9,2,3,5,200.00,'2025-04-27','','2025-04-27 07:22:25','2025-05-05 08:13:22',4,NULL,1,NULL,NULL,NULL,NULL,'pendente','pendente','2025-07-23 05:10:32'),(10,11,1,5,4,335.00,'2025-04-27','','2025-04-27 19:13:54','2025-05-05 08:13:22',1,NULL,1,NULL,NULL,NULL,NULL,'pendente','pendente','2025-07-23 05:10:32'),(11,12,1,4,4,46.00,'2025-04-27','','2025-04-27 19:15:05','2025-05-05 08:13:22',1,NULL,1,NULL,NULL,NULL,NULL,'pendente','pendente','2025-07-23 05:10:32'),(12,13,2,3,5,80.00,'2025-04-27','','2025-04-27 19:17:59','2025-05-05 08:13:22',4,NULL,1,NULL,NULL,NULL,NULL,'pendente','pendente','2025-07-23 05:10:32'),(13,14,2,4,4,110.00,'2025-04-27','','2025-04-27 19:19:40','2025-05-05 08:13:22',1,NULL,1,NULL,NULL,NULL,NULL,'pendente','pendente','2025-07-23 05:10:32'),(14,15,1,6,6,156.00,'2025-04-27','','2025-04-27 19:21:23','2025-05-05 08:13:22',1,NULL,1,NULL,NULL,NULL,NULL,'pendente','pendente','2025-07-23 05:10:32'),(15,16,2,3,5,9.00,'2025-04-27','','2025-04-27 19:28:45','2025-05-05 08:13:22',4,NULL,1,NULL,NULL,NULL,NULL,'pendente','pendente','2025-07-23 05:10:32'),(16,17,1,5,6,101.00,'2025-04-27','','2025-04-27 21:53:03','2025-05-05 08:13:22',1,NULL,1,NULL,NULL,NULL,NULL,'pendente','pendente','2025-07-23 05:10:32'),(17,18,1,6,7,137.00,'2025-04-27','','2025-04-27 21:57:33','2025-05-05 08:13:22',1,NULL,1,NULL,NULL,NULL,NULL,'pendente','pendente','2025-07-23 05:10:32'),(18,19,1,6,7,75.00,'2025-04-27','','2025-04-27 21:59:03','2025-05-05 08:13:22',1,NULL,1,NULL,NULL,NULL,NULL,'pendente','pendente','2025-07-23 05:10:32'),(19,20,2,3,5,20.00,'2025-04-27','','2025-04-27 22:00:46','2025-05-05 08:13:22',4,NULL,1,NULL,NULL,NULL,NULL,'pendente','pendente','2025-07-23 05:10:32'),(21,22,2,4,4,100.00,'2025-04-27','','2025-04-27 22:03:47','2025-05-05 08:13:22',1,NULL,1,NULL,NULL,NULL,NULL,'pendente','pendente','2025-07-23 05:10:32'),(22,21,2,4,4,100.00,'2025-04-27','','2025-04-27 22:04:18','2025-05-05 08:13:22',1,NULL,1,NULL,NULL,NULL,NULL,'pendente','pendente','2025-07-23 05:10:32'),(23,23,2,4,4,110.00,'2025-04-27','','2025-04-27 22:09:58','2025-05-05 08:13:22',1,NULL,1,NULL,NULL,NULL,NULL,'pendente','pendente','2025-07-23 05:10:32'),(24,24,1,6,6,787.00,'2025-04-28','','2025-04-28 05:00:47','2025-05-05 08:13:22',3,NULL,1,NULL,NULL,NULL,NULL,'pendente','pendente','2025-07-23 05:10:32'),(25,25,2,4,4,322.00,'2025-04-28','','2025-04-28 05:12:33','2025-05-05 08:13:22',1,NULL,1,NULL,NULL,NULL,NULL,'pendente','pendente','2025-07-23 05:10:32'),(26,26,2,4,4,300.00,'2025-04-28','','2025-04-28 05:13:50','2025-05-05 08:13:22',1,NULL,1,NULL,NULL,NULL,NULL,'pendente','pendente','2025-07-23 05:10:32'),(27,26,2,3,5,300.00,'2025-04-28','','2025-04-28 05:14:02','2025-05-05 08:13:22',4,NULL,1,NULL,NULL,NULL,NULL,'pendente','pendente','2025-07-23 05:10:32'),(28,27,2,3,5,84.00,'2025-04-28','','2025-04-28 05:17:27','2025-05-05 08:13:22',4,NULL,1,NULL,NULL,NULL,NULL,'pendente','pendente','2025-07-23 05:10:32'),(29,28,1,6,1,374.00,'2025-04-28','','2025-04-28 05:23:54','2025-05-05 08:13:22',1,NULL,1,NULL,NULL,NULL,NULL,'pendente','pendente','2025-07-23 05:10:32'),(30,28,1,1,1,489.00,'2025-04-28','','2025-04-28 05:24:05','2025-05-05 08:13:22',3,NULL,1,NULL,NULL,NULL,NULL,'pendente','pendente','2025-07-23 05:10:32'),(31,29,1,3,5,6.00,'2025-04-28','','2025-04-28 05:25:11','2025-05-05 08:13:22',4,NULL,1,NULL,NULL,NULL,NULL,'pendente','pendente','2025-07-23 05:10:32'),(32,29,1,4,4,75.00,'2025-04-28','','2025-04-28 05:25:25','2025-05-05 08:13:22',1,NULL,1,NULL,NULL,NULL,NULL,'pendente','pendente','2025-07-23 05:10:32'),(33,29,1,1,1,1160.00,'2025-04-28','','2025-04-28 05:25:36','2025-05-05 08:13:22',3,NULL,1,NULL,NULL,NULL,NULL,'pendente','pendente','2025-07-23 05:10:32'),(34,30,1,5,7,471.00,'2025-04-28','','2025-04-28 05:27:17','2025-05-05 08:13:22',1,NULL,1,NULL,NULL,NULL,NULL,'pendente','pendente','2025-07-23 05:10:32'),(35,30,1,1,1,1113.00,'2025-04-28','','2025-04-28 05:27:59','2025-05-05 08:13:22',3,NULL,1,NULL,NULL,NULL,NULL,'pendente','pendente','2025-07-23 05:10:32'),(38,33,2,4,4,200.00,'2025-04-29','','2025-04-29 07:59:59','2025-05-05 08:13:22',1,1.00,1,NULL,NULL,NULL,NULL,'pendente','pendente','2025-07-23 05:10:32'),(39,32,2,4,4,3000.00,'2025-04-30','','2025-04-30 07:16:34','2025-05-05 08:13:22',3,1.00,1,NULL,NULL,NULL,NULL,'pendente','pendente','2025-07-23 05:10:32'),(42,34,1,5,1,743.00,'2025-04-30','','2025-04-30 07:43:40','2025-05-05 08:13:22',3,1.70,1,NULL,NULL,NULL,NULL,'pendente','pendente','2025-07-23 05:10:32'),(44,34,1,5,4,173.00,'2025-04-30','','2025-04-30 07:45:10','2025-05-05 08:13:22',1,1.00,1,NULL,NULL,NULL,NULL,'pendente','pendente','2025-07-23 05:10:32'),(48,34,1,3,5,12.00,'2025-04-30','','2025-04-30 07:54:53','2025-05-05 08:13:22',1,0.00,1,NULL,NULL,NULL,NULL,'pendente','pendente','2025-07-23 05:10:32'),(49,34,1,5,1,87.00,'2025-04-30','','2025-04-30 07:55:05','2025-05-05 08:13:22',3,1.70,1,NULL,NULL,NULL,NULL,'pendente','pendente','2025-07-23 05:10:32'),(50,35,1,6,1,151.00,'2025-04-30','','2025-04-30 07:56:48','2025-05-05 08:13:22',3,1.70,1,NULL,NULL,NULL,NULL,'pendente','pendente','2025-07-23 05:10:32'),(51,36,1,1,1,1184.00,'2025-04-30','','2025-04-30 08:00:31','2025-05-05 08:13:22',3,1.70,1,NULL,NULL,NULL,NULL,'pendente','pendente','2025-07-23 05:10:32'),(54,36,1,3,5,220.00,'2025-04-30','','2025-04-30 08:03:02','2025-05-05 08:13:22',4,0.00,1,NULL,NULL,NULL,NULL,'pendente','pendente','2025-07-23 05:10:32'),(55,37,2,4,4,1417.00,'2025-04-30','','2025-04-30 18:38:06','2025-05-05 08:13:22',1,1.00,1,NULL,NULL,NULL,NULL,'pendente','pendente','2025-07-23 05:10:32'),(56,31,2,4,4,790.00,'2025-04-30','','2025-04-30 18:39:08','2025-05-05 08:13:22',1,1.00,1,NULL,NULL,NULL,NULL,'pendente','pendente','2025-07-23 05:10:32'),(57,39,2,4,4,987.00,'2025-04-30','','2025-04-30 20:25:46','2025-05-05 08:13:22',1,1.00,1,NULL,NULL,NULL,NULL,'pendente','pendente','2025-07-23 05:10:32'),(58,7,2,4,4,1472.00,'2025-04-30','','2025-04-30 20:29:23','2025-05-05 08:13:22',1,1.00,1,NULL,NULL,NULL,NULL,'pendente','pendente','2025-07-23 05:10:32'),(59,40,2,3,5,100.00,'2025-04-30','','2025-04-30 20:39:13','2025-05-05 08:13:22',4,0.00,1,NULL,NULL,NULL,NULL,'pendente','pendente','2025-07-23 05:10:32'),(60,42,1,6,6,89.00,'2025-04-30','','2025-05-01 04:57:32','2025-05-05 08:13:22',1,1.00,1,NULL,NULL,NULL,NULL,'pendente','pendente','2025-07-23 05:10:32'),(61,42,1,6,1,85.00,'2025-04-30','','2025-05-01 04:57:51','2025-05-05 08:13:22',1,1.70,1,NULL,NULL,NULL,NULL,'pendente','pendente','2025-07-23 05:10:32'),(62,43,1,5,1,742.20,'2025-05-01','','2025-05-01 05:07:46','2025-05-05 08:13:22',1,1.70,1,NULL,NULL,NULL,NULL,'pendente','pendente','2025-07-23 05:10:32'),(63,43,1,5,1,301.00,'2025-05-01','','2025-05-01 05:08:17','2025-05-05 08:13:22',1,1.70,1,NULL,NULL,NULL,NULL,'pendente','pendente','2025-07-23 05:10:32'),(64,43,1,5,7,338.00,'2025-05-01','','2025-05-01 05:08:34','2025-05-05 08:13:22',1,1.50,1,NULL,NULL,NULL,NULL,'pendente','pendente','2025-07-23 05:10:32'),(65,44,1,1,1,1810.00,'2025-05-01','','2025-05-01 05:12:18','2025-05-05 08:13:22',1,1.70,1,NULL,NULL,NULL,NULL,'pendente','pendente','2025-07-23 05:10:32'),(66,44,1,4,4,942.00,'2025-05-01','','2025-05-01 05:12:30','2025-05-05 08:13:22',1,1.00,1,NULL,NULL,NULL,NULL,'pendente','pendente','2025-07-23 05:10:32'),(67,44,1,3,5,411.00,'2025-05-01','','2025-05-01 05:13:37','2025-05-05 08:13:22',1,0.00,1,NULL,NULL,NULL,NULL,'pendente','pendente','2025-07-23 05:10:32'),(68,45,2,3,5,353.00,'2025-05-01','','2025-05-01 05:15:41','2025-05-05 08:13:22',4,0.00,1,NULL,NULL,NULL,NULL,'pendente','pendente','2025-07-23 05:10:32'),(69,45,2,4,4,185.00,'2025-05-01','','2025-05-01 05:15:52','2025-05-05 08:13:22',1,1.00,1,NULL,NULL,NULL,NULL,'pendente','pendente','2025-07-23 05:10:32'),(70,46,1,5,4,490.00,'2025-05-01','','2025-05-01 08:07:56','2025-05-05 08:13:22',1,1.00,1,NULL,NULL,NULL,NULL,'pendente','pendente','2025-07-23 05:10:32'),(71,46,1,5,7,139.00,'2025-05-01','','2025-05-01 08:09:09','2025-05-05 08:13:22',1,1.50,1,NULL,NULL,NULL,NULL,'pendente','pendente','2025-07-23 05:10:32'),(72,46,1,5,1,296.00,'2025-05-01','','2025-05-01 08:09:25','2025-05-05 08:13:22',1,1.70,1,NULL,NULL,NULL,NULL,'pendente','pendente','2025-07-23 05:10:32'),(73,47,1,4,4,9.00,'2025-05-01','','2025-05-01 08:10:23','2025-05-05 08:13:22',1,1.00,1,NULL,NULL,NULL,NULL,'pendente','pendente','2025-07-23 05:10:32'),(74,47,1,3,5,1208.00,'2025-05-01','','2025-05-01 08:10:50','2025-05-05 08:13:22',4,0.00,1,NULL,NULL,NULL,NULL,'pendente','pendente','2025-07-23 05:10:32'),(75,48,1,6,7,125.00,'2025-05-01','','2025-05-01 08:11:45','2025-05-05 08:13:22',1,1.50,1,NULL,NULL,NULL,NULL,'pendente','pendente','2025-07-23 05:10:32'),(76,48,1,6,1,36.00,'2025-05-01','','2025-05-01 08:12:21','2025-05-05 08:13:22',1,1.70,1,NULL,NULL,NULL,NULL,'pendente','pendente','2025-07-23 05:10:32'),(77,49,2,3,5,40.00,'2025-05-01','','2025-05-01 08:13:30','2025-05-05 08:13:22',4,0.00,1,NULL,NULL,NULL,NULL,'pendente','pendente','2025-07-23 05:10:32'),(78,50,2,3,5,80.00,'2025-05-01','','2025-05-01 08:14:23','2025-05-05 08:13:22',1,0.00,1,NULL,NULL,NULL,NULL,'pendente','pendente','2025-07-23 05:10:32'),(79,51,2,3,5,140.00,'2025-05-01','','2025-05-01 08:14:58','2025-05-05 08:13:22',1,0.00,1,NULL,NULL,NULL,NULL,'pendente','pendente','2025-07-23 05:10:32'),(80,62,2,4,4,80.00,'2025-05-02','','2025-05-02 05:04:12','2025-05-05 08:13:22',1,1.00,1,NULL,NULL,NULL,NULL,'pendente','pendente','2025-07-23 05:10:32'),(81,61,2,4,4,153.00,'2025-05-02','','2025-05-02 05:05:04','2025-05-05 08:13:22',1,1.00,1,NULL,NULL,NULL,NULL,'pendente','pendente','2025-07-23 05:10:32'),(82,60,2,4,4,80.00,'2025-05-02','','2025-05-02 05:06:24','2025-05-05 08:13:22',1,1.00,1,NULL,NULL,NULL,NULL,'pendente','pendente','2025-07-23 05:10:32'),(83,59,2,4,4,80.00,'2025-05-02','','2025-05-02 05:22:46','2025-05-05 08:13:22',1,1.00,1,NULL,NULL,NULL,NULL,'pendente','pendente','2025-07-23 05:10:32'),(84,64,2,3,5,120.00,'2025-05-02','','2025-05-02 05:52:05','2025-05-05 08:13:22',1,0.00,1,NULL,NULL,NULL,NULL,'pendente','pendente','2025-07-23 05:10:32'),(85,64,2,4,4,480.00,'2025-05-02','','2025-05-02 05:52:12','2025-05-05 08:13:22',1,1.00,1,NULL,NULL,NULL,NULL,'pendente','pendente','2025-07-23 05:10:32'),(88,65,1,4,4,382.00,'2025-05-02','','2025-05-02 06:15:05','2025-05-05 08:13:22',1,1.00,1,NULL,NULL,NULL,NULL,'pendente','pendente','2025-07-23 05:10:32'),(89,65,1,1,1,783.00,'2025-05-02','','2025-05-02 06:16:42','2025-05-05 08:13:22',1,1.70,1,NULL,NULL,NULL,NULL,'pendente','pendente','2025-07-23 05:10:32'),(90,66,1,6,1,208.00,'2025-05-02','','2025-05-02 06:18:01','2025-05-05 08:13:22',1,1.70,1,NULL,NULL,NULL,NULL,'pendente','pendente','2025-07-23 05:10:32'),(91,66,1,6,7,181.00,'2025-05-02','','2025-05-02 06:18:24','2025-05-05 08:13:22',1,1.50,1,NULL,NULL,NULL,NULL,'pendente','pendente','2025-07-23 05:10:32'),(92,66,1,3,5,61.00,'2025-05-02','','2025-05-02 06:18:34','2025-05-05 08:13:22',4,0.00,1,NULL,NULL,NULL,NULL,'pendente','pendente','2025-07-23 05:10:32'),(94,67,1,5,4,406.00,'2025-05-02','','2025-05-02 06:19:56','2025-05-05 08:13:22',1,1.00,1,NULL,NULL,NULL,NULL,'pendente','pendente','2025-07-23 05:10:32'),(95,67,1,5,7,196.00,'2025-05-02','','2025-05-02 06:20:28','2025-05-05 08:13:22',1,1.50,1,NULL,NULL,NULL,NULL,'pendente','pendente','2025-07-23 05:10:32'),(96,67,1,5,1,808.00,'2025-05-02','','2025-05-02 06:20:56','2025-05-05 08:13:22',1,1.70,1,NULL,NULL,NULL,NULL,'pendente','pendente','2025-07-23 05:10:32'),(97,67,1,3,5,131.00,'2025-05-02','','2025-05-02 06:21:06','2025-05-05 08:13:22',1,0.00,1,NULL,NULL,NULL,NULL,'pendente','pendente','2025-07-23 05:10:32'),(98,68,2,4,4,164.00,'2025-05-02','','2025-05-02 21:20:36','2025-05-05 08:13:22',1,1.00,1,NULL,NULL,NULL,NULL,'pendente','pendente','2025-07-23 05:10:32'),(100,70,2,3,5,100.00,'2025-05-02','','2025-05-02 21:52:13','2025-05-05 08:13:22',4,0.00,1,NULL,NULL,NULL,NULL,'pendente','pendente','2025-07-23 05:10:32'),(101,73,0,1,0,130.00,'2025-05-14','','2025-05-14 19:59:46','2025-05-14 19:59:46',0,NULL,1,NULL,NULL,NULL,NULL,'pendente','pendente','2025-07-23 05:10:32'),(102,74,0,3,5,225.00,'2025-05-15','teste','2025-05-15 07:56:19','2025-05-15 07:56:19',0,NULL,1,NULL,NULL,NULL,NULL,'pendente','pendente','2025-07-23 05:10:32'),(103,76,0,1,1,10.00,'2025-05-15','','2025-05-15 08:23:51','2025-05-15 08:23:51',0,NULL,1,NULL,NULL,NULL,NULL,'pendente','pendente','2025-07-23 05:10:32'),(104,77,0,1,1,40.00,'2025-05-31','','2025-05-31 05:38:20','2025-05-31 05:38:20',0,NULL,1,19,1,NULL,NULL,'pendente','pendente','2025-07-23 05:10:32'),(105,80,0,3,5,10.00,'2025-05-31','','2025-05-31 06:46:08','2025-05-31 06:46:08',0,NULL,1,19,1,NULL,NULL,'pendente','pendente','2025-07-23 05:10:32'),(106,82,2,3,5,227.00,'2025-06-01',NULL,'2025-06-01 17:53:58','2025-06-01 19:03:31',1,0.00,1,NULL,3,NULL,NULL,'pendente','pendente','2025-07-23 05:10:32'),(107,83,2,4,4,1787.00,'2025-06-01',NULL,'2025-06-01 17:52:17','2025-06-01 19:03:46',1,1.00,1,NULL,3,NULL,NULL,'pendente','pendente','2025-07-23 05:10:32'),(108,84,2,4,4,100.00,'2025-06-01',NULL,'2025-06-01 17:50:18','2025-06-01 19:04:01',1,1.00,1,NULL,3,NULL,NULL,'pendente','pendente','2025-07-23 05:10:32'),(109,85,2,3,5,100.00,'2025-06-01',NULL,'2025-06-01 17:49:46','2025-06-01 19:04:06',4,0.00,1,NULL,3,NULL,NULL,'pendente','pendente','2025-07-23 05:10:32'),(110,86,2,3,5,100.00,'2025-06-01',NULL,'2025-06-01 17:48:37','2025-06-01 19:06:18',4,0.00,1,NULL,3,NULL,NULL,'pendente','pendente','2025-07-23 05:10:32'),(111,86,2,4,4,50.00,'2025-06-01',NULL,'2025-06-01 17:48:28','2025-06-01 19:06:21',1,1.00,1,NULL,3,NULL,NULL,'pendente','pendente','2025-07-23 05:10:32'),(112,87,2,4,4,100.00,'2025-06-01',NULL,'2025-06-01 17:47:21','2025-06-01 19:06:02',1,1.00,1,NULL,3,NULL,NULL,'pendente','pendente','2025-07-23 05:10:32'),(113,88,1,4,4,500.00,'2025-06-01','','2025-06-01 19:29:37','2025-06-01 19:29:37',1,1.00,1,NULL,3,NULL,NULL,'pendente','pendente','2025-07-23 05:10:32'),(114,89,1,4,4,396.00,'2025-06-01','','2025-06-01 19:37:21','2025-06-01 19:37:21',1,1.00,1,NULL,3,NULL,NULL,'pendente','pendente','2025-07-23 05:10:32'),(115,90,1,4,4,5074.00,'2025-06-01','','2025-06-01 19:40:03','2025-06-01 19:40:03',1,1.00,1,NULL,3,NULL,NULL,'pendente','pendente','2025-07-23 05:10:32'),(116,91,1,4,4,857.00,'2025-06-01','','2025-06-01 19:49:30','2025-06-01 19:49:30',1,1.00,1,NULL,3,NULL,NULL,'pendente','pendente','2025-07-23 05:10:32'),(117,92,2,4,4,100.00,'2025-06-01','','2025-06-02 02:42:32','2025-06-02 02:42:32',1,1.00,1,NULL,3,NULL,NULL,'pendente','pendente','2025-07-23 05:10:32'),(118,93,2,4,4,200.00,'2025-06-01','','2025-06-02 04:21:24','2025-06-02 04:21:24',1,1.00,1,NULL,3,NULL,NULL,'pendente','pendente','2025-07-23 05:10:32'),(120,94,2,3,5,200.00,'2025-06-01','','2025-06-02 04:22:42','2025-06-02 04:22:42',1,0.00,1,NULL,3,NULL,NULL,'pendente','pendente','2025-07-23 05:10:32'),(121,95,2,4,4,100.00,'2025-06-01','','2025-06-02 04:23:18','2025-06-02 04:23:18',1,1.00,1,NULL,3,NULL,NULL,'pendente','pendente','2025-07-23 05:10:32'),(122,96,2,4,4,1687.86,'2025-06-01','','2025-06-02 04:32:48','2025-06-02 04:32:48',1,1.00,1,NULL,3,NULL,NULL,'pendente','pendente','2025-07-23 05:10:32'),(124,98,1,5,4,2491.00,'2025-06-01','','2025-06-02 04:40:19','2025-06-02 04:40:19',1,1.00,1,NULL,3,NULL,NULL,'pendente','pendente','2025-07-23 05:10:32'),(126,100,1,6,6,64.00,'2025-06-02','','2025-06-02 05:07:28','2025-06-02 05:07:28',1,1.00,1,NULL,3,NULL,NULL,'pendente','pendente','2025-07-23 05:10:32'),(127,99,1,4,4,3408.00,'2025-06-02','','2025-06-02 05:08:17','2025-06-02 05:08:17',1,1.00,1,NULL,3,NULL,NULL,'pendente','pendente','2025-07-23 05:10:32'),(128,101,1,4,4,1580.00,'2025-06-02','','2025-06-03 04:45:52','2025-06-03 04:45:52',1,1.00,1,NULL,3,NULL,NULL,'pendente','pendente','2025-07-23 05:10:32'),(129,102,1,5,7,824.00,'2025-06-02','','2025-06-03 04:54:55','2025-06-03 04:54:55',1,1.50,1,NULL,3,NULL,NULL,'pendente','pendente','2025-07-23 05:10:32'),(130,103,1,6,6,242.00,'2025-06-02','','2025-06-03 04:57:27','2025-06-03 04:57:27',1,1.00,1,NULL,3,NULL,NULL,'pendente','pendente','2025-07-23 05:10:32'),(131,104,2,4,4,898.48,'2025-06-03','','2025-06-03 05:19:50','2025-06-03 05:19:50',1,1.00,1,NULL,3,NULL,NULL,'pendente','pendente','2025-07-23 05:10:32'),(132,105,2,4,4,1645.00,'2025-06-03','','2025-06-03 05:22:00','2025-06-03 05:22:00',1,1.00,1,NULL,3,NULL,NULL,'pendente','pendente','2025-07-23 05:10:32'),(133,106,2,4,4,678.00,'2025-06-03','','2025-06-03 05:23:32','2025-06-03 05:23:32',1,1.00,1,NULL,3,NULL,NULL,'pendente','pendente','2025-07-23 05:10:32'),(134,107,2,4,4,1500.00,'2025-06-03','','2025-06-03 05:25:19','2025-06-03 05:25:19',1,1.00,1,NULL,3,NULL,NULL,'pendente','pendente','2025-07-23 05:10:32'),(135,108,2,4,4,628.00,'2025-06-03','','2025-06-03 05:28:59','2025-06-03 05:28:59',1,1.00,1,NULL,3,NULL,NULL,'pendente','pendente','2025-07-23 05:10:32'),(136,112,2,4,4,180.00,'2025-06-03','','2025-06-03 06:02:22','2025-06-03 06:02:22',1,1.00,1,NULL,3,NULL,NULL,'pendente','pendente','2025-07-23 05:10:32'),(137,113,1,4,4,436.00,'2025-06-03','','2025-06-03 06:14:38','2025-06-03 06:14:38',1,1.00,1,NULL,3,NULL,NULL,'pendente','pendente','2025-07-23 05:10:32'),(138,114,2,4,4,200.00,'2025-06-03','','2025-06-03 06:15:15','2025-06-03 06:15:15',1,1.00,1,NULL,3,NULL,NULL,'pendente','pendente','2025-07-23 05:10:32'),(139,115,2,4,4,60.00,'2025-06-03','','2025-06-03 06:16:00','2025-06-03 06:16:00',1,1.00,1,NULL,3,NULL,NULL,'pendente','pendente','2025-07-23 05:10:32'),(140,116,2,4,4,559.00,'2025-06-03','','2025-06-03 06:21:03','2025-06-03 06:21:03',1,1.00,1,NULL,3,NULL,NULL,'pendente','pendente','2025-07-23 05:10:32'),(141,117,2,4,4,42.00,'2025-06-03','','2025-06-03 06:22:41','2025-06-03 06:22:41',1,1.00,1,NULL,3,NULL,NULL,'pendente','pendente','2025-07-23 05:10:32'),(142,118,2,4,4,54.00,'2025-06-03','','2025-06-03 06:23:14','2025-06-03 06:23:14',1,1.00,1,NULL,3,NULL,NULL,'pendente','pendente','2025-07-23 05:10:32'),(143,119,2,4,4,557.00,'2025-06-03','','2025-06-03 06:25:24','2025-06-03 06:25:24',1,1.00,1,NULL,3,NULL,NULL,'pendente','pendente','2025-07-23 05:10:32'),(144,120,2,4,4,121.00,'2025-06-03','','2025-06-03 06:26:00','2025-06-03 06:26:00',1,1.00,1,NULL,3,NULL,NULL,'pendente','pendente','2025-07-23 05:10:32'),(145,121,2,4,4,200.00,'2025-06-03','','2025-06-03 06:26:42','2025-06-03 06:26:42',1,1.00,1,NULL,3,NULL,NULL,'pendente','pendente','2025-07-23 05:10:32'),(146,122,2,4,4,80.00,'2025-06-03','','2025-06-03 06:27:54','2025-06-03 06:27:54',1,1.00,1,NULL,3,NULL,NULL,'pendente','pendente','2025-07-23 05:10:32'),(147,123,2,4,4,350.00,'2025-06-03','','2025-06-03 06:28:25','2025-06-03 06:28:25',1,1.00,1,NULL,3,NULL,NULL,'pendente','pendente','2025-07-23 05:10:32'),(149,126,2,4,4,937.00,'2025-06-03','','2025-06-03 06:45:38','2025-06-03 06:45:38',1,1.00,1,NULL,3,NULL,NULL,'pendente','pendente','2025-07-23 05:10:32'),(150,124,2,4,4,1000.00,'2025-06-03','','2025-06-03 06:51:00','2025-06-03 06:51:00',1,1.00,1,NULL,3,NULL,NULL,'pendente','pendente','2025-07-23 05:10:32'),(151,130,2,4,4,80.00,'2025-06-03','','2025-06-03 07:19:26','2025-06-03 07:19:26',1,1.00,1,NULL,3,NULL,NULL,'pendente','pendente','2025-07-23 05:10:32'),(152,131,2,3,5,97.00,'2025-06-03','','2025-06-03 07:20:34','2025-06-03 07:20:34',1,0.00,1,NULL,3,NULL,NULL,'pendente','pendente','2025-07-23 05:10:32'),(153,132,2,3,5,20.00,'2025-06-03','','2025-06-03 07:21:16','2025-06-03 07:21:16',1,0.00,1,NULL,3,NULL,NULL,'pendente','pendente','2025-07-23 05:10:32'),(154,133,2,4,4,1430.00,'2025-06-03','','2025-06-03 18:12:11','2025-06-03 18:12:11',1,1.00,1,NULL,3,NULL,NULL,'pendente','pendente','2025-07-23 05:10:32'),(155,134,1,4,4,853.00,'2025-06-03','','2025-06-03 18:12:43','2025-06-03 18:12:43',1,1.00,1,NULL,3,NULL,NULL,'pendente','pendente','2025-07-23 05:10:32'),(156,135,1,6,1,72.00,'2025-06-04','','2025-06-04 15:07:45','2025-06-04 15:07:45',1,1.70,1,NULL,3,NULL,NULL,'pendente','pendente','2025-07-23 05:10:32'),(157,136,1,3,5,110.00,'2025-06-04','','2025-06-04 15:10:17','2025-06-04 15:10:17',1,0.00,1,NULL,3,NULL,NULL,'pendente','pendente','2025-07-23 05:10:32'),(158,136,1,4,4,155.00,'2025-06-04','','2025-06-04 15:10:34','2025-06-04 15:10:34',1,1.00,1,NULL,3,NULL,NULL,'pendente','pendente','2025-07-23 05:10:32'),(159,136,1,5,1,210.00,'2025-06-04','','2025-06-04 15:11:07','2025-06-04 15:11:07',1,1.70,1,NULL,3,NULL,NULL,'pendente','pendente','2025-07-23 05:10:32'),(160,136,1,5,4,50.00,'2025-06-04','','2025-06-04 15:11:41','2025-06-04 15:11:41',1,1.00,1,NULL,3,NULL,NULL,'pendente','pendente','2025-07-23 05:10:32'),(161,136,1,7,10,97.00,'2025-06-04','','2025-06-04 15:33:05','2025-06-04 15:33:05',1,0.00,1,NULL,3,NULL,NULL,'pendente','pendente','2025-07-23 05:10:32'),(162,137,1,4,4,891.00,'2025-06-04','','2025-06-04 15:37:00','2025-06-04 15:37:00',1,1.00,1,NULL,3,NULL,NULL,'pendente','pendente','2025-07-23 05:10:32'),(163,138,2,4,4,350.00,'2025-06-04','','2025-06-04 19:32:50','2025-06-04 19:32:50',1,1.00,1,NULL,3,NULL,NULL,'pendente','pendente','2025-07-23 05:10:32'),(164,139,2,4,4,30.00,'2025-06-04','','2025-06-04 19:47:15','2025-06-04 19:47:15',3,1.00,1,NULL,3,NULL,NULL,'pendente','pendente','2025-07-23 05:10:32'),(165,140,2,4,4,524.00,'2025-06-04','','2025-06-04 19:49:36','2025-06-04 19:49:36',3,1.00,1,NULL,3,NULL,NULL,'pendente','pendente','2025-07-23 05:10:32'),(166,141,2,4,4,2095.00,'2025-06-04','','2025-06-04 19:56:10','2025-06-04 19:56:10',1,1.00,1,NULL,3,NULL,NULL,'pendente','pendente','2025-07-23 05:10:32'),(167,142,2,4,4,200.00,'2025-06-04','','2025-06-04 19:57:38','2025-06-04 19:57:38',1,1.00,1,NULL,3,NULL,NULL,'pendente','pendente','2025-07-23 05:10:32'),(168,143,2,4,4,600.00,'2025-06-04','','2025-06-04 19:58:14','2025-06-04 19:58:14',1,1.00,1,NULL,3,NULL,NULL,'pendente','pendente','2025-07-23 05:10:32'),(169,144,2,4,4,490.67,'2025-06-04','','2025-06-04 19:59:32','2025-06-04 19:59:32',1,1.00,1,NULL,3,NULL,NULL,'pendente','pendente','2025-07-23 05:10:32'),(170,145,2,4,4,101.00,'2025-06-04','','2025-06-04 20:00:20','2025-06-04 20:00:20',1,1.00,1,NULL,3,NULL,NULL,'pendente','pendente','2025-07-23 05:10:32'),(171,146,2,4,4,70.00,'2025-06-04','','2025-06-04 20:01:56','2025-06-04 20:01:56',1,1.00,1,NULL,3,NULL,NULL,'pendente','pendente','2025-07-23 05:10:32'),(172,147,2,4,4,90.00,'2025-06-04','','2025-06-04 20:02:41','2025-06-04 20:02:41',1,1.00,1,NULL,3,NULL,NULL,'pendente','pendente','2025-07-23 05:10:32'),(173,148,2,4,4,101.00,'2025-06-05','','2025-06-05 05:20:59','2025-06-05 05:20:59',1,1.00,1,NULL,3,NULL,NULL,'pendente','pendente','2025-07-23 05:10:32'),(174,149,2,4,4,10.00,'2025-06-05','','2025-06-05 05:21:54','2025-06-05 05:21:54',1,1.00,1,NULL,3,NULL,NULL,'pendente','pendente','2025-07-23 05:10:32'),(176,151,1,4,4,1258.00,'2025-06-05','','2025-06-05 05:30:13','2025-06-05 05:30:13',1,1.00,1,NULL,3,NULL,NULL,'pendente','pendente','2025-07-23 05:10:32'),(177,152,1,4,4,113.00,'2025-06-05','','2025-06-05 05:38:19','2025-06-05 05:38:19',1,1.00,1,NULL,3,NULL,NULL,'pendente','pendente','2025-07-23 05:10:32'),(178,153,2,4,4,369.97,'2025-06-05','','2025-06-05 06:06:29','2025-06-05 06:06:29',1,1.00,1,NULL,3,NULL,NULL,'pendente','pendente','2025-07-23 05:10:32'),(179,154,2,4,4,60.00,'2025-06-05','','2025-06-05 06:06:52','2025-06-05 06:06:52',1,1.00,1,NULL,3,NULL,NULL,'pendente','pendente','2025-07-23 05:10:32'),(180,155,2,4,4,45.60,'2025-06-05','','2025-06-05 06:09:02','2025-06-05 06:09:02',1,1.00,1,NULL,3,NULL,NULL,'pendente','pendente','2025-07-23 05:10:32'),(181,156,1,4,4,2500.00,'2025-06-05','','2025-06-05 06:20:27','2025-06-05 06:20:27',1,1.00,1,NULL,3,NULL,NULL,'pendente','pendente','2025-07-23 05:10:32'),(183,158,0,1,4,60.00,'2025-06-05','','2025-06-05 16:13:21','2025-06-05 16:13:21',0,NULL,1,20,5,NULL,NULL,'pendente','pendente','2025-07-23 05:10:32'),(184,157,1,4,4,1000.00,'2025-06-05','','2025-06-05 16:15:32','2025-06-05 16:15:32',1,1.00,1,NULL,5,NULL,NULL,'pendente','pendente','2025-07-23 05:10:32'),(185,159,2,4,4,3309.00,'2025-06-05','','2025-06-05 17:27:46','2025-06-05 17:27:46',1,1.00,1,NULL,3,NULL,NULL,'pendente','pendente','2025-07-23 05:10:32'),(186,161,2,4,4,600.00,'2025-06-05','','2025-06-05 17:51:51','2025-06-05 17:51:51',1,1.00,1,NULL,3,NULL,NULL,'pendente','pendente','2025-07-23 05:10:32'),(187,150,1,4,4,1649.00,'2025-06-05','','2025-06-05 18:59:58','2025-06-05 18:59:58',1,1.00,1,NULL,3,NULL,NULL,'pendente','pendente','2025-07-23 05:10:32'),(188,162,2,4,4,115.75,'2025-06-06','','2025-06-06 05:42:48','2025-06-06 05:42:48',1,1.00,1,NULL,3,NULL,NULL,'pendente','pendente','2025-07-23 05:10:32'),(189,163,2,4,4,700.00,'2025-06-06','','2025-06-06 05:44:55','2025-06-06 05:44:55',1,1.00,1,NULL,3,NULL,NULL,'pendente','pendente','2025-07-23 05:10:32'),(190,164,1,4,4,924.00,'2025-06-06','','2025-06-06 05:46:47','2025-06-06 05:46:47',1,1.00,1,NULL,3,NULL,NULL,'pendente','pendente','2025-07-23 05:10:32'),(191,165,1,5,4,1193.00,'2025-06-06','','2025-06-06 05:53:24','2025-06-06 05:53:24',1,1.00,1,NULL,3,NULL,NULL,'pendente','pendente','2025-07-23 05:10:32'),(194,166,1,6,1,474.00,'2025-06-06','','2025-06-06 05:55:12','2025-06-06 05:55:12',1,1.70,1,NULL,3,NULL,NULL,'pendente','pendente','2025-07-23 05:10:32'),(195,167,1,4,4,4012.00,'2025-06-07','','2025-06-07 05:55:06','2025-06-07 05:55:06',1,1.00,1,NULL,3,NULL,NULL,'pendente','pendente','2025-07-23 05:10:32'),(196,168,1,5,4,1645.00,'2025-06-07','','2025-06-07 05:59:39','2025-06-07 05:59:39',1,1.00,1,NULL,3,NULL,NULL,'pendente','pendente','2025-07-23 05:10:32'),(197,169,2,4,4,200.00,'2025-06-07','','2025-06-07 06:06:42','2025-06-07 06:06:42',1,1.00,1,NULL,3,NULL,NULL,'pendente','pendente','2025-07-23 05:10:32'),(198,170,2,3,5,150.00,'2025-06-07','','2025-06-07 06:07:21','2025-06-07 06:07:21',1,0.00,1,NULL,3,NULL,NULL,'pendente','pendente','2025-07-23 05:10:32'),(199,171,2,3,5,200.00,'2025-06-07','','2025-06-07 06:16:59','2025-06-07 06:16:59',1,0.00,1,NULL,3,NULL,NULL,'pendente','pendente','2025-07-23 05:10:32'),(200,172,2,3,5,127.00,'2025-06-07','','2025-06-07 06:17:34','2025-06-07 06:17:34',1,0.00,1,NULL,3,NULL,NULL,'pendente','pendente','2025-07-23 05:10:32'),(202,173,2,3,5,666.00,'2025-06-07','','2025-06-07 06:25:16','2025-06-07 06:25:16',1,0.00,1,NULL,3,NULL,NULL,'pendente','pendente','2025-07-23 05:10:32'),(203,173,2,4,4,881.00,'2025-06-07','','2025-06-07 06:25:25','2025-06-07 06:25:25',1,1.00,1,NULL,3,NULL,NULL,'pendente','pendente','2025-07-23 05:10:32'),(204,174,2,3,5,1267.00,'2025-06-07','','2025-06-07 20:48:36','2025-06-07 20:48:36',4,0.00,1,NULL,3,0.00,NULL,'pendente','pendente','2025-07-23 05:10:32'),(205,175,2,4,4,402.00,'2025-06-07','','2025-06-07 21:56:08','2025-06-07 21:56:08',1,1.00,1,NULL,3,4.02,NULL,'pendente','pendente','2025-07-23 05:10:32'),(206,176,2,4,4,58.00,'2025-06-07','','2025-06-07 22:16:18','2025-06-07 22:16:18',1,1.00,1,NULL,3,0.58,NULL,'pendente','pendente','2025-07-23 05:10:32'),(207,177,2,4,4,55.00,'2025-06-07','','2025-06-07 22:36:20','2025-06-07 22:36:20',1,1.00,1,NULL,3,0.55,NULL,'pendente','pendente','2025-07-23 05:10:32'),(208,178,2,3,5,145.00,'2025-06-07','','2025-06-07 22:38:06','2025-06-07 22:38:06',4,0.00,1,NULL,3,0.00,NULL,'pendente','pendente','2025-07-23 05:10:32'),(209,179,2,3,5,800.00,'2025-06-08','','2025-06-08 16:43:13','2025-06-08 16:43:13',4,0.00,1,NULL,3,0.00,NULL,'pendente','pendente','2025-07-23 05:10:32'),(210,179,2,4,4,103.00,'2025-06-08','','2025-06-08 16:43:29','2025-06-08 16:43:29',1,1.00,1,NULL,3,1.03,NULL,'pendente','pendente','2025-07-23 05:10:32'),(211,181,1,4,4,287.00,'2025-06-09','','2025-06-09 19:10:19','2025-06-09 19:10:19',1,1.00,1,NULL,3,2.87,NULL,'pendente','pendente','2025-07-23 05:10:32'),(212,182,2,4,4,2575.15,'2025-06-09','','2025-06-09 19:23:15','2025-06-09 19:23:15',3,1.00,1,NULL,3,25.75,NULL,'pendente','pendente','2025-07-23 05:10:32'),(213,183,1,4,4,5548.00,'2025-06-09','','2025-06-09 19:24:06','2025-06-09 19:24:06',1,1.00,1,NULL,3,55.48,NULL,'pendente','pendente','2025-07-23 05:10:32'),(214,184,2,4,4,1000.00,'2025-06-09','','2025-06-09 19:45:38','2025-06-09 19:45:38',1,1.00,1,NULL,3,10.00,NULL,'pendente','pendente','2025-07-23 05:10:32'),(215,185,1,4,4,2628.00,'2025-06-09','','2025-06-09 21:06:07','2025-06-09 21:06:07',1,1.00,1,NULL,3,26.28,NULL,'pendente','pendente','2025-07-23 05:10:32'),(216,186,2,4,4,5000.00,'2025-06-09','','2025-06-09 21:08:59','2025-06-09 21:08:59',1,1.00,1,NULL,3,50.00,NULL,'pendente','pendente','2025-07-23 05:10:32'),(217,187,1,4,4,763.00,'2025-06-10','','2025-06-10 05:08:33','2025-06-10 05:08:33',1,1.00,1,NULL,3,7.63,NULL,'pendente','pendente','2025-07-23 05:10:32'),(219,189,1,5,4,1130.00,'2025-06-10','','2025-06-10 05:16:52','2025-06-10 05:16:52',1,1.00,1,NULL,3,11.30,NULL,'pendente','pendente','2025-07-23 05:10:32'),(220,188,1,6,1,33.00,'2025-06-10','','2025-06-10 05:17:12','2025-06-10 05:17:12',1,1.70,1,NULL,3,0.56,NULL,'pendente','pendente','2025-07-23 05:10:32'),(221,190,2,3,5,132.00,'2025-06-10','','2025-06-10 05:19:16','2025-06-10 05:19:16',1,0.00,1,NULL,3,0.00,NULL,'pendente','pendente','2025-07-23 05:10:32'),(223,192,2,4,4,200.00,'2025-06-10','','2025-06-10 05:21:14','2025-06-10 05:21:14',1,1.00,1,NULL,3,2.00,NULL,'pendente','pendente','2025-07-23 05:10:32'),(224,193,2,4,4,157.62,'2025-06-10','','2025-06-10 05:22:18','2025-06-10 05:22:18',1,1.00,1,NULL,3,1.58,NULL,'pendente','pendente','2025-07-23 05:10:32'),(225,194,2,4,4,100.00,'2025-06-10','','2025-06-10 05:24:18','2025-06-10 05:24:18',1,1.00,1,NULL,3,1.00,NULL,'pendente','pendente','2025-07-23 05:10:32'),(226,191,2,4,4,333.00,'2025-06-10','','2025-06-10 05:26:47','2025-06-10 05:26:47',1,1.00,1,NULL,3,3.33,NULL,'pendente','pendente','2025-07-23 05:10:32'),(227,195,2,4,4,751.76,'2025-06-10','','2025-06-10 05:33:14','2025-06-10 05:33:14',1,1.00,1,NULL,3,7.52,NULL,'pendente','pendente','2025-07-23 05:10:32'),(228,196,2,4,4,100.00,'2025-06-10','','2025-06-10 05:33:50','2025-06-10 05:33:50',1,1.00,1,NULL,3,1.00,NULL,'pendente','pendente','2025-07-23 05:10:32'),(229,197,2,4,4,178.02,'2025-06-10','','2025-06-10 05:36:17','2025-06-10 05:36:17',1,1.00,1,NULL,3,1.78,NULL,'pendente','pendente','2025-07-23 05:10:32'),(230,198,2,4,4,150.00,'2025-06-10','','2025-06-10 05:38:30','2025-06-10 05:38:30',1,1.00,1,NULL,3,1.50,NULL,'pendente','pendente','2025-07-23 05:10:32'),(231,199,2,4,4,1598.37,'2025-06-10','','2025-06-10 05:39:59','2025-06-10 05:39:59',1,1.00,1,NULL,3,15.98,NULL,'pendente','pendente','2025-07-23 05:10:32'),(232,200,2,4,4,265.00,'2025-06-10','','2025-06-10 05:41:31','2025-06-10 05:41:31',1,1.00,1,NULL,3,2.65,NULL,'pendente','pendente','2025-07-23 05:10:32'),(233,201,2,4,4,650.00,'2025-06-10','','2025-06-10 05:47:27','2025-06-10 05:47:27',1,1.00,1,NULL,3,6.50,NULL,'pendente','pendente','2025-07-23 05:10:32'),(234,202,2,4,4,400.00,'2025-06-10','','2025-06-10 05:48:35','2025-06-10 05:48:35',1,1.00,1,NULL,3,4.00,NULL,'pendente','pendente','2025-07-23 05:10:32'),(235,203,2,4,4,1518.00,'2025-06-10','','2025-06-10 14:56:33','2025-06-10 14:56:33',5,1.00,1,NULL,3,15.18,NULL,'pendente','pendente','2025-07-23 05:10:32'),(237,205,1,5,4,934.00,'2025-06-11','','2025-06-11 05:35:04','2025-06-11 05:35:04',1,1.00,1,NULL,1,9.34,NULL,'pendente','pendente','2025-07-23 05:10:32'),(238,206,1,4,4,1251.00,'2025-06-11','','2025-06-11 05:40:32','2025-06-11 05:40:32',1,1.00,1,NULL,1,12.51,NULL,'pendente','pendente','2025-07-23 05:10:32'),(239,207,2,4,4,100.00,'2025-06-11','','2025-06-11 05:42:27','2025-06-11 05:42:27',1,1.00,1,NULL,1,1.00,NULL,'pendente','pendente','2025-07-23 05:10:32'),(240,208,2,4,4,30.00,'2025-06-11','','2025-06-11 05:43:35','2025-06-11 05:43:35',1,1.00,1,NULL,1,0.30,NULL,'pendente','pendente','2025-07-23 05:10:32'),(241,209,2,4,4,500.00,'2025-06-11','','2025-06-11 05:44:21','2025-06-11 05:44:21',1,1.00,1,NULL,1,5.00,NULL,'pendente','pendente','2025-07-23 05:10:32'),(242,210,2,4,4,511.37,'2025-06-11','','2025-06-11 05:51:46','2025-06-11 05:51:46',1,1.00,1,NULL,1,5.11,NULL,'pendente','pendente','2025-07-23 05:10:32'),(243,211,2,4,4,1000.00,'2025-06-11','','2025-06-11 05:52:52','2025-06-11 05:52:52',1,1.00,1,NULL,1,10.00,NULL,'pendente','pendente','2025-07-23 05:10:32'),(244,212,2,4,4,100.00,'2025-06-11','','2025-06-11 05:53:22','2025-06-11 05:53:22',1,1.00,1,NULL,1,1.00,NULL,'pendente','pendente','2025-07-23 05:10:32'),(245,213,2,4,4,1929.67,'2025-06-11','','2025-06-11 19:09:07','2025-06-11 19:09:07',1,1.00,1,NULL,3,19.30,NULL,'pendente','pendente','2025-07-23 05:10:32'),(246,214,2,4,4,427.60,'2025-06-12','','2025-06-12 05:18:39','2025-06-12 05:18:39',1,1.00,1,NULL,3,4.28,NULL,'pendente','pendente','2025-07-23 05:10:32'),(248,215,2,4,4,80.00,'2025-06-12','','2025-06-12 05:23:57','2025-06-12 05:23:57',5,1.00,1,NULL,3,0.80,NULL,'pendente','pendente','2025-07-23 05:10:32'),(249,216,2,4,4,470.00,'2025-06-12','','2025-06-12 05:28:28','2025-06-12 05:28:28',1,1.00,1,NULL,3,4.70,NULL,'pendente','pendente','2025-07-23 05:10:32'),(250,217,2,3,5,500.00,'2025-06-12','','2025-06-12 05:29:24','2025-06-12 05:29:24',1,0.00,1,NULL,3,0.00,NULL,'pendente','pendente','2025-07-23 05:10:32'),(252,218,1,4,4,1734.00,'2025-06-12','','2025-06-12 05:35:01','2025-06-12 05:35:01',1,1.00,1,NULL,3,17.34,NULL,'pendente','pendente','2025-07-23 05:10:32'),(253,219,1,5,4,320.00,'2025-06-12','','2025-06-12 05:37:42','2025-06-12 05:37:42',1,1.00,1,NULL,3,3.20,NULL,'pendente','pendente','2025-07-23 05:10:32'),(255,220,1,5,4,391.00,'2025-06-12','','2025-06-12 05:42:58','2025-06-12 05:42:58',1,1.00,1,NULL,3,3.91,NULL,'pendente','pendente','2025-07-23 05:10:32'),(256,221,2,4,4,66.00,'2025-06-12','','2025-06-12 05:48:19','2025-06-12 05:48:19',1,1.00,1,NULL,3,0.66,NULL,'pendente','pendente','2025-07-23 05:10:32'),(257,222,2,4,4,399.40,'2025-06-12','','2025-06-12 18:41:53','2025-06-12 18:41:53',5,1.00,1,NULL,3,3.99,NULL,'pendente','pendente','2025-07-23 05:10:32'),(258,223,1,4,4,3481.00,'2025-06-13','','2025-06-13 05:31:58','2025-06-13 05:31:58',1,1.00,1,NULL,3,34.81,NULL,'pendente','pendente','2025-07-23 05:10:32'),(259,224,1,5,4,1052.00,'2025-06-13','','2025-06-13 05:34:03','2025-06-13 05:34:03',1,1.00,1,NULL,3,10.52,NULL,'pendente','pendente','2025-07-23 05:10:32'),(261,225,1,6,1,380.00,'2025-06-13','','2025-06-13 05:35:37','2025-06-13 05:35:37',1,1.70,1,NULL,3,6.46,NULL,'pendente','pendente','2025-07-23 05:10:32'),(262,226,2,4,4,137.60,'2025-06-13','','2025-06-13 05:43:15','2025-06-13 05:43:15',1,1.00,1,NULL,3,1.38,NULL,'pendente','pendente','2025-07-23 05:10:32'),(263,227,2,4,4,200.00,'2025-06-13','','2025-06-13 05:44:21','2025-06-13 05:44:21',1,1.00,1,NULL,3,2.00,NULL,'pendente','pendente','2025-07-23 05:10:32'),(264,227,2,3,5,30.00,'2025-06-13','','2025-06-13 05:46:21','2025-06-13 05:46:21',4,0.00,1,NULL,3,0.00,NULL,'pendente','pendente','2025-07-23 05:10:32'),(265,228,2,4,4,266.00,'2025-06-13','','2025-06-13 05:48:41','2025-06-13 05:48:41',1,1.00,1,NULL,3,2.66,NULL,'pendente','pendente','2025-07-23 05:10:32'),(266,228,2,4,4,133.00,'2025-06-13','','2025-06-13 05:50:03','2025-06-13 05:50:03',1,1.00,1,NULL,3,1.33,NULL,'pendente','pendente','2025-07-23 05:10:32'),(267,229,2,4,4,1080.85,'2025-06-13','','2025-06-13 05:51:31','2025-06-13 05:51:31',5,1.00,1,NULL,3,10.81,NULL,'pendente','pendente','2025-07-23 05:10:32'),(268,230,2,4,4,80.00,'2025-06-13','','2025-06-14 04:24:13','2025-06-14 04:24:13',1,1.00,1,NULL,3,0.80,NULL,'pendente','pendente','2025-07-23 05:10:32'),(269,231,2,4,4,160.00,'2025-06-13','','2025-06-14 04:25:06','2025-06-14 04:25:06',1,1.00,1,NULL,3,1.60,NULL,'pendente','pendente','2025-07-23 05:10:32'),(270,232,2,4,4,20.00,'2025-06-13','','2025-06-14 04:29:30','2025-06-14 04:29:30',1,1.00,1,NULL,3,0.20,NULL,'pendente','pendente','2025-07-23 05:10:32'),(271,233,2,4,4,60.00,'2025-06-13','','2025-06-14 04:41:46','2025-06-14 04:41:46',1,1.00,1,NULL,3,0.60,NULL,'pendente','pendente','2025-07-23 05:10:32'),(272,234,1,4,4,1215.00,'2025-06-14','','2025-06-14 05:13:05','2025-06-14 05:13:05',1,1.00,1,NULL,3,12.15,NULL,'pendente','pendente','2025-07-23 05:10:32'),(273,235,1,5,4,1361.00,'2025-06-14','','2025-06-14 05:14:46','2025-06-14 05:14:46',1,1.00,1,NULL,3,13.61,NULL,'pendente','pendente','2025-07-23 05:10:32'),(274,236,1,6,1,209.00,'2025-06-14','','2025-06-14 05:18:31','2025-06-14 05:18:31',1,1.70,1,NULL,3,3.55,NULL,'pendente','pendente','2025-07-23 05:10:32'),(275,237,2,4,4,10.00,'2025-06-15','','2025-06-15 05:02:06','2025-06-15 05:02:06',1,1.00,1,NULL,3,0.10,NULL,'pendente','pendente','2025-07-23 05:10:32'),(277,237,2,4,4,30.00,'2025-06-15','','2025-06-15 05:02:49','2025-06-15 05:02:49',1,1.00,1,NULL,3,0.30,NULL,'pendente','pendente','2025-07-23 05:10:32'),(278,237,2,4,4,60.00,'2025-06-15','','2025-06-15 05:03:19','2025-06-15 05:03:19',1,1.00,1,NULL,3,0.60,NULL,'pendente','pendente','2025-07-23 05:10:32'),(279,238,2,4,4,101.00,'2025-06-15','','2025-06-15 05:05:51','2025-06-15 05:05:51',1,1.00,1,NULL,3,1.01,NULL,'pendente','pendente','2025-07-23 05:10:32'),(280,239,1,4,4,2825.00,'2025-06-15','','2025-06-15 07:58:27','2025-06-15 07:58:27',1,1.00,1,NULL,3,28.25,NULL,'pendente','pendente','2025-07-23 05:10:32'),(281,240,1,6,1,349.00,'2025-06-15','','2025-06-15 07:59:18','2025-06-15 07:59:18',1,1.70,1,NULL,3,5.93,NULL,'pendente','pendente','2025-07-23 05:10:32'),(282,241,1,5,4,1399.00,'2025-06-15','','2025-06-15 08:00:20','2025-06-15 08:00:20',1,1.00,1,NULL,3,13.99,NULL,'pendente','pendente','2025-07-23 05:10:32'),(283,242,2,4,4,2422.78,'2025-06-15','','2025-06-15 21:16:05','2025-06-15 21:16:05',1,1.00,1,NULL,3,24.23,NULL,'pendente','pendente','2025-07-23 05:10:32'),(284,243,2,4,4,80.00,'2025-06-15','','2025-06-15 21:17:20','2025-06-15 21:17:20',1,1.00,1,NULL,3,0.80,NULL,'pendente','pendente','2025-07-23 05:10:32'),(285,244,2,4,4,200.00,'2025-06-15','','2025-06-15 21:17:51','2025-06-15 21:17:51',1,1.00,1,NULL,3,2.00,NULL,'pendente','pendente','2025-07-23 05:10:32'),(286,245,2,4,4,468.31,'2025-06-15','','2025-06-15 21:37:18','2025-06-15 21:37:18',1,1.00,1,NULL,3,4.68,NULL,'pendente','pendente','2025-07-23 05:10:32'),(287,246,2,4,4,100.00,'2025-06-15','','2025-06-15 21:37:50','2025-06-15 21:37:50',1,1.00,1,NULL,3,1.00,NULL,'pendente','pendente','2025-07-23 05:10:32'),(288,247,2,4,4,200.00,'2025-06-15','','2025-06-15 21:39:37','2025-06-15 21:39:37',1,1.00,1,NULL,3,2.00,NULL,'pendente','pendente','2025-07-23 05:10:32'),(289,248,2,4,4,369.00,'2025-06-15','','2025-06-15 21:42:02','2025-06-15 21:42:02',1,1.00,1,NULL,3,3.69,NULL,'pendente','pendente','2025-07-23 05:10:32'),(290,249,2,4,4,89.00,'2025-06-15','','2025-06-15 21:45:02','2025-06-15 21:45:02',1,1.00,1,NULL,3,0.89,NULL,'pendente','pendente','2025-07-23 05:10:32'),(291,250,2,4,4,100.00,'2025-06-15','','2025-06-15 21:59:21','2025-06-15 21:59:21',1,1.00,1,NULL,3,1.00,NULL,'pendente','pendente','2025-07-23 05:10:32'),(292,251,2,4,4,20.00,'2025-06-15','','2025-06-15 22:00:33','2025-06-15 22:00:33',1,1.00,1,NULL,3,0.20,NULL,'pendente','pendente','2025-07-23 05:10:32'),(293,252,2,4,4,180.00,'2025-06-15','','2025-06-15 22:01:04','2025-06-15 22:01:04',1,1.00,1,NULL,3,1.80,NULL,'pendente','pendente','2025-07-23 05:10:32'),(294,253,2,4,4,60.00,'2025-06-15','','2025-06-15 22:01:36','2025-06-15 22:01:36',1,1.00,1,NULL,3,0.60,NULL,'pendente','pendente','2025-07-23 05:10:32'),(295,254,2,3,5,1150.00,'2025-06-15','','2025-06-15 22:12:22','2025-06-15 22:12:22',1,0.00,1,NULL,3,0.00,NULL,'pendente','pendente','2025-07-23 05:10:32'),(296,255,1,4,4,3526.00,'2025-06-16','','2025-06-16 05:05:09','2025-06-16 05:05:09',1,1.00,1,NULL,3,35.26,NULL,'pendente','pendente','2025-07-23 05:10:32'),(298,257,2,4,4,60.00,'2025-06-16','','2025-06-16 05:08:40','2025-06-16 05:08:40',1,1.00,1,NULL,3,0.60,NULL,'pendente','pendente','2025-07-23 05:10:32'),(299,258,1,5,4,1608.00,'2025-06-16','','2025-06-16 05:09:59','2025-06-16 05:09:59',1,1.00,1,NULL,3,16.08,NULL,'pendente','pendente','2025-07-23 05:10:32'),(300,256,1,6,1,113.00,'2025-06-16','','2025-06-16 05:10:33','2025-06-16 05:10:33',1,1.70,1,NULL,3,1.92,NULL,'pendente','pendente','2025-07-23 05:10:32'),(301,259,2,4,4,87.75,'2025-06-16','','2025-06-16 05:17:39','2025-06-16 05:17:39',1,1.00,1,NULL,3,0.88,NULL,'pendente','pendente','2025-07-23 05:10:32'),(302,295,1,4,4,3364.00,'2025-06-17','','2025-06-17 05:17:16','2025-06-17 05:17:16',1,1.00,1,NULL,3,33.64,NULL,'pendente','pendente','2025-07-23 05:10:32'),(304,296,1,6,1,285.00,'2025-06-17','','2025-06-17 05:18:20','2025-06-17 05:18:20',1,1.70,1,NULL,3,4.85,NULL,'pendente','pendente','2025-07-23 05:10:32'),(305,297,1,4,4,3906.00,'2025-06-17','','2025-06-17 05:22:13','2025-06-17 05:22:13',1,1.00,1,NULL,3,39.06,NULL,'pendente','pendente','2025-07-23 05:10:32'),(307,299,2,4,4,50.00,'2025-06-17','','2025-06-17 07:09:32','2025-06-17 07:09:32',1,1.00,1,NULL,3,0.50,NULL,'pendente','pendente','2025-07-23 05:10:32'),(308,300,2,4,4,700.00,'2025-06-17','','2025-06-17 18:45:33','2025-06-17 18:45:33',1,1.00,1,NULL,3,7.00,NULL,'pendente','pendente','2025-07-23 05:10:32'),(309,301,2,4,4,170.00,'2025-06-17','\r\n','2025-06-17 19:44:29','2025-06-17 19:44:29',1,1.00,1,NULL,3,1.70,NULL,'pendente','pendente','2025-07-23 05:10:32'),(310,302,2,4,4,361.20,'2025-06-17','','2025-06-17 19:51:14','2025-06-17 19:51:14',1,1.00,1,NULL,3,3.61,NULL,'pendente','pendente','2025-07-23 05:10:32'),(311,303,2,4,4,1002.13,'2025-06-17','','2025-06-17 19:53:48','2025-06-17 19:53:48',1,1.00,1,NULL,3,10.02,NULL,'pendente','pendente','2025-07-23 05:10:32'),(312,304,2,4,4,50.00,'2025-06-17','','2025-06-17 20:10:24','2025-06-17 20:10:24',1,1.00,1,NULL,3,0.50,NULL,'pendente','pendente','2025-07-23 05:10:32'),(313,305,2,4,4,76.00,'2025-06-17','','2025-06-17 20:10:53','2025-06-17 20:10:53',1,1.00,1,NULL,3,0.76,NULL,'pendente','pendente','2025-07-23 05:10:32'),(314,306,2,4,4,843.00,'2025-06-17','','2025-06-17 20:12:12','2025-06-17 20:12:12',1,1.00,1,NULL,3,8.43,NULL,'pendente','pendente','2025-07-23 05:10:32'),(315,307,2,4,4,440.00,'2025-06-17','','2025-06-17 20:15:01','2025-06-17 20:15:01',1,1.00,1,NULL,3,4.40,NULL,'pendente','pendente','2025-07-23 05:10:32'),(316,308,2,4,4,2500.00,'2025-06-17','','2025-06-17 20:18:47','2025-06-17 20:18:47',1,1.00,1,NULL,3,25.00,NULL,'pendente','pendente','2025-07-23 05:10:32'),(317,309,2,4,4,1200.00,'2025-06-17','','2025-06-17 20:19:50','2025-06-17 20:19:50',1,1.00,1,NULL,3,12.00,NULL,'pendente','pendente','2025-07-23 05:10:32'),(318,310,2,4,4,1100.00,'2025-06-17','','2025-06-17 20:22:27','2025-06-17 20:22:27',1,1.00,1,NULL,3,11.00,NULL,'pendente','pendente','2025-07-23 05:10:32'),(319,311,2,4,4,291.00,'2025-06-17','','2025-06-17 20:25:11','2025-06-17 20:25:11',1,1.00,1,NULL,3,2.91,NULL,'pendente','pendente','2025-07-23 05:10:32'),(320,312,2,4,4,366.72,'2025-06-17','','2025-06-17 20:25:48','2025-06-17 20:25:48',1,1.00,1,NULL,3,3.67,NULL,'pendente','pendente','2025-07-23 05:10:32'),(321,313,2,4,4,3127.00,'2025-06-17','','2025-06-17 21:27:42','2025-06-17 21:27:42',1,1.00,1,NULL,3,31.27,NULL,'pendente','pendente','2025-07-23 05:10:32'),(322,314,1,4,4,1049.00,'2025-06-18','','2025-06-18 05:34:42','2025-06-18 05:34:42',1,1.00,1,NULL,3,10.49,NULL,'pendente','pendente','2025-07-23 05:10:32'),(323,315,1,4,4,1024.00,'2025-06-18','','2025-06-18 05:37:25','2025-06-18 05:37:25',1,1.00,1,NULL,3,10.24,NULL,'pendente','pendente','2025-07-23 05:10:32'),(324,316,1,6,1,110.00,'2025-06-18','','2025-06-18 05:38:44','2025-06-18 05:38:44',1,1.70,1,NULL,3,1.87,NULL,'pendente','pendente','2025-07-23 05:10:32'),(325,317,1,4,4,2688.00,'2025-06-18','','2025-06-18 05:40:46','2025-06-18 05:40:46',1,1.00,1,NULL,3,26.88,NULL,'pendente','pendente','2025-07-23 05:10:32'),(326,318,2,4,4,500.00,'2025-06-18','','2025-06-18 17:39:36','2025-06-18 17:39:36',1,1.00,1,NULL,3,5.00,NULL,'pendente','pendente','2025-07-23 05:10:32'),(327,319,2,4,4,100.00,'2025-06-19','','2025-06-19 18:56:51','2025-06-19 18:56:51',1,1.00,1,NULL,3,1.00,NULL,'pendente','pendente','2025-07-23 05:10:32'),(328,320,2,4,4,1967.67,'2025-06-19','','2025-06-19 19:00:12','2025-06-19 19:00:12',1,1.00,1,NULL,3,19.68,NULL,'pendente','pendente','2025-07-23 05:10:32'),(329,321,2,4,4,450.00,'2025-06-19','','2025-06-19 19:02:15','2025-06-19 19:02:15',1,1.00,1,NULL,3,4.50,NULL,'pendente','pendente','2025-07-23 05:10:32'),(330,322,2,4,4,250.00,'2025-06-19','','2025-06-19 19:02:51','2025-06-19 19:02:51',1,1.00,1,NULL,3,2.50,NULL,'pendente','pendente','2025-07-23 05:10:32'),(331,323,2,4,4,216.27,'2025-06-19','','2025-06-19 19:03:54','2025-06-19 19:03:54',1,1.00,1,NULL,3,2.16,NULL,'pendente','pendente','2025-07-23 05:10:32'),(332,324,2,4,4,409.50,'2025-06-19','','2025-06-19 19:12:34','2025-06-19 19:12:34',1,1.00,1,NULL,3,4.10,NULL,'pendente','pendente','2025-07-23 05:10:32'),(333,325,2,4,4,43.25,'2025-06-19','','2025-06-19 19:13:17','2025-06-19 19:13:17',1,1.00,1,NULL,3,0.43,NULL,'pendente','pendente','2025-07-23 05:10:32'),(334,326,2,4,4,550.00,'2025-06-19','','2025-06-19 19:13:47','2025-06-19 19:13:47',1,1.00,1,NULL,3,5.50,NULL,'pendente','pendente','2025-07-23 05:10:32'),(335,327,1,4,4,1523.00,'2025-06-19','','2025-06-19 19:18:07','2025-06-19 19:18:07',1,1.00,1,NULL,3,15.23,NULL,'pendente','pendente','2025-07-23 05:10:32'),(336,328,1,4,4,212.00,'2025-06-19','','2025-06-19 19:18:54','2025-06-19 19:18:54',1,1.00,1,NULL,3,2.12,NULL,'pendente','pendente','2025-07-23 05:10:32'),(337,329,1,5,4,1098.00,'2025-06-19','','2025-06-19 19:21:47','2025-06-19 19:21:47',1,1.00,1,NULL,3,10.98,NULL,'pendente','pendente','2025-07-23 05:10:32'),(338,330,2,4,4,700.00,'2025-06-19','','2025-06-19 19:23:17','2025-06-19 19:23:17',1,1.00,1,NULL,3,7.00,NULL,'pendente','pendente','2025-07-23 05:10:32'),(339,331,2,4,4,200.00,'2025-06-23','','2025-06-23 07:34:01','2025-06-23 07:34:01',1,1.00,1,NULL,3,2.00,NULL,'pendente','pendente','2025-07-23 05:10:32'),(340,332,2,4,4,150.00,'2025-06-23','','2025-06-23 07:34:32','2025-06-23 07:34:32',1,1.00,1,NULL,3,1.50,NULL,'pendente','pendente','2025-07-23 05:10:32'),(341,333,2,4,4,231.00,'2025-06-23','','2025-06-23 07:37:31','2025-06-23 07:37:31',1,1.00,1,NULL,3,2.31,NULL,'pendente','pendente','2025-07-23 05:10:32'),(342,334,2,4,4,61.00,'2025-06-23','','2025-06-23 07:39:50','2025-06-23 07:39:50',1,1.00,1,NULL,3,0.61,NULL,'pendente','pendente','2025-07-23 05:10:32'),(343,335,2,4,4,1052.37,'2025-06-23','','2025-06-23 07:41:46','2025-06-23 07:41:46',1,1.00,1,NULL,3,10.52,NULL,'pendente','pendente','2025-07-23 05:10:32'),(344,336,2,4,4,300.00,'2025-06-23','','2025-06-23 07:42:26','2025-06-23 07:42:26',1,1.00,1,NULL,3,3.00,NULL,'pendente','pendente','2025-07-23 05:10:32'),(345,337,2,4,4,110.00,'2025-06-23','','2025-06-23 07:43:01','2025-06-23 07:43:01',1,1.00,1,NULL,3,1.10,NULL,'pendente','pendente','2025-07-23 05:10:32'),(346,338,2,4,4,100.00,'2025-06-23','','2025-06-23 07:43:42','2025-06-23 07:43:42',1,1.00,1,NULL,3,1.00,NULL,'pendente','pendente','2025-07-23 05:10:32'),(347,339,2,4,4,260.00,'2025-06-23','','2025-06-23 07:44:28','2025-06-23 07:44:28',1,1.00,1,NULL,3,2.60,NULL,'pendente','pendente','2025-07-23 05:10:32'),(348,340,2,4,4,500.00,'2025-06-23','','2025-06-23 07:47:37','2025-06-23 07:47:37',1,1.00,1,NULL,3,5.00,NULL,'pendente','pendente','2025-07-23 05:10:32'),(349,341,2,4,4,1658.49,'2025-06-23','','2025-06-23 07:49:01','2025-06-23 07:49:01',1,1.00,1,NULL,3,16.58,NULL,'pendente','pendente','2025-07-23 05:10:32'),(350,111,2,4,4,1400.00,'2025-06-23','','2025-06-23 07:49:42','2025-06-23 07:49:42',1,1.00,1,NULL,3,14.00,NULL,'pendente','pendente','2025-07-23 05:10:32'),(351,342,2,4,4,500.00,'2025-06-23','','2025-06-23 07:50:24','2025-06-23 07:50:24',1,1.00,1,NULL,3,5.00,NULL,'pendente','pendente','2025-07-23 05:10:32'),(352,343,2,4,4,200.00,'2025-06-23','','2025-06-23 07:50:59','2025-06-23 07:50:59',1,1.00,1,NULL,3,2.00,NULL,'pendente','pendente','2025-07-23 05:10:32'),(353,344,2,4,4,1282.11,'2025-06-23','','2025-06-23 07:52:20','2025-06-23 07:52:20',1,1.00,1,NULL,3,12.82,NULL,'pendente','pendente','2025-07-23 05:10:32'),(354,345,1,4,4,8438.00,'2025-06-23','','2025-06-23 07:57:31','2025-06-23 07:57:31',1,1.00,1,NULL,3,84.38,NULL,'pendente','pendente','2025-07-23 05:10:32'),(355,346,1,6,1,2977.00,'2025-06-23','','2025-06-23 07:58:30','2025-06-23 07:58:30',1,1.70,1,NULL,3,50.61,NULL,'pendente','pendente','2025-07-23 05:10:32'),(356,347,1,5,1,6079.00,'2025-06-23','','2025-06-23 07:59:45','2025-06-23 07:59:45',1,1.70,1,NULL,3,103.34,NULL,'pendente','pendente','2025-07-23 05:10:32'),(357,348,2,3,5,864.00,'2025-06-26','','2025-06-26 19:07:32','2025-06-26 19:07:32',5,0.00,1,NULL,5,0.00,NULL,'pendente','pendente','2025-07-23 05:10:32'),(358,349,2,3,5,406.00,'2025-06-26','','2025-06-26 19:08:11','2025-06-26 19:08:11',5,0.00,1,NULL,5,0.00,NULL,'pendente','pendente','2025-07-23 05:10:32'),(360,351,2,3,5,415.00,'2025-06-30','','2025-07-03 20:48:30','2025-07-03 20:48:30',5,0.00,1,NULL,5,0.00,NULL,'pendente','pendente','2025-07-23 05:10:32'),(361,352,0,1,1,16.00,'2025-07-06','','2025-07-06 18:36:42','2025-07-06 18:36:42',0,NULL,1,18,3,0.27,NULL,'pendente','pendente','2025-07-23 05:10:32'),(362,354,0,1,1,16.00,'2025-07-06','','2025-07-06 18:37:18','2025-07-06 18:37:18',0,NULL,1,18,3,0.27,NULL,'pendente','pendente','2025-07-23 05:10:32'),(363,355,1,3,5,41.00,'2025-07-09','','2025-07-09 06:40:04','2025-07-09 06:40:04',0,NULL,1,18,3,0.00,NULL,'pendente','pendente','2025-07-23 05:10:32'),(365,356,2,4,4,200.00,'2025-06-30','','2025-07-09 18:12:53','2025-07-09 18:12:53',1,1.00,1,NULL,3,2.00,NULL,'pendente','pendente','2025-07-23 05:10:32'),(367,357,2,4,4,2483.31,'2025-06-30','','2025-07-09 18:46:19','2025-07-09 18:46:19',1,1.00,1,NULL,3,24.83,NULL,'pendente','pendente','2025-07-23 05:10:32'),(368,358,2,4,4,180.00,'2025-06-30','','2025-07-09 18:54:15','2025-07-09 18:54:15',1,1.00,1,NULL,3,1.80,NULL,'pendente','pendente','2025-07-23 05:10:32'),(369,359,2,4,4,60.00,'2025-07-09','','2025-07-09 18:55:09','2025-07-09 18:55:09',1,1.00,1,NULL,3,0.60,NULL,'pendente','pendente','2025-07-23 05:10:32'),(371,360,2,4,4,1500.00,'2025-06-30','','2025-07-09 18:57:20','2025-07-09 18:57:20',1,1.00,1,NULL,3,15.00,NULL,'pendente','pendente','2025-07-23 05:10:32'),(372,361,2,4,4,400.00,'2025-06-30','','2025-07-09 19:06:27','2025-07-09 19:06:27',1,1.00,1,NULL,3,4.00,NULL,'pendente','pendente','2025-07-23 05:10:32'),(373,362,2,4,4,1500.00,'2025-06-30','','2025-07-09 19:07:04','2025-07-09 19:07:04',1,1.00,1,NULL,3,15.00,NULL,'pendente','pendente','2025-07-23 05:10:32'),(375,363,2,4,4,258.00,'2025-06-30','','2025-07-09 19:08:38','2025-07-09 19:08:38',1,1.00,1,NULL,3,2.58,NULL,'pendente','pendente','2025-07-23 05:10:32'),(376,364,2,4,4,240.00,'2025-06-30','','2025-07-09 19:50:14','2025-07-09 19:50:14',1,1.00,1,NULL,3,2.40,NULL,'pendente','pendente','2025-07-23 05:10:32'),(377,365,2,4,4,310.00,'2025-06-30','','2025-07-09 19:52:50','2025-07-09 19:52:50',1,1.00,1,NULL,3,3.10,NULL,'pendente','pendente','2025-07-23 05:10:32'),(378,366,2,3,5,20.00,'2025-07-22','','2025-07-22 07:22:42','2025-07-22 07:22:42',1,0.00,1,NULL,3,0.00,NULL,'pendente','pendente','2025-07-23 05:10:32'),(383,367,2,4,4,50.00,'2025-07-22','','2025-07-22 05:27:52','2025-07-23 17:27:53',1,1.00,1,NULL,1,0.50,NULL,'pendente','pendente','2025-07-23 08:01:39'),(384,372,1,1,1,16.00,'2025-07-24','','2025-07-24 04:13:21','2025-07-24 04:13:21',0,NULL,1,18,3,0.27,NULL,'pendente','pendente','2025-07-24 05:15:06');

#
# Structure for table "pdv_mesas"
#

DROP TABLE IF EXISTS `meufinanceiro`.`pdv_mesas`;
CREATE TABLE `meufinanceiro`.`pdv_mesas` (
  `id` int(11) NOT NULL AUTO_INCREMENT,
  `empresa_id` int(11) NOT NULL,
  `numero_mesa` int(11) NOT NULL,
  `nome` varchar(50) NOT NULL,
  `descricao` text DEFAULT NULL,
  `capacidade` int(11) DEFAULT 4,
  `status_pdv` enum('livre','ocupado','fechado','cancelado','excluido','finalizado','delivery','reservado') NOT NULL DEFAULT 'livre',
  `posicao_x` int(11) DEFAULT 0,
  `posicao_y` int(11) DEFAULT 0,
  `cor` varchar(7) DEFAULT '#007bff',
  `ativo` tinyint(1) DEFAULT 1,
  `created_at` timestamp NOT NULL DEFAULT current_timestamp(),
  `updated_at` timestamp NOT NULL DEFAULT current_timestamp() ON UPDATE current_timestamp(),
  `sync_status` enum('pendente','sincronizado','erro') DEFAULT 'pendente',
  `sync_data` timestamp NOT NULL DEFAULT current_timestamp(),
  `sync_hash` varchar(32) DEFAULT NULL,
  PRIMARY KEY (`id`),
  UNIQUE KEY `unique_mesa_empresa` (`empresa_id`,`numero_mesa`),
  KEY `idx_empresa_ativo` (`empresa_id`,`ativo`),
  KEY `idx_numero_mesa` (`numero_mesa`),
  KEY `idx_status_pdv` (`status_pdv`),
  KEY `idx_sync` (`sync_status`,`sync_data`)
) ENGINE=InnoDB AUTO_INCREMENT=11 DEFAULT CHARSET=utf8 COLLATE=utf8_general_ci ROW_FORMAT=DYNAMIC;

#
# Data for table "pdv_mesas"
#

INSERT INTO `pdv_mesas` VALUES (1,1,1,'',NULL,4,'livre',0,0,'#007bff',1,'2025-07-20 05:06:52','2025-07-23 17:27:54','pendente','2025-07-23 05:10:35',NULL),(2,1,2,'',NULL,2,'livre',0,0,'#007bff',1,'2025-07-20 05:06:52','2025-07-23 08:01:40','pendente','2025-07-23 05:10:35',NULL),(3,1,3,'',NULL,6,'livre',0,0,'#007bff',1,'2025-07-20 05:06:52','2025-07-23 08:01:40','pendente','2025-07-23 05:10:35',NULL),(4,1,4,'',NULL,4,'livre',0,0,'#007bff',1,'2025-07-20 05:06:52','2025-07-23 08:01:41','pendente','2025-07-23 05:10:35',NULL),(5,1,5,'',NULL,8,'livre',0,0,'#007bff',1,'2025-07-20 05:06:52','2025-07-23 08:01:41','pendente','2025-07-23 05:10:35',NULL),(6,1,6,'',NULL,2,'livre',0,0,'#007bff',1,'2025-07-20 05:06:52','2025-07-23 08:01:41','pendente','2025-07-23 05:10:35',NULL),(7,1,7,'',NULL,4,'livre',0,0,'#007bff',1,'2025-07-20 05:06:52','2025-07-23 08:01:42','pendente','2025-07-23 05:10:35',NULL),(8,1,8,'',NULL,6,'livre',0,0,'#007bff',1,'2025-07-20 05:06:52','2025-07-23 08:01:42','pendente','2025-07-23 05:10:35',NULL),(9,1,9,'',NULL,4,'livre',0,0,'#007bff',1,'2025-07-20 05:06:52','2025-07-23 08:01:42','pendente','2025-07-23 05:10:35',NULL),(10,1,10,'',NULL,2,'livre',0,0,'#007bff',1,'2025-07-20 05:06:52','2025-07-23 08:01:43','pendente','2025-07-23 05:10:35',NULL);

#
# Structure for table "planos_afiliados"
#

DROP TABLE IF EXISTS `meufinanceiro`.`planos_afiliados`;
CREATE TABLE `meufinanceiro`.`planos_afiliados` (
  `id` int(11) NOT NULL AUTO_INCREMENT,
  `nome` varchar(100) NOT NULL,
  `email` varchar(100) NOT NULL,
  `telefone` varchar(20) DEFAULT NULL,
  `cpf_cnpj` varchar(20) DEFAULT NULL,
  `endereco` text DEFAULT NULL,
  `tipo_afiliado` enum('afiliado','revendedor_bronze','revendedor_prata','revendedor_ouro') DEFAULT 'afiliado',
  `comissao_percentual` decimal(5,2) DEFAULT 20.00,
  `desconto_compra_percentual` decimal(5,2) DEFAULT 30.00,
  `codigo_afiliado` varchar(20) DEFAULT NULL,
  `total_vendas` decimal(10,2) DEFAULT 0.00,
  `total_comissoes` decimal(10,2) DEFAULT 0.00,
  `status` enum('ativo','inativo','suspenso') DEFAULT 'ativo',
  `data_cadastro` timestamp NOT NULL DEFAULT current_timestamp(),
  `ultimo_login` timestamp NULL DEFAULT NULL,
  `created_at` timestamp NOT NULL DEFAULT current_timestamp(),
  `updated_at` timestamp NOT NULL DEFAULT current_timestamp() ON UPDATE current_timestamp(),
  `sync_data` timestamp NOT NULL DEFAULT current_timestamp(),
  `sync_hash` varchar(32) DEFAULT NULL,
  `sync_status` enum('pendente','sincronizado','erro') DEFAULT 'pendente',
  PRIMARY KEY (`id`),
  UNIQUE KEY `email` (`email`),
  UNIQUE KEY `codigo_afiliado` (`codigo_afiliado`),
  KEY `idx_codigo_afiliado` (`codigo_afiliado`),
  KEY `idx_email` (`email`),
  KEY `idx_tipo_afiliado` (`tipo_afiliado`)
) ENGINE=InnoDB DEFAULT CHARSET=utf8 COLLATE=utf8_unicode_ci ROW_FORMAT=DYNAMIC;

#
# Data for table "planos_afiliados"
#


#
# Structure for table "planos_comissoes_afiliados"
#

DROP TABLE IF EXISTS `meufinanceiro`.`planos_comissoes_afiliados`;
CREATE TABLE `meufinanceiro`.`planos_comissoes_afiliados` (
  `id` int(11) NOT NULL AUTO_INCREMENT,
  `afiliado_id` int(11) NOT NULL,
  `venda_id` int(11) NOT NULL,
  `valor_comissao` decimal(10,2) NOT NULL,
  `percentual_aplicado` decimal(5,2) NOT NULL,
  `data_comissao` timestamp NOT NULL DEFAULT current_timestamp(),
  `status_pagamento` enum('pendente','pago','cancelado') DEFAULT 'pendente',
  `data_pagamento` timestamp NULL DEFAULT NULL,
  `forma_pagamento` varchar(50) DEFAULT NULL,
  `observacoes_pagamento` text DEFAULT NULL,
  `created_at` timestamp NOT NULL DEFAULT current_timestamp(),
  `updated_at` timestamp NOT NULL DEFAULT current_timestamp() ON UPDATE current_timestamp(),
  `sync_data` timestamp NOT NULL DEFAULT current_timestamp(),
  `sync_hash` varchar(32) DEFAULT NULL,
  `sync_status` enum('pendente','sincronizado','erro') DEFAULT 'pendente',
  PRIMARY KEY (`id`),
  KEY `idx_afiliado_id` (`afiliado_id`),
  KEY `idx_status_pagamento` (`status_pagamento`),
  KEY `venda_id` (`venda_id`)
) ENGINE=InnoDB DEFAULT CHARSET=utf8 COLLATE=utf8_unicode_ci ROW_FORMAT=DYNAMIC;

#
# Data for table "planos_comissoes_afiliados"
#


#
# Structure for table "planos_config_afiliados"
#

DROP TABLE IF EXISTS `meufinanceiro`.`planos_config_afiliados`;
CREATE TABLE `meufinanceiro`.`planos_config_afiliados` (
  `id` int(11) NOT NULL AUTO_INCREMENT,
  `chave` varchar(100) NOT NULL,
  `valor` text DEFAULT NULL,
  `descricao` text DEFAULT NULL,
  `tipo` enum('string','number','boolean','json') DEFAULT 'string',
  `created_at` timestamp NOT NULL DEFAULT current_timestamp(),
  `updated_at` timestamp NOT NULL DEFAULT current_timestamp() ON UPDATE current_timestamp(),
  `sync_data` timestamp NOT NULL DEFAULT current_timestamp(),
  `sync_hash` varchar(32) DEFAULT NULL,
  `sync_status` enum('pendente','sincronizado','erro') DEFAULT 'pendente',
  PRIMARY KEY (`id`),
  UNIQUE KEY `chave` (`chave`)
) ENGINE=InnoDB AUTO_INCREMENT=10 DEFAULT CHARSET=utf8 COLLATE=utf8_unicode_ci ROW_FORMAT=DYNAMIC;

#
# Data for table "planos_config_afiliados"
#

INSERT INTO `planos_config_afiliados` VALUES (1,'comissao_afiliado_basico','20','Comissão percentual para afiliados básicos','number','2025-07-19 07:05:02','2025-07-23 17:27:55','2025-07-23 05:10:36',NULL,'pendente'),(2,'comissao_revendedor_bronze','30','Comissão percentual para revendedores bronze','number','2025-07-19 07:05:02','2025-07-23 07:13:40','2025-07-23 05:10:36',NULL,'pendente'),(3,'comissao_revendedor_prata','40','Comissão percentual para revendedores prata','number','2025-07-19 07:05:02','2025-07-23 07:13:40','2025-07-23 05:10:36',NULL,'pendente'),(4,'comissao_revendedor_ouro','50','Comissão percentual para revendedores ouro','number','2025-07-19 07:05:02','2025-07-23 07:13:41','2025-07-23 05:10:36',NULL,'pendente'),(5,'desconto_compra_bronze','30','Desconto para compra de revendedores bronze','number','2025-07-19 07:05:02','2025-07-23 07:13:41','2025-07-23 05:10:36',NULL,'pendente'),(6,'desconto_compra_prata','40','Desconto para compra de revendedores prata','number','2025-07-19 07:05:02','2025-07-23 07:13:41','2025-07-23 05:10:36',NULL,'pendente'),(7,'desconto_compra_ouro','50','Desconto para compra de revendedores ouro','number','2025-07-19 07:05:02','2025-07-23 07:13:42','2025-07-23 05:10:36',NULL,'pendente'),(8,'prazo_pagamento_comissao','30','Prazo em dias para pagamento de comissões','number','2025-07-19 07:05:02','2025-07-23 07:13:42','2025-07-23 05:10:36',NULL,'pendente'),(9,'metodo_pagamento_padrao','pix','Método padrão para pagamento de comissões','string','2025-07-19 07:05:02','2025-07-23 07:13:42','2025-07-23 05:10:36',NULL,'pendente');

#
# Structure for table "planos_licenca"
#

DROP TABLE IF EXISTS `meufinanceiro`.`planos_licenca`;
CREATE TABLE `meufinanceiro`.`planos_licenca` (
  `id` int(11) NOT NULL AUTO_INCREMENT,
  `nome` varchar(100) NOT NULL,
  `descricao` text DEFAULT NULL,
  `preco_mensal` decimal(10,2) DEFAULT 0.00,
  `preco_anual` decimal(10,2) DEFAULT 0.00,
  `preco_vitalicio` decimal(10,2) DEFAULT 0.00,
  `recursos` text DEFAULT NULL,
  `max_usuarios` int(11) DEFAULT 1,
  `max_empresas` int(11) DEFAULT 1,
  `tem_pdv` tinyint(1) DEFAULT 0,
  `tem_delivery` tinyint(1) DEFAULT 0,
  `tem_multi_empresa` tinyint(1) DEFAULT 0,
  `ativo` tinyint(1) DEFAULT 1,
  `created_at` timestamp NOT NULL DEFAULT current_timestamp(),
  `updated_at` timestamp NOT NULL DEFAULT current_timestamp() ON UPDATE current_timestamp(),
  `sync_data` timestamp NOT NULL DEFAULT current_timestamp(),
  `sync_hash` varchar(32) DEFAULT NULL,
  `sync_status` enum('pendente','sincronizado','erro') DEFAULT 'pendente',
  PRIMARY KEY (`id`)
) ENGINE=InnoDB AUTO_INCREMENT=4 DEFAULT CHARSET=utf8 COLLATE=utf8_unicode_ci ROW_FORMAT=DYNAMIC;

#
# Data for table "planos_licenca"
#

INSERT INTO `planos_licenca` VALUES (1,'Básico','Sistema financeiro básico para pequenas empresas',97.00,970.00,1997.00,'[\"gestao_financeira\", \"relatorios_basicos\", \"backup_automatico\"]',3,1,0,0,0,1,'2025-07-19 07:05:02','2025-07-23 17:27:55','2025-07-23 05:10:36',NULL,'pendente'),(2,'Premium','Sistema completo com PDV e Delivery',197.00,1970.00,2997.00,'[\"gestao_financeira\", \"pdv\", \"delivery\", \"relatorios_avancados\", \"backup_automatico\", \"suporte_prioritario\"]',10,1,1,1,0,1,'2025-07-19 07:05:02','2025-07-23 07:13:43','2025-07-23 05:10:36',NULL,'pendente'),(3,'Enterprise','Solução completa para empresas',397.00,3970.00,5997.00,'[\"gestao_financeira\", \"pdv\", \"delivery\", \"multi_empresa\", \"relatorios_avancados\", \"api\", \"backup_automatico\", \"suporte_24h\"]',50,1,1,1,0,1,'2025-07-19 07:05:02','2025-07-23 07:13:43','2025-07-23 05:10:36',NULL,'pendente');

#
# Structure for table "planos_vendas_licencas"
#

DROP TABLE IF EXISTS `meufinanceiro`.`planos_vendas_licencas`;
CREATE TABLE `meufinanceiro`.`planos_vendas_licencas` (
  `id` int(11) NOT NULL AUTO_INCREMENT,
  `cliente_nome` varchar(100) NOT NULL,
  `cliente_email` varchar(100) NOT NULL,
  `cliente_telefone` varchar(20) DEFAULT NULL,
  `cliente_empresa` varchar(100) DEFAULT NULL,
  `plano_id` int(11) DEFAULT NULL,
  `afiliado_id` int(11) DEFAULT NULL,
  `tipo_licenca` enum('mensal','anual','vitalicia') NOT NULL,
  `valor_venda` decimal(10,2) NOT NULL,
  `valor_comissao` decimal(10,2) DEFAULT 0.00,
  `codigo_licenca` varchar(50) DEFAULT NULL,
  `data_venda` timestamp NOT NULL DEFAULT current_timestamp(),
  `data_expiracao` date DEFAULT NULL,
  `status` enum('ativo','expirado','cancelado','suspenso') DEFAULT 'ativo',
  `forma_pagamento` varchar(50) DEFAULT NULL,
  `observacoes` text DEFAULT NULL,
  `created_at` timestamp NOT NULL DEFAULT current_timestamp(),
  `updated_at` timestamp NOT NULL DEFAULT current_timestamp() ON UPDATE current_timestamp(),
  `sync_data` timestamp NOT NULL DEFAULT current_timestamp(),
  `sync_hash` varchar(32) DEFAULT NULL,
  `sync_status` enum('pendente','sincronizado','erro') DEFAULT 'pendente',
  PRIMARY KEY (`id`),
  UNIQUE KEY `codigo_licenca` (`codigo_licenca`),
  KEY `afiliado_id` (`afiliado_id`),
  KEY `idx_cliente_email` (`cliente_email`),
  KEY `idx_codigo_licenca` (`codigo_licenca`),
  KEY `idx_data_expiracao` (`data_expiracao`),
  KEY `plano_id` (`plano_id`)
) ENGINE=InnoDB DEFAULT CHARSET=utf8 COLLATE=utf8_unicode_ci ROW_FORMAT=DYNAMIC;

#
# Data for table "planos_vendas_licencas"
#


#
# Structure for table "produto_categorias"
#

DROP TABLE IF EXISTS `meufinanceiro`.`produto_categorias`;
CREATE TABLE `meufinanceiro`.`produto_categorias` (
  `id` int(11) unsigned NOT NULL AUTO_INCREMENT,
  `nome` varchar(255) NOT NULL,
  `created_at` timestamp NOT NULL DEFAULT current_timestamp(),
  `updated_at` timestamp NOT NULL DEFAULT current_timestamp() ON UPDATE current_timestamp(),
  `empresa_id` int(11) NOT NULL,
  `tipo` enum('produto','insumo','complemento') DEFAULT NULL COMMENT 'produto, insumo, complemento',
  `ativo` varchar(25) DEFAULT NULL,
  `sync_data` timestamp NOT NULL DEFAULT current_timestamp(),
  `sync_hash` varchar(32) CHARACTER SET utf8 COLLATE utf8_unicode_ci DEFAULT NULL,
  `sync_status` enum('pendente','sincronizado','erro') CHARACTER SET utf8 COLLATE utf8_unicode_ci DEFAULT 'pendente',
  PRIMARY KEY (`id`),
  UNIQUE KEY `nome` (`nome`)
) ENGINE=InnoDB AUTO_INCREMENT=6 DEFAULT CHARSET=utf8mb4 COLLATE=utf8mb4_unicode_ci ROW_FORMAT=DYNAMIC;

#
# Data for table "produto_categorias"
#

INSERT INTO `produto_categorias` VALUES (1,'LANCHES','2025-03-27 18:33:09','2025-07-23 17:27:56',1,'produto','1','2025-07-23 05:10:36',NULL,'pendente'),(2,'PIZZAS','2025-03-27 18:33:09','2025-07-23 08:01:45',1,'produto','1','2025-07-23 05:10:36',NULL,'pendente'),(3,'GERAL','2025-06-27 02:33:08','2025-07-23 08:01:46',1,'produto','1','2025-07-23 05:10:36',NULL,'pendente'),(4,'INSUMOS','2025-06-27 04:05:13','2025-07-23 08:01:46',1,'insumo','1','2025-07-23 05:10:36',NULL,'pendente'),(5,'COMPLEMENTO','2025-06-27 04:19:12','2025-07-23 08:01:46',1,'complemento','1','2025-07-23 05:10:36',NULL,'pendente');

#
# Structure for table "produto_configuracao_itens"
#

DROP TABLE IF EXISTS `meufinanceiro`.`produto_configuracao_itens`;
CREATE TABLE `meufinanceiro`.`produto_configuracao_itens` (
  `id` int(11) NOT NULL AUTO_INCREMENT,
  `produto_id` int(11) NOT NULL,
  `produto_configuracao_id` int(11) NOT NULL,
  `ordem` int(11) DEFAULT 0,
  `created_at` timestamp NOT NULL DEFAULT current_timestamp(),
  `updated_at` timestamp NOT NULL DEFAULT current_timestamp() ON UPDATE current_timestamp(),
  `empresa_id` int(11) NOT NULL,
  `sync_data` timestamp NOT NULL DEFAULT current_timestamp(),
  `sync_hash` varchar(32) CHARACTER SET utf8 COLLATE utf8_unicode_ci DEFAULT NULL,
  `sync_status` enum('pendente','sincronizado','erro') CHARACTER SET utf8 COLLATE utf8_unicode_ci DEFAULT 'pendente',
  PRIMARY KEY (`id`)
) ENGINE=InnoDB DEFAULT CHARSET=utf8mb4 COLLATE=utf8mb4_general_ci ROW_FORMAT=DYNAMIC;

#
# Data for table "produto_configuracao_itens"
#


#
# Structure for table "produto_configuracoes"
#

DROP TABLE IF EXISTS `meufinanceiro`.`produto_configuracoes`;
CREATE TABLE `meufinanceiro`.`produto_configuracoes` (
  `id` int(11) NOT NULL AUTO_INCREMENT,
  `produto_id` int(11) DEFAULT NULL,
  `nome` varchar(100) DEFAULT NULL,
  `qtd_minima` int(11) DEFAULT NULL,
  `qtd_maxima` int(11) DEFAULT NULL,
  `tipo_calculo` varchar(20) DEFAULT NULL,
  `codigo_sistema` varchar(20) DEFAULT NULL,
  `obrigatorio` tinyint(1) DEFAULT NULL,
  `campo_busca` tinyint(1) DEFAULT NULL,
  `ativo` int(1) DEFAULT NULL,
  `empresa_id` int(11) DEFAULT NULL,
  `sync_data` timestamp NOT NULL DEFAULT current_timestamp(),
  `sync_hash` varchar(32) DEFAULT NULL,
  `sync_status` enum('pendente','sincronizado','erro') DEFAULT 'pendente',
  `created_at` timestamp NOT NULL DEFAULT current_timestamp(),
  `updated_at` timestamp NOT NULL DEFAULT current_timestamp() ON UPDATE current_timestamp(),
  PRIMARY KEY (`id`)
) ENGINE=InnoDB AUTO_INCREMENT=12 DEFAULT CHARSET=utf8 COLLATE=utf8_unicode_ci ROW_FORMAT=DYNAMIC;

#
# Data for table "produto_configuracoes"
#

INSERT INTO `produto_configuracoes` VALUES (7,9,'Pizza G w',1,4,'soma','10545',1,1,1,1,'2025-07-23 05:10:36',NULL,'pendente','2025-07-23 05:01:53','2025-07-23 17:27:57'),(8,9,'complemento',1,5,'soma','',1,0,1,1,'2025-07-23 05:10:36',NULL,'pendente','2025-07-23 05:01:53','2025-07-23 07:23:31'),(9,9,'20',20,20,'media','20',1,1,0,1,'2025-07-23 05:10:36',NULL,'pendente','2025-07-23 05:01:53','2025-07-23 07:23:32'),(10,9,'teste',54,54,'media','54',1,1,0,1,'2025-07-23 05:10:36',NULL,'pendente','2025-07-23 05:01:53','2025-07-23 07:23:32'),(11,2,'Complemento',1,2,'media','',1,1,1,1,'2025-07-23 05:10:36',NULL,'pendente','2025-07-23 05:01:53','2025-07-23 07:23:32');

#
# Structure for table "produto_ficha_tecnica_produto"
#

DROP TABLE IF EXISTS `meufinanceiro`.`produto_ficha_tecnica_produto`;
CREATE TABLE `meufinanceiro`.`produto_ficha_tecnica_produto` (
  `id` int(11) NOT NULL AUTO_INCREMENT,
  `produto_id` int(11) NOT NULL,
  `insumo_produto_id` int(11) NOT NULL DEFAULT 0 COMMENT 'id do insumo na tabela produto',
  `empresa_id` int(11) NOT NULL,
  `created_at` timestamp NOT NULL DEFAULT current_timestamp(),
  `updated_at` timestamp NOT NULL DEFAULT current_timestamp() ON UPDATE current_timestamp(),
  `quantidade` decimal(10,3) NOT NULL DEFAULT 1.000,
  `sync_data` timestamp NOT NULL DEFAULT current_timestamp(),
  `sync_hash` varchar(32) CHARACTER SET utf8 COLLATE utf8_unicode_ci DEFAULT NULL,
  `sync_status` enum('pendente','sincronizado','erro') CHARACTER SET utf8 COLLATE utf8_unicode_ci DEFAULT 'pendente',
  PRIMARY KEY (`id`)
) ENGINE=InnoDB AUTO_INCREMENT=27 DEFAULT CHARSET=utf8 COLLATE=utf8_general_ci ROW_FORMAT=DYNAMIC;

#
# Data for table "produto_ficha_tecnica_produto"
#

INSERT INTO `produto_ficha_tecnica_produto` VALUES (7,2,24,1,'2025-06-21 17:12:17','2025-07-23 17:27:58',1.000,'2025-07-23 05:10:36',NULL,'pendente'),(8,2,25,1,'2025-06-21 17:12:17','2025-07-23 08:01:48',1.000,'2025-07-23 05:10:36',NULL,'pendente'),(9,15,23,1,'2025-06-21 17:14:58','2025-07-23 08:01:48',1.000,'2025-07-23 05:10:36',NULL,'pendente'),(10,15,24,1,'2025-06-21 17:14:58','2025-07-23 08:01:49',1.000,'2025-07-23 05:10:36',NULL,'pendente'),(11,19,20,1,'2025-06-21 17:48:12','2025-07-23 08:01:49',1.000,'2025-07-23 05:10:36',NULL,'pendente'),(12,19,22,1,'2025-06-21 17:48:12','2025-07-23 08:01:49',1.000,'2025-07-23 05:10:36',NULL,'pendente'),(18,27,20,1,'2025-06-22 06:41:26','2025-07-23 08:01:49',1.000,'2025-07-23 05:10:36',NULL,'pendente'),(19,27,22,1,'2025-06-22 06:41:26','2025-07-23 08:01:50',1.000,'2025-07-23 05:10:36',NULL,'pendente'),(20,27,23,1,'2025-06-22 06:41:26','2025-07-23 08:01:50',1.000,'2025-07-23 05:10:36',NULL,'pendente'),(21,28,20,1,'2025-06-22 18:35:57','2025-07-23 08:01:50',1.000,'2025-07-23 05:10:36',NULL,'pendente'),(22,28,22,1,'2025-06-22 18:35:57','2025-07-23 08:01:51',1.000,'2025-07-23 05:10:36',NULL,'pendente'),(23,28,23,1,'2025-06-22 18:35:57','2025-07-23 08:01:51',1.000,'2025-07-23 05:10:36',NULL,'pendente'),(24,16,20,1,'2025-06-26 19:40:32','2025-07-23 08:01:51',1.000,'2025-07-23 05:10:36',NULL,'pendente'),(25,16,22,1,'2025-06-26 19:40:32','2025-07-23 08:01:52',1.000,'2025-07-23 05:10:36',NULL,'pendente'),(26,16,23,1,'2025-06-26 19:40:32','2025-07-23 08:01:52',1.000,'2025-07-23 05:10:36',NULL,'pendente');

#
# Structure for table "produto_historico_precos"
#

DROP TABLE IF EXISTS `meufinanceiro`.`produto_historico_precos`;
CREATE TABLE `meufinanceiro`.`produto_historico_precos` (
  `id` int(10) unsigned NOT NULL AUTO_INCREMENT,
  `produto_id` int(10) unsigned NOT NULL,
  `preco_anterior` decimal(10,2) NOT NULL,
  `preco_novo` decimal(10,2) NOT NULL,
  `tipo` enum('custo','venda','promocional') NOT NULL,
  `motivo` varchar(255) DEFAULT NULL,
  `usuario_id` int(11) NOT NULL,
  `created_at` timestamp NOT NULL DEFAULT current_timestamp(),
  `empresa_id` int(11) NOT NULL,
  `sync_data` timestamp NOT NULL DEFAULT current_timestamp(),
  `sync_hash` varchar(32) CHARACTER SET utf8 COLLATE utf8_unicode_ci DEFAULT NULL,
  `sync_status` enum('pendente','sincronizado','erro') CHARACTER SET utf8 COLLATE utf8_unicode_ci DEFAULT 'pendente',
  `updated_at` timestamp NOT NULL DEFAULT current_timestamp() ON UPDATE current_timestamp(),
  PRIMARY KEY (`id`)
) ENGINE=InnoDB AUTO_INCREMENT=9 DEFAULT CHARSET=utf8mb4 COLLATE=utf8mb4_unicode_ci ROW_FORMAT=DYNAMIC;

#
# Data for table "produto_historico_precos"
#

INSERT INTO `produto_historico_precos` VALUES (6,407,20.00,19.00,'custo',NULL,3,'2025-06-28 02:10:35',1,'2025-07-23 05:10:36',NULL,'pendente','2025-07-23 17:27:59'),(7,407,19.00,18.00,'custo',NULL,3,'2025-06-28 02:10:46',1,'2025-07-23 05:10:36',NULL,'pendente','2025-07-23 08:01:53'),(8,40,15.00,16.00,'venda',NULL,3,'2025-06-28 02:10:56',1,'2025-07-23 05:10:36',NULL,'pendente','2025-07-23 08:01:53');

#
# Structure for table "produto_imagens"
#

DROP TABLE IF EXISTS `meufinanceiro`.`produto_imagens`;
CREATE TABLE `meufinanceiro`.`produto_imagens` (
  `id` int(10) unsigned NOT NULL AUTO_INCREMENT,
  `produto_id` int(10) unsigned NOT NULL,
  `url` varchar(255) NOT NULL,
  `ordem` int(11) DEFAULT 0,
  `principal` tinyint(1) DEFAULT 0,
  `descricao` varchar(255) DEFAULT NULL,
  `empresa_id` int(11) NOT NULL,
  `created_at` timestamp NOT NULL DEFAULT current_timestamp(),
  `sync_data` timestamp NOT NULL DEFAULT current_timestamp(),
  `sync_hash` varchar(32) CHARACTER SET utf8 COLLATE utf8_unicode_ci DEFAULT NULL,
  `sync_status` enum('pendente','sincronizado','erro') CHARACTER SET utf8 COLLATE utf8_unicode_ci DEFAULT 'pendente',
  `updated_at` timestamp NOT NULL DEFAULT current_timestamp() ON UPDATE current_timestamp(),
  PRIMARY KEY (`id`)
) ENGINE=InnoDB DEFAULT CHARSET=utf8mb4 COLLATE=utf8mb4_unicode_ci ROW_FORMAT=DYNAMIC;

#
# Data for table "produto_imagens"
#


#
# Structure for table "produto_importar"
#

DROP TABLE IF EXISTS `meufinanceiro`.`produto_importar`;
CREATE TABLE `meufinanceiro`.`produto_importar` (
  `id` int(11) NOT NULL AUTO_INCREMENT,
  `usuario_id` int(11) NOT NULL,
  `empresa_id` int(11) NOT NULL,
  `arquivo_nome` varchar(255) NOT NULL,
  `total_registros` int(11) DEFAULT 0,
  `total_importados` int(11) DEFAULT 0,
  `data_importacao` datetime DEFAULT current_timestamp(),
  `status` varchar(30) DEFAULT 'concluida',
  `observacao` text DEFAULT NULL,
  `sync_data` timestamp NOT NULL DEFAULT current_timestamp(),
  `sync_hash` varchar(32) CHARACTER SET utf8 COLLATE utf8_unicode_ci DEFAULT NULL,
  `sync_status` enum('pendente','sincronizado','erro') CHARACTER SET utf8 COLLATE utf8_unicode_ci DEFAULT 'pendente',
  `created_at` timestamp NOT NULL DEFAULT current_timestamp(),
  `updated_at` timestamp NOT NULL DEFAULT current_timestamp() ON UPDATE current_timestamp(),
  PRIMARY KEY (`id`),
  KEY `usuario_id` (`usuario_id`),
  CONSTRAINT `fk_produto_importar_usuario` FOREIGN KEY (`usuario_id`) REFERENCES `meufinanceiro`.`empresa_usuarios` (`id`)
) ENGINE=InnoDB AUTO_INCREMENT=7 DEFAULT CHARSET=utf8 COLLATE=utf8_general_ci ROW_FORMAT=DYNAMIC;

#
# Data for table "produto_importar"
#

INSERT INTO `produto_importar` VALUES (1,3,1,'PRODUTOS-_377_.csv',377,377,'2025-06-27 00:54:48','concluida','','2025-07-23 05:10:36',NULL,'pendente','2025-07-22 19:00:07','2025-07-23 17:27:59'),(2,3,1,'INSUMOS-_109_.csv',111,109,'2025-06-27 00:54:55','concluida','','2025-07-23 05:10:36',NULL,'pendente','2025-07-22 19:00:07','2025-07-23 07:13:44'),(3,3,1,'COMPLEMENTOS-_81_.csv',82,81,'2025-06-27 00:55:01','concluida','','2025-07-23 05:10:36',NULL,'pendente','2025-07-22 19:00:07','2025-07-23 07:13:45'),(4,3,1,'PRODUTOS-_377_.csv',377,377,'2025-06-27 13:26:25','concluida','','2025-07-23 05:10:36',NULL,'pendente','2025-07-22 19:00:07','2025-07-23 07:13:45'),(5,3,1,'INSUMOS-_109_.csv',111,109,'2025-06-27 13:26:34','concluida','','2025-07-23 05:10:36',NULL,'pendente','2025-07-22 19:00:07','2025-07-23 07:13:45'),(6,3,1,'COMPLEMENTOS-_81_.csv',82,81,'2025-06-27 13:26:42','concluida','','2025-07-23 05:10:36',NULL,'pendente','2025-07-22 19:00:07','2025-07-23 07:13:46');

#
# Structure for table "produto_inventario_itens"
#

DROP TABLE IF EXISTS `meufinanceiro`.`produto_inventario_itens`;
CREATE TABLE `meufinanceiro`.`produto_inventario_itens` (
  `id` int(10) unsigned NOT NULL AUTO_INCREMENT,
  `inventario_id` int(10) unsigned NOT NULL,
  `produto_id` int(10) unsigned NOT NULL,
  `quantidade_sistema` decimal(10,2) NOT NULL,
  `quantidade_contada` decimal(10,2) NOT NULL,
  `observacoes` text DEFAULT NULL,
  `usuario_id` int(11) NOT NULL,
  `created_at` timestamp NOT NULL DEFAULT current_timestamp(),
  `sync_data` timestamp NOT NULL DEFAULT current_timestamp(),
  `sync_hash` varchar(32) CHARACTER SET utf8 COLLATE utf8_unicode_ci DEFAULT NULL,
  `sync_status` enum('pendente','sincronizado','erro') CHARACTER SET utf8 COLLATE utf8_unicode_ci DEFAULT 'pendente',
  `updated_at` timestamp NOT NULL DEFAULT current_timestamp() ON UPDATE current_timestamp(),
  PRIMARY KEY (`id`),
  KEY `inventario_id` (`inventario_id`)
) ENGINE=InnoDB DEFAULT CHARSET=utf8mb4 COLLATE=utf8mb4_unicode_ci ROW_FORMAT=DYNAMIC;

#
# Data for table "produto_inventario_itens"
#


#
# Structure for table "produto_inventarios"
#

DROP TABLE IF EXISTS `meufinanceiro`.`produto_inventarios`;
CREATE TABLE `meufinanceiro`.`produto_inventarios` (
  `id` int(10) unsigned NOT NULL AUTO_INCREMENT,
  `descricao` varchar(255) NOT NULL,
  `data_inicio` timestamp NOT NULL DEFAULT current_timestamp(),
  `data_fim` timestamp NULL DEFAULT NULL,
  `status` enum('aberto','finalizado','cancelado') DEFAULT 'aberto',
  `usuario_id` int(11) NOT NULL,
  `empresa_id` int(11) NOT NULL,
  `created_at` timestamp NOT NULL DEFAULT current_timestamp(),
  `updated_at` timestamp NOT NULL DEFAULT current_timestamp() ON UPDATE current_timestamp(),
  `sync_data` timestamp NOT NULL DEFAULT current_timestamp(),
  `sync_hash` varchar(32) CHARACTER SET utf8 COLLATE utf8_unicode_ci DEFAULT NULL,
  `sync_status` enum('pendente','sincronizado','erro') CHARACTER SET utf8 COLLATE utf8_unicode_ci DEFAULT 'pendente',
  PRIMARY KEY (`id`)
) ENGINE=InnoDB DEFAULT CHARSET=utf8mb4 COLLATE=utf8mb4_unicode_ci ROW_FORMAT=DYNAMIC;

#
# Data for table "produto_inventarios"
#


#
# Structure for table "produto_movimentacoes"
#

DROP TABLE IF EXISTS `meufinanceiro`.`produto_movimentacoes`;
CREATE TABLE `meufinanceiro`.`produto_movimentacoes` (
  `id` int(10) unsigned NOT NULL AUTO_INCREMENT,
  `produto_id` int(10) unsigned NOT NULL,
  `quantidade` decimal(10,2) NOT NULL,
  `tipo` enum('entrada','saida','ajuste') NOT NULL,
  `origem` enum('compra','venda','transferencia','inventario','devolucao','perda','outros') NOT NULL,
  `documento` varchar(100) DEFAULT NULL,
  `observacoes` text DEFAULT NULL,
  `usuario_id` int(11) NOT NULL,
  `empresa_id` int(11) NOT NULL,
  `created_at` timestamp NOT NULL DEFAULT current_timestamp(),
  `unidade_medida` varchar(50) DEFAULT NULL,
  `sync_data` timestamp NOT NULL DEFAULT current_timestamp(),
  `sync_hash` varchar(32) DEFAULT NULL,
  `sync_status` enum('pendente','sincronizado','erro') DEFAULT 'pendente',
  `updated_at` timestamp NOT NULL DEFAULT current_timestamp() ON UPDATE current_timestamp(),
  PRIMARY KEY (`id`)
) ENGINE=InnoDB AUTO_INCREMENT=65 DEFAULT CHARSET=utf8 COLLATE=utf8_unicode_ci ROW_FORMAT=DYNAMIC;

#
# Data for table "produto_movimentacoes"
#

INSERT INTO `produto_movimentacoes` VALUES (15,2,15.00,'entrada','compra','',NULL,3,1,'2025-06-19 07:08:06','UN','2025-07-23 05:10:36',NULL,'pendente','2025-07-23 17:28:00'),(16,1,6.00,'entrada','compra','',NULL,3,1,'2025-06-19 07:08:15','UN','2025-07-23 05:10:36',NULL,'pendente','2025-07-23 08:01:55'),(17,2,10.00,'entrada','compra','',NULL,3,1,'2025-06-20 03:29:04','UN','2025-07-23 05:10:36',NULL,'pendente','2025-07-23 08:01:55'),(18,2,20.00,'saida','compra','',NULL,3,1,'2025-06-20 03:29:15','UN','2025-07-23 05:10:36',NULL,'pendente','2025-07-23 08:01:56'),(19,25,0.60,'entrada','compra','',NULL,3,1,'2025-06-21 18:18:59','UN','2025-07-23 05:10:36',NULL,'pendente','2025-07-23 08:01:56'),(20,25,0.60,'entrada','compra','',NULL,3,1,'2025-06-21 18:20:20','UN','2025-07-23 05:10:36',NULL,'pendente','2025-07-23 08:01:56'),(21,22,0.60,'entrada','compra','',NULL,3,1,'2025-06-21 18:20:30','UN','2025-07-23 05:10:36',NULL,'pendente','2025-07-23 08:01:57'),(22,22,0.60,'entrada','compra','hg','hg',3,1,'2025-06-21 18:22:27','UN','2025-07-23 05:10:36',NULL,'pendente','2025-07-23 08:01:57'),(33,23,0.60,'entrada','compra','','',3,1,'2025-06-21 18:47:45','UN','2025-07-23 05:10:36',NULL,'pendente','2025-07-23 08:01:57'),(34,22,0.60,'entrada','compra','','',3,1,'2025-06-21 18:48:04','KG','2025-07-23 05:10:36',NULL,'pendente','2025-07-23 08:01:58'),(35,22,0.60,'entrada','compra','','',3,1,'2025-06-22 04:31:40','KG','2025-07-23 05:10:36',NULL,'pendente','2025-07-23 08:01:58'),(36,22,0.60,'entrada','compra','','',3,1,'2025-06-22 04:31:49','KG','2025-07-23 05:10:36',NULL,'pendente','2025-07-23 08:01:58'),(38,22,0.60,'entrada','compra','','',3,1,'2025-06-22 04:36:40','KG','2025-07-23 05:10:36',NULL,'pendente','2025-07-23 08:01:58'),(39,22,10.00,'entrada','compra','','',3,1,'2025-06-22 04:36:54','KG','2025-07-23 05:10:36',NULL,'pendente','2025-07-23 08:01:59'),(40,22,10.00,'entrada','compra','','',3,1,'2025-06-22 04:39:52','KG','2025-07-23 05:10:36',NULL,'pendente','2025-07-23 08:01:59'),(41,22,10.00,'entrada','compra','','',3,1,'2025-06-22 04:41:29','KG','2025-07-23 05:10:36',NULL,'pendente','2025-07-23 08:01:59'),(42,22,10.00,'entrada','compra','','',3,1,'2025-06-22 04:42:08','KG','2025-07-23 05:10:36',NULL,'pendente','2025-07-23 08:02:00'),(43,22,10.00,'entrada','compra','','',3,1,'2025-06-22 04:42:50','KG','2025-07-23 05:10:36',NULL,'pendente','2025-07-23 08:02:00'),(55,22,10.00,'entrada','compra','','',3,1,'2025-06-22 04:47:54','KG','2025-07-23 05:10:36',NULL,'pendente','2025-07-23 08:02:00'),(56,16,10.00,'entrada','compra','','',3,1,'2025-06-22 04:49:19','UN','2025-07-23 05:10:36',NULL,'pendente','2025-07-23 08:02:00'),(57,22,10.00,'entrada','compra','','',3,1,'2025-06-22 04:57:12','KG','2025-07-23 05:10:36',NULL,'pendente','2025-07-23 08:02:01'),(58,22,0.25,'entrada','compra','','',3,1,'2025-06-22 05:09:40','KG','2025-07-23 05:10:36',NULL,'pendente','2025-07-23 08:02:01'),(59,24,10.00,'entrada','compra','','',3,1,'2025-06-22 06:23:48','','2025-07-23 05:10:36',NULL,'pendente','2025-07-23 08:02:01'),(60,26,10.00,'entrada','compra','','',3,1,'2025-06-22 06:25:08','UN','2025-07-23 05:10:36',NULL,'pendente','2025-07-23 08:02:02'),(61,29,10.00,'entrada','compra','','',3,1,'2025-06-22 06:32:56','UN','2025-07-23 05:10:36',NULL,'pendente','2025-07-23 08:02:02'),(62,26,10.00,'entrada','compra','','',3,1,'2025-06-22 06:33:13','UN','2025-07-23 05:10:36',NULL,'pendente','2025-07-23 08:02:02'),(63,26,30.00,'entrada','compra','','',3,1,'2025-06-22 06:33:28','UN','2025-07-23 05:10:36',NULL,'pendente','2025-07-23 08:02:03'),(64,23,10.00,'entrada','compra','','',3,1,'2025-06-22 18:40:32','UN','2025-07-23 05:10:36',NULL,'pendente','2025-07-23 08:02:03');

#
# Structure for table "produto_receitas"
#

DROP TABLE IF EXISTS `meufinanceiro`.`produto_receitas`;
CREATE TABLE `meufinanceiro`.`produto_receitas` (
  `id` int(10) unsigned NOT NULL AUTO_INCREMENT,
  `produto_final_id` int(10) unsigned NOT NULL COMMENT 'ID do produto vendável',
  `insumo_id` int(10) unsigned NOT NULL COMMENT 'ID do insumo usado',
  `quantidade` decimal(10,2) NOT NULL COMMENT 'Qtd do insumo por unidade do produto',
  `observacoes` text DEFAULT NULL,
  `sync_data` timestamp NOT NULL DEFAULT current_timestamp(),
  `sync_hash` varchar(32) CHARACTER SET utf8 COLLATE utf8_unicode_ci DEFAULT NULL,
  `sync_status` enum('pendente','sincronizado','erro') CHARACTER SET utf8 COLLATE utf8_unicode_ci DEFAULT 'pendente',
  `created_at` timestamp NOT NULL DEFAULT current_timestamp(),
  `updated_at` timestamp NOT NULL DEFAULT current_timestamp() ON UPDATE current_timestamp(),
  PRIMARY KEY (`id`)
) ENGINE=InnoDB DEFAULT CHARSET=utf8 COLLATE=utf8_general_ci ROW_FORMAT=DYNAMIC;

#
# Data for table "produto_receitas"
#


#
# Structure for table "produtos"
#

DROP TABLE IF EXISTS `meufinanceiro`.`produtos`;
CREATE TABLE `meufinanceiro`.`produtos` (
  `id` int(10) unsigned NOT NULL AUTO_INCREMENT,
  `empresa_id` int(11) NOT NULL DEFAULT 0,
  `produto_configuracao_id` int(11) DEFAULT NULL,
  `categoria_id` int(10) unsigned NOT NULL DEFAULT 0,
  `tipo` enum('produto','insumo','complemento') DEFAULT NULL COMMENT 'produto'', ''insumo'', ''complemento',
  `codigo_sistema` varchar(50) DEFAULT NULL,
  `nome` varchar(255) NOT NULL,
  `status` enum('disponivel','indisponivel','pausado','esgotado','novidade') DEFAULT NULL COMMENT 'disponivel,indisponivel,pausado,esgotado,novidade',
  `descricao` text DEFAULT NULL,
  `codigo_barras` varchar(255) DEFAULT NULL,
  `ncm` varchar(10) DEFAULT NULL,
  `cest` varchar(10) DEFAULT NULL,
  `unidade_medida` varchar(50) DEFAULT 'UN',
  `peso_liquido` decimal(10,3) DEFAULT NULL,
  `peso_bruto` decimal(10,3) DEFAULT NULL,
  `marca_id` int(10) unsigned DEFAULT NULL,
  `preco_custo_base` decimal(10,2) DEFAULT NULL,
  `preco_venda` decimal(10,2) NOT NULL,
  `preco_promocional` decimal(10,2) DEFAULT NULL,
  `em_promocao` tinyint(1) DEFAULT 0,
  `controla_estoque` tinyint(1) DEFAULT 1,
  `estoque_atual` decimal(10,2) DEFAULT 0.00,
  `estoque_minimo` decimal(10,2) DEFAULT 0.00,
  `estoque_maximo` decimal(10,2) DEFAULT NULL,
  `situacao_estoque` enum('disponivel','estoque_baixo','esgotado') DEFAULT 'esgotado',
  `tempo_preparo` int(11) DEFAULT NULL,
  `ingredientes` text DEFAULT NULL,
  `informacoes_nutricionais` text DEFAULT NULL,
  `localizacao` varchar(100) DEFAULT NULL,
  `altura` decimal(10,2) DEFAULT NULL,
  `largura` decimal(10,2) DEFAULT NULL,
  `profundidade` decimal(10,2) DEFAULT NULL,
  `aliquota_icms` decimal(5,2) DEFAULT NULL,
  `situacao_tributaria_pis` varchar(100) DEFAULT NULL,
  `situacao_tributaria_cofins` varchar(100) DEFAULT NULL,
  `created_at` timestamp NOT NULL DEFAULT current_timestamp(),
  `updated_at` timestamp NOT NULL DEFAULT current_timestamp() ON UPDATE current_timestamp(),
  `tempo_validade` int(11) DEFAULT NULL COMMENT 'Dias de validade após abertura',
  `perecivel` tinyint(1) DEFAULT 0,
  `controlado` tinyint(1) DEFAULT 0 COMMENT 'Insumo de alto custo ou crítico',
  `compoe_produto_final` tinyint(1) DEFAULT 0 COMMENT 'Para insumos que entram na produção',
  `ordem` int(11) DEFAULT NULL,
  `preco_custo_antigo` decimal(10,2) NOT NULL,
  `sync_data` timestamp NOT NULL DEFAULT current_timestamp(),
  `sync_hash` varchar(32) CHARACTER SET utf8 COLLATE utf8_unicode_ci DEFAULT NULL,
  `sync_status` enum('pendente','sincronizado','erro') CHARACTER SET utf8 COLLATE utf8_unicode_ci DEFAULT 'pendente',
  PRIMARY KEY (`id`),
  UNIQUE KEY `codigo_sistema` (`codigo_sistema`),
  KEY `categoria_id` (`categoria_id`),
  CONSTRAINT `fk_produtos_categoria` FOREIGN KEY (`categoria_id`) REFERENCES `meufinanceiro`.`produto_categorias` (`id`)
) ENGINE=InnoDB AUTO_INCREMENT=597 DEFAULT CHARSET=utf8mb4 COLLATE=utf8mb4_unicode_ci ROW_FORMAT=DYNAMIC;

#
# Data for table "produtos"
#

INSERT INTO `produtos` VALUES (1,1,NULL,1,'produto','811237','x tudo','disponivel','','11111',NULL,NULL,'UN',NULL,NULL,1,15.00,30.00,23.00,0,1,6.00,6.00,10.00,'disponivel',NULL,'',NULL,NULL,NULL,NULL,NULL,NULL,NULL,NULL,'2025-06-19 04:28:18','2025-07-24 05:20:23',NULL,0,0,0,NULL,0.00,'2025-07-23 05:10:36','3af8a5c331ed0d42e00dbc428dbde61a','sincronizado'),(2,1,12,1,'produto','PROD-7363','x bacon','disponivel','kjk','54',NULL,NULL,'UN',NULL,NULL,1,10.00,10.00,54.00,0,1,5.00,5.00,10.00,'disponivel',NULL,NULL,NULL,NULL,NULL,NULL,NULL,NULL,NULL,NULL,'2025-06-19 04:54:56','2025-07-24 05:20:23',NULL,0,0,0,NULL,0.00,'2025-07-23 05:10:36',NULL,'sincronizado'),(15,1,12,1,'complemento','976854','x bacon','disponivel',NULL,NULL,NULL,NULL,'UN',NULL,NULL,NULL,NULL,10.00,NULL,0,1,0.00,0.00,NULL,'disponivel',NULL,NULL,NULL,NULL,NULL,NULL,NULL,NULL,NULL,NULL,'2025-06-20 06:08:34','2025-07-24 05:20:23',NULL,0,0,0,1,0.00,'2025-07-23 05:10:36',NULL,'sincronizado'),(16,1,12,1,'complemento','976866','bacon','indisponivel',NULL,NULL,NULL,NULL,'UN',NULL,NULL,NULL,11.50,6.00,NULL,0,1,10.00,0.00,NULL,'disponivel',NULL,NULL,NULL,NULL,NULL,NULL,NULL,NULL,NULL,NULL,'2025-06-20 06:44:37','2025-07-24 05:20:23',NULL,0,0,0,1,0.00,'2025-07-23 05:10:36',NULL,'sincronizado'),(17,1,12,1,'complemento','976868','bacon','novidade',NULL,NULL,NULL,NULL,'UN',NULL,NULL,NULL,NULL,10.00,NULL,0,1,0.00,0.00,NULL,'disponivel',NULL,NULL,NULL,NULL,NULL,NULL,NULL,NULL,NULL,NULL,'2025-06-20 06:45:39','2025-07-24 05:20:23',NULL,0,0,0,1,0.00,'2025-07-23 05:10:36',NULL,'sincronizado'),(18,1,12,1,'complemento','976867','cheddar','disponivel',NULL,NULL,NULL,NULL,'UN',NULL,NULL,NULL,NULL,5.00,NULL,0,1,0.00,0.00,NULL,'disponivel',NULL,NULL,NULL,NULL,NULL,NULL,NULL,NULL,NULL,NULL,'2025-06-21 05:28:21','2025-07-24 05:20:24',NULL,0,0,0,1,0.00,'2025-07-23 05:10:36',NULL,'sincronizado'),(19,1,12,1,'complemento','976856','cheddar','disponivel',NULL,NULL,NULL,NULL,'UN',NULL,NULL,NULL,NULL,5.00,NULL,0,1,0.00,0.00,NULL,'disponivel',NULL,NULL,NULL,NULL,NULL,NULL,NULL,NULL,NULL,NULL,'2025-06-21 05:28:30','2025-07-24 05:20:24',NULL,0,0,0,1,0.00,'2025-07-23 05:10:36',NULL,'sincronizado'),(20,1,NULL,1,'insumo','PROD-','insumo 1','disponivel','','',NULL,NULL,'UN',NULL,NULL,0,3.50,13.00,0.00,0,1,50.00,10.00,100.00,'disponivel',NULL,NULL,NULL,NULL,NULL,NULL,NULL,NULL,NULL,NULL,'2025-06-21 06:18:14','2025-07-24 05:20:24',NULL,0,0,0,NULL,0.00,'2025-07-23 05:10:36',NULL,'sincronizado'),(22,1,NULL,1,'insumo','PROD-1514','insumo 2','disponivel','','',NULL,NULL,'KG',NULL,NULL,0,2.50,19.00,0.00,0,1,20.25,10.00,25.00,'disponivel',NULL,NULL,NULL,NULL,NULL,NULL,NULL,NULL,NULL,NULL,'2025-06-21 06:19:01','2025-07-24 05:20:24',NULL,0,0,0,NULL,0.00,'2025-07-23 05:10:36',NULL,'sincronizado'),(23,1,NULL,1,'insumo','PROD-8172','insumo 3','disponivel','','',NULL,NULL,'UN',NULL,NULL,0,5.50,17.00,0.00,0,1,10.00,0.00,0.00,'disponivel',NULL,NULL,NULL,NULL,NULL,NULL,NULL,NULL,NULL,NULL,'2025-06-21 06:20:16','2025-07-24 05:20:24',NULL,0,0,0,NULL,0.00,'2025-07-23 05:10:36',NULL,'sincronizado'),(24,1,NULL,1,'insumo','PROD-6808','teste','disponivel','','',NULL,NULL,'',NULL,NULL,0,10.00,15.00,0.00,0,1,10.00,0.00,0.00,'disponivel',NULL,NULL,NULL,NULL,NULL,NULL,NULL,NULL,NULL,NULL,'2025-06-21 06:24:51','2025-07-24 05:20:24',NULL,0,0,0,NULL,0.00,'2025-07-23 05:10:36',NULL,'sincronizado'),(25,1,NULL,1,'insumo','PROD-5109','teste','disponivel','','',NULL,NULL,'UN',NULL,NULL,0,10.00,15.00,0.00,0,1,0.00,0.00,0.00,'disponivel',NULL,'wswsws',NULL,NULL,NULL,NULL,NULL,NULL,NULL,NULL,'2025-06-21 06:26:35','2025-07-24 05:20:24',NULL,0,0,0,NULL,0.00,'2025-07-23 05:10:36',NULL,'sincronizado'),(26,1,NULL,1,'produto','545454','wswsws','disponivel','','',NULL,NULL,'UN',NULL,NULL,0,5.00,10.00,0.00,0,1,50.00,0.00,0.00,'disponivel',NULL,'',NULL,NULL,NULL,NULL,NULL,NULL,NULL,NULL,'2025-06-22 05:41:13','2025-07-24 05:20:25',NULL,0,0,0,NULL,0.00,'2025-07-23 05:10:36',NULL,'sincronizado'),(27,1,NULL,1,'produto','975656','sws','disponivel','wsws','',NULL,NULL,'UN',NULL,NULL,0,0.00,0.00,0.00,0,0,0.00,0.00,0.00,'disponivel',NULL,'',NULL,NULL,NULL,NULL,NULL,NULL,NULL,NULL,'2025-06-22 06:07:52','2025-07-24 05:20:25',NULL,0,0,0,NULL,0.00,'2025-07-23 05:10:36',NULL,'sincronizado'),(28,1,NULL,1,'produto','976865','sws','disponivel','wsws','',NULL,NULL,'UN',NULL,NULL,0,0.00,0.00,0.00,0,0,0.00,0.00,0.00,'disponivel',NULL,'',NULL,NULL,NULL,NULL,NULL,NULL,NULL,NULL,'2025-06-22 06:09:48','2025-07-24 05:20:25',NULL,0,0,0,NULL,0.00,'2025-07-23 05:10:36',NULL,'sincronizado'),(29,1,NULL,1,'produto','976869','sws','disponivel','wsws','',NULL,NULL,'UN',NULL,NULL,0,0.00,0.00,0.00,0,0,10.00,0.00,0.00,'disponivel',NULL,'',NULL,NULL,NULL,NULL,NULL,NULL,NULL,NULL,'2025-06-22 06:14:05','2025-07-24 05:20:25',NULL,0,0,0,NULL,0.00,'2025-07-23 05:10:36',NULL,'sincronizado'),(30,1,NULL,3,'produto','640','APEROL SPRITZ','disponivel',NULL,NULL,NULL,NULL,'UN',NULL,NULL,NULL,6.84,25.00,NULL,0,1,0.00,0.00,NULL,'',NULL,NULL,NULL,NULL,NULL,NULL,NULL,NULL,NULL,NULL,'2025-06-27 17:26:24','2025-07-24 05:20:25',NULL,0,0,0,NULL,0.00,'2025-07-23 05:10:36',NULL,'sincronizado'),(31,1,NULL,3,'produto','639','CAIPIRINHA LAGOA AZUL 400ML','disponivel',NULL,NULL,NULL,NULL,'UN',NULL,NULL,NULL,5.82,25.00,NULL,0,1,0.00,0.00,NULL,'',NULL,NULL,NULL,NULL,NULL,NULL,NULL,NULL,NULL,NULL,'2025-06-27 17:26:24','2025-07-24 05:20:25',NULL,0,0,0,NULL,0.00,'2025-07-23 05:10:36',NULL,'sincronizado'),(32,1,NULL,3,'produto','637','CAIPIRINHA OU DRINK DE MORANGO 400ML','disponivel',NULL,NULL,NULL,NULL,'UN',NULL,NULL,NULL,7.07,20.00,NULL,0,1,0.00,0.00,NULL,'',NULL,NULL,NULL,NULL,NULL,NULL,NULL,NULL,NULL,NULL,'2025-06-27 17:26:24','2025-07-24 05:20:26',NULL,0,0,0,NULL,0.00,'2025-07-23 05:10:36',NULL,'sincronizado'),(33,1,NULL,3,'produto','584','CAIPIRINHA PINGA','disponivel',NULL,NULL,NULL,NULL,'UN',NULL,NULL,NULL,2.62,15.00,NULL,0,1,0.00,0.00,NULL,'',NULL,NULL,NULL,NULL,NULL,NULL,NULL,NULL,NULL,NULL,'2025-06-27 17:26:24','2025-07-24 05:20:26',NULL,0,0,0,NULL,0.00,'2025-07-23 05:10:36',NULL,'sincronizado'),(34,1,NULL,3,'produto','636','CAPIRINHA OU DRINK MARACUJA 400ML','disponivel',NULL,NULL,NULL,NULL,'UN',NULL,NULL,NULL,8.17,20.00,NULL,0,1,0.00,0.00,NULL,'',NULL,NULL,NULL,NULL,NULL,NULL,NULL,NULL,NULL,NULL,'2025-06-27 17:26:24','2025-07-24 05:20:26',NULL,0,0,0,NULL,0.00,'2025-07-23 05:10:36',NULL,'sincronizado'),(35,1,NULL,3,'produto','643','DOSE CAMPARI','disponivel',NULL,NULL,NULL,NULL,'UN',NULL,NULL,NULL,5.72,15.00,NULL,0,1,0.00,0.00,NULL,'',NULL,NULL,NULL,NULL,NULL,NULL,NULL,NULL,NULL,NULL,'2025-06-27 17:26:24','2025-07-24 05:20:26',NULL,0,0,0,NULL,0.00,'2025-07-23 05:10:36',NULL,'sincronizado'),(36,1,NULL,3,'produto','638','DRINK BUBBALOO 400ML','disponivel',NULL,NULL,NULL,NULL,'UN',NULL,NULL,NULL,6.97,25.00,NULL,0,1,0.00,0.00,NULL,'',NULL,NULL,NULL,NULL,NULL,NULL,NULL,NULL,NULL,NULL,'2025-06-27 17:26:24','2025-07-24 05:20:26',NULL,0,0,0,NULL,0.00,'2025-07-23 05:10:36',NULL,'sincronizado'),(37,1,NULL,3,'produto','642','DRINK CAMPARI','disponivel',NULL,NULL,NULL,NULL,'UN',NULL,NULL,NULL,9.02,25.00,NULL,0,1,0.00,0.00,NULL,'',NULL,NULL,NULL,NULL,NULL,NULL,NULL,NULL,NULL,NULL,'2025-06-27 17:26:24','2025-07-24 05:20:26',NULL,0,0,0,NULL,0.00,'2025-07-23 05:10:36',NULL,'sincronizado'),(38,1,NULL,3,'produto','613','DRINK DE MORANGO','disponivel',NULL,NULL,NULL,NULL,'UN',NULL,NULL,NULL,7.00,15.00,NULL,0,1,0.00,5.00,NULL,'',NULL,NULL,NULL,NULL,NULL,NULL,NULL,NULL,NULL,NULL,'2025-06-27 17:26:24','2025-07-24 05:20:26',NULL,0,0,0,NULL,0.00,'2025-07-23 05:10:36',NULL,'sincronizado'),(39,1,NULL,3,'produto','641','GIN TANQUERAY COM TÔNICA','disponivel',NULL,NULL,NULL,NULL,'UN',NULL,NULL,NULL,14.42,25.00,NULL,0,1,0.00,0.00,NULL,'',NULL,NULL,NULL,NULL,NULL,NULL,NULL,NULL,NULL,NULL,'2025-06-27 17:26:24','2025-07-24 05:20:27',NULL,0,0,0,NULL,0.00,'2025-07-23 05:10:36',NULL,'sincronizado'),(40,1,NULL,3,'produto','432','AÇAI 300ML','disponivel','','',NULL,NULL,'UN',NULL,NULL,0,8.00,16.00,0.00,0,1,0.00,0.00,0.00,'',NULL,'',NULL,NULL,NULL,NULL,NULL,NULL,NULL,NULL,'2025-06-27 17:26:24','2025-07-24 05:20:27',NULL,0,0,0,NULL,0.00,'2025-07-23 05:10:36',NULL,'sincronizado'),(41,1,NULL,3,'produto','433','AÇAI 400ML','disponivel',NULL,NULL,NULL,NULL,'UN',NULL,NULL,NULL,10.00,17.00,NULL,0,1,0.00,0.00,NULL,'',NULL,NULL,NULL,NULL,NULL,NULL,NULL,NULL,NULL,NULL,'2025-06-27 17:26:24','2025-07-24 05:20:27',NULL,0,0,0,NULL,0.00,'2025-07-23 05:10:36',NULL,'sincronizado'),(42,1,NULL,3,'produto','434','AÇAI 500ML','disponivel','','',NULL,NULL,'UN',NULL,NULL,0,13.00,21.00,0.00,0,1,0.00,0.00,0.00,'',NULL,'',NULL,NULL,NULL,NULL,NULL,NULL,NULL,NULL,'2025-06-27 17:26:24','2025-07-24 05:20:27',NULL,0,0,0,NULL,0.00,'2025-07-23 05:10:36',NULL,'sincronizado'),(43,1,NULL,3,'produto','504','AÇAI KIDS 200ML','disponivel',NULL,NULL,NULL,NULL,'UN',NULL,NULL,NULL,7.00,13.00,NULL,0,1,0.00,0.00,NULL,'',NULL,NULL,NULL,NULL,NULL,NULL,NULL,NULL,NULL,NULL,'2025-06-27 17:26:24','2025-07-24 05:20:27',NULL,0,0,0,NULL,0.00,'2025-07-23 05:10:36',NULL,'sincronizado'),(44,1,NULL,3,'produto','426','MILK SHAKE 300 ML','disponivel',NULL,NULL,NULL,NULL,'UN',NULL,NULL,NULL,0.00,7.00,NULL,0,1,0.00,0.00,NULL,'',NULL,NULL,NULL,NULL,NULL,NULL,NULL,NULL,NULL,NULL,'2025-06-27 17:26:24','2025-07-24 05:20:27',NULL,0,0,0,NULL,0.00,'2025-07-23 05:10:36',NULL,'sincronizado'),(45,1,NULL,3,'produto','429','MILK SHAKE 300 ML ESPECIAL','disponivel',NULL,NULL,NULL,NULL,'UN',NULL,NULL,NULL,0.00,10.00,NULL,0,1,0.00,0.00,NULL,'',NULL,NULL,NULL,NULL,NULL,NULL,NULL,NULL,NULL,NULL,'2025-06-27 17:26:24','2025-07-24 05:20:28',NULL,0,0,0,NULL,0.00,'2025-07-23 05:10:36',NULL,'sincronizado'),(46,1,NULL,3,'produto','427','MILK SHAKE 400 ML','disponivel',NULL,NULL,NULL,NULL,'UN',NULL,NULL,NULL,0.00,8.00,NULL,0,1,0.00,0.00,NULL,'',NULL,NULL,NULL,NULL,NULL,NULL,NULL,NULL,NULL,NULL,'2025-06-27 17:26:24','2025-07-24 05:20:28',NULL,0,0,0,NULL,0.00,'2025-07-23 05:10:36',NULL,'sincronizado'),(47,1,NULL,3,'produto','430','MILK SHAKE 400 ML ESPECIAL','disponivel',NULL,NULL,NULL,NULL,'UN',NULL,NULL,NULL,0.00,12.00,NULL,0,1,0.00,0.00,NULL,'',NULL,NULL,NULL,NULL,NULL,NULL,NULL,NULL,NULL,NULL,'2025-06-27 17:26:24','2025-07-24 05:20:28',NULL,0,0,0,NULL,0.00,'2025-07-23 05:10:36',NULL,'sincronizado'),(48,1,NULL,3,'produto','431','MILK SHAKE 500 ML ESPECIAL','disponivel',NULL,NULL,NULL,NULL,'UN',NULL,NULL,NULL,0.00,15.00,NULL,0,1,0.00,0.00,NULL,'',NULL,NULL,NULL,NULL,NULL,NULL,NULL,NULL,NULL,NULL,'2025-06-27 17:26:24','2025-07-24 05:20:28',NULL,0,0,0,NULL,0.00,'2025-07-23 05:10:36',NULL,'sincronizado'),(49,1,NULL,3,'produto','428','MILK SHAKE 500ML','disponivel',NULL,NULL,NULL,NULL,'UN',NULL,NULL,NULL,0.00,10.00,NULL,0,1,0.00,0.00,NULL,'',NULL,NULL,NULL,NULL,NULL,NULL,NULL,NULL,NULL,NULL,'2025-06-27 17:26:24','2025-07-24 05:20:28',NULL,0,0,0,NULL,0.00,'2025-07-23 05:10:36',NULL,'sincronizado'),(50,1,NULL,3,'produto','531','CACHAÇA SELETA','disponivel',NULL,NULL,NULL,NULL,'UN',NULL,NULL,NULL,40.00,70.00,NULL,0,1,0.00,0.00,NULL,'',NULL,NULL,NULL,NULL,NULL,NULL,NULL,NULL,NULL,NULL,'2025-06-27 17:26:24','2025-07-24 05:20:28',NULL,0,0,0,NULL,0.00,'2025-07-23 05:10:36',NULL,'sincronizado'),(51,1,NULL,3,'produto','525','DOSE WHISKY  RED LABEL 8 ANOS','disponivel',NULL,NULL,NULL,NULL,'UN',NULL,NULL,NULL,5.72,15.00,NULL,0,1,0.00,0.00,NULL,'',NULL,NULL,NULL,NULL,NULL,NULL,NULL,NULL,NULL,NULL,'2025-06-27 17:26:24','2025-07-24 05:20:28',NULL,0,0,0,NULL,0.00,'2025-07-23 05:10:36',NULL,'sincronizado'),(52,1,NULL,3,'produto','522','DOSE WHISKY JACK DANIELS','disponivel',NULL,NULL,NULL,NULL,'UN',NULL,NULL,NULL,7.52,22.00,NULL,0,1,0.00,0.00,NULL,'',NULL,NULL,NULL,NULL,NULL,NULL,NULL,NULL,NULL,NULL,'2025-06-27 17:26:24','2025-07-24 05:20:29',NULL,0,0,0,NULL,0.00,'2025-07-23 05:10:36',NULL,'sincronizado'),(53,1,NULL,3,'produto','524','DOSE WHISKY JACK DANIELS TENNESSE HONEY','disponivel',NULL,NULL,NULL,NULL,'UN',NULL,NULL,NULL,8.72,25.00,NULL,0,1,0.00,0.00,NULL,'',NULL,NULL,NULL,NULL,NULL,NULL,NULL,NULL,NULL,NULL,'2025-06-27 17:26:24','2025-07-24 05:20:29',NULL,0,0,0,NULL,0.00,'2025-07-23 05:10:36',NULL,'sincronizado'),(54,1,NULL,3,'produto','523','DOSE WHISKY JACK DANIELS TENNESSEE FIRE','disponivel',NULL,NULL,NULL,NULL,'UN',NULL,NULL,NULL,8.72,25.00,NULL,0,1,0.00,0.00,NULL,'',NULL,NULL,NULL,NULL,NULL,NULL,NULL,NULL,NULL,NULL,'2025-06-27 17:26:24','2025-07-24 05:20:29',NULL,0,0,0,NULL,0.00,'2025-07-23 05:10:36',NULL,'sincronizado'),(55,1,NULL,3,'produto','521','VINHO SANGUE DE BOI 750ML GARRAFA','disponivel',NULL,NULL,NULL,NULL,'UN',NULL,NULL,NULL,20.00,55.00,NULL,0,1,0.00,0.00,NULL,'',NULL,NULL,NULL,NULL,NULL,NULL,NULL,NULL,NULL,NULL,'2025-06-27 17:26:24','2025-07-24 05:20:29',NULL,0,0,0,NULL,0.00,'2025-07-23 05:10:36',NULL,'sincronizado'),(56,1,NULL,3,'produto','526','WHISKY JACK DANIELS 1LT','disponivel',NULL,NULL,NULL,NULL,'UN',NULL,NULL,NULL,120.00,180.00,NULL,0,1,0.00,0.00,NULL,'',NULL,NULL,NULL,NULL,NULL,NULL,NULL,NULL,NULL,NULL,'2025-06-27 17:26:24','2025-07-24 05:20:29',NULL,0,0,0,NULL,0.00,'2025-07-23 05:10:36',NULL,'sincronizado'),(57,1,NULL,3,'produto','527','WHISKY JACK DANIELS TENNESSE HONEY 1LT','disponivel',NULL,NULL,NULL,NULL,'UN',NULL,NULL,NULL,140.00,225.00,NULL,0,1,0.00,0.00,NULL,'',NULL,NULL,NULL,NULL,NULL,NULL,NULL,NULL,NULL,NULL,'2025-06-27 17:26:24','2025-07-24 05:20:29',NULL,0,0,0,NULL,0.00,'2025-07-23 05:10:36',NULL,'sincronizado'),(58,1,NULL,3,'produto','528','WHISKY JACK DANIELS TENNESSEE FIRE 1LT','disponivel',NULL,NULL,NULL,NULL,'UN',NULL,NULL,NULL,140.00,225.00,NULL,0,1,0.00,0.00,NULL,'',NULL,NULL,NULL,NULL,NULL,NULL,NULL,NULL,NULL,NULL,'2025-06-27 17:26:24','2025-07-24 05:20:30',NULL,0,0,0,NULL,0.00,'2025-07-23 05:10:36',NULL,'sincronizado'),(59,1,NULL,3,'produto','529','WHISKY JOHNNIE WALKER RED LABEL 1LT','disponivel',NULL,NULL,NULL,NULL,'UN',NULL,NULL,NULL,90.00,160.00,NULL,0,1,0.00,0.00,NULL,'',NULL,NULL,NULL,NULL,NULL,NULL,NULL,NULL,NULL,NULL,'2025-06-27 17:26:24','2025-07-24 05:20:30',NULL,0,0,0,NULL,0.00,'2025-07-23 05:10:36',NULL,'sincronizado'),(60,1,NULL,3,'produto','406','BIG CEBOLA ROXA 170G','disponivel',NULL,NULL,NULL,NULL,'UN',NULL,NULL,NULL,15.55,28.00,NULL,0,1,0.00,0.00,NULL,'',NULL,NULL,NULL,NULL,NULL,NULL,NULL,NULL,NULL,NULL,'2025-06-27 17:26:24','2025-07-24 05:20:30',NULL,0,0,0,NULL,0.00,'2025-07-23 05:10:36',NULL,'sincronizado'),(61,1,NULL,3,'produto','400','BIG MAX 170G','disponivel',NULL,NULL,NULL,NULL,'UN',NULL,NULL,NULL,22.00,47.00,NULL,0,1,0.00,0.00,NULL,'',NULL,NULL,NULL,NULL,NULL,NULL,NULL,NULL,NULL,NULL,'2025-06-27 17:26:24','2025-07-24 05:20:30',NULL,0,0,0,NULL,0.00,'2025-07-23 05:10:36',NULL,'sincronizado'),(62,1,NULL,3,'produto','405','BURGUER HOT PICANTE 170G','disponivel',NULL,NULL,NULL,NULL,'UN',NULL,NULL,NULL,14.88,28.00,NULL,0,1,0.00,0.00,NULL,'',NULL,NULL,NULL,NULL,NULL,NULL,NULL,NULL,NULL,NULL,'2025-06-27 17:26:24','2025-07-24 05:20:30',NULL,0,0,0,NULL,0.00,'2025-07-23 05:10:36',NULL,'sincronizado'),(63,1,NULL,3,'produto','404','X BACON 170G','disponivel',NULL,NULL,NULL,NULL,'UN',NULL,NULL,NULL,16.46,30.00,NULL,0,1,0.00,0.00,NULL,'',NULL,NULL,NULL,NULL,NULL,NULL,NULL,NULL,NULL,NULL,'2025-06-27 17:26:24','2025-07-24 05:20:30',NULL,0,0,0,NULL,0.00,'2025-07-23 05:10:36',NULL,'sincronizado'),(64,1,NULL,3,'produto','407','X SALADA 170G','disponivel',NULL,NULL,NULL,NULL,'UN',NULL,NULL,NULL,11.61,28.00,NULL,0,1,0.00,0.00,NULL,'',NULL,NULL,NULL,NULL,NULL,NULL,NULL,NULL,NULL,NULL,'2025-06-27 17:26:24','2025-07-24 05:20:30',NULL,0,0,0,NULL,0.00,'2025-07-23 05:10:36',NULL,'sincronizado'),(65,1,NULL,3,'produto','402','X TUDO 170G','disponivel',NULL,NULL,NULL,NULL,'UN',NULL,NULL,NULL,15.26,30.00,NULL,0,1,-17.00,0.00,NULL,'',NULL,NULL,NULL,NULL,NULL,NULL,NULL,NULL,NULL,NULL,'2025-06-27 17:26:24','2025-07-24 05:20:31',NULL,0,0,0,NULL,0.00,'2025-07-23 05:10:36',NULL,'sincronizado'),(66,1,NULL,3,'produto','247','BIG RÚCULA','disponivel',NULL,NULL,NULL,NULL,'UN',NULL,NULL,NULL,0.00,22.00,NULL,0,1,0.00,0.00,NULL,'',NULL,NULL,NULL,NULL,NULL,NULL,NULL,NULL,NULL,NULL,'2025-06-27 17:26:24','2025-07-24 05:20:31',NULL,0,0,0,NULL,0.00,'2025-07-23 05:10:36',NULL,'sincronizado'),(67,1,NULL,3,'produto','287','FILE DE FRANGO','disponivel',NULL,NULL,NULL,NULL,'UN',NULL,NULL,NULL,0.00,23.00,NULL,0,1,0.00,0.00,NULL,'',NULL,NULL,NULL,NULL,NULL,NULL,NULL,NULL,NULL,NULL,'2025-06-27 17:26:24','2025-07-24 05:20:31',NULL,0,0,0,NULL,0.00,'2025-07-23 05:10:36',NULL,'sincronizado'),(68,1,NULL,3,'produto','408','KIDS','disponivel',NULL,NULL,NULL,NULL,'UN',NULL,NULL,NULL,9.90,21.00,NULL,0,1,0.00,0.00,NULL,'',NULL,NULL,NULL,NULL,NULL,NULL,NULL,NULL,NULL,NULL,'2025-06-27 17:26:24','2025-07-24 05:20:31',NULL,0,0,0,NULL,0.00,'2025-07-23 05:10:36',NULL,'sincronizado'),(69,1,NULL,3,'produto','4','X BACON','disponivel',NULL,NULL,NULL,NULL,'UN',NULL,NULL,NULL,17.05,28.00,NULL,0,1,0.00,0.00,NULL,'',NULL,NULL,NULL,NULL,NULL,NULL,NULL,NULL,NULL,NULL,'2025-06-27 17:26:24','2025-07-24 05:20:31',NULL,0,0,0,NULL,0.00,'2025-07-23 05:10:36',NULL,'sincronizado'),(70,1,NULL,3,'produto','62','X BURGUER','disponivel',NULL,NULL,NULL,NULL,'UN',NULL,NULL,NULL,13.50,26.00,NULL,0,1,0.00,0.00,NULL,'',NULL,NULL,NULL,NULL,NULL,NULL,NULL,NULL,NULL,NULL,'2025-06-27 17:26:24','2025-07-24 05:20:31',NULL,0,0,0,NULL,0.00,'2025-07-23 05:10:36',NULL,'sincronizado'),(71,1,NULL,3,'produto','325','X GOURMET','disponivel',NULL,NULL,NULL,NULL,'UN',NULL,NULL,NULL,0.00,23.00,NULL,0,1,0.00,0.00,NULL,'',NULL,NULL,NULL,NULL,NULL,NULL,NULL,NULL,NULL,NULL,'2025-06-27 17:26:24','2025-07-24 05:20:32',NULL,0,0,0,NULL,0.00,'2025-07-23 05:10:36',NULL,'sincronizado'),(72,1,NULL,3,'produto','244','X PICANHA','disponivel',NULL,NULL,NULL,NULL,'UN',NULL,NULL,NULL,0.00,29.00,NULL,0,1,0.00,0.00,NULL,'',NULL,NULL,NULL,NULL,NULL,NULL,NULL,NULL,NULL,NULL,'2025-06-27 17:26:24','2025-07-24 05:20:32',NULL,0,0,0,NULL,0.00,'2025-07-23 05:10:36',NULL,'sincronizado'),(73,1,NULL,3,'produto','5','X SALADA','disponivel',NULL,NULL,NULL,NULL,'UN',NULL,NULL,NULL,9.78,26.00,NULL,0,1,0.00,0.00,NULL,'',NULL,NULL,NULL,NULL,NULL,NULL,NULL,NULL,NULL,NULL,'2025-06-27 17:26:24','2025-07-24 05:20:32',NULL,0,0,0,NULL,0.00,'2025-07-23 05:10:36',NULL,'sincronizado'),(74,1,NULL,3,'produto','239','X TRIPLO','disponivel',NULL,NULL,NULL,NULL,'UN',NULL,NULL,NULL,29.67,48.00,NULL,0,1,0.00,0.00,NULL,'',NULL,NULL,NULL,NULL,NULL,NULL,NULL,NULL,NULL,NULL,'2025-06-27 17:26:24','2025-07-24 05:20:32',NULL,0,0,0,NULL,0.00,'2025-07-23 05:10:36',NULL,'sincronizado'),(75,1,NULL,3,'produto','8','X TUDÃO','disponivel',NULL,NULL,NULL,NULL,'UN',NULL,NULL,NULL,23.43,43.00,NULL,0,1,0.00,0.00,NULL,'',NULL,NULL,NULL,NULL,NULL,NULL,NULL,NULL,NULL,NULL,'2025-06-27 17:26:24','2025-07-24 05:20:32',NULL,0,0,0,NULL,0.00,'2025-07-23 05:10:36',NULL,'sincronizado'),(76,1,NULL,3,'produto','3','X TUDO ( X BAGUNÇA )','disponivel',NULL,NULL,NULL,NULL,'UN',NULL,NULL,NULL,13.43,28.00,NULL,0,1,0.00,0.00,NULL,'',NULL,NULL,NULL,NULL,NULL,NULL,NULL,NULL,NULL,NULL,'2025-06-27 17:26:24','2025-07-24 05:20:32',NULL,0,0,0,NULL,0.00,'2025-07-23 05:10:36',NULL,'sincronizado'),(77,1,NULL,3,'produto','12','BAURU','disponivel',NULL,NULL,NULL,NULL,'UN',NULL,NULL,NULL,7.17,16.00,NULL,0,1,0.00,0.00,NULL,'',NULL,NULL,NULL,NULL,NULL,NULL,NULL,NULL,NULL,NULL,'2025-06-27 17:26:24','2025-07-24 05:20:32',NULL,0,0,0,NULL,0.00,'2025-07-23 05:10:36',NULL,'sincronizado'),(78,1,NULL,3,'produto','245','BIG CEBOLA ROXA','disponivel',NULL,NULL,NULL,NULL,'UN',NULL,NULL,NULL,12.28,26.00,NULL,0,1,0.00,0.00,NULL,'',NULL,NULL,NULL,NULL,NULL,NULL,NULL,NULL,NULL,NULL,'2025-06-27 17:26:24','2025-07-24 05:20:33',NULL,0,0,0,NULL,0.00,'2025-07-23 05:10:36',NULL,'sincronizado'),(79,1,NULL,3,'produto','341','BURGUER HOT DUPLO PICANTE','disponivel',NULL,NULL,NULL,NULL,'UN',NULL,NULL,NULL,17.94,29.00,NULL,0,1,0.00,0.00,NULL,'',NULL,NULL,NULL,NULL,NULL,NULL,NULL,NULL,NULL,NULL,'2025-06-27 17:26:24','2025-07-24 05:20:33',NULL,0,0,0,NULL,0.00,'2025-07-23 05:10:36',NULL,'sincronizado'),(80,1,NULL,3,'produto','340','BURGUER HOT PICANTE','disponivel',NULL,NULL,NULL,NULL,'UN',NULL,NULL,NULL,13.55,26.00,NULL,0,1,0.00,0.00,NULL,'',NULL,NULL,NULL,NULL,NULL,NULL,NULL,NULL,NULL,NULL,'2025-06-27 17:26:24','2025-07-24 05:20:33',NULL,0,0,0,NULL,0.00,'2025-07-23 05:10:36',NULL,'sincronizado'),(81,1,NULL,3,'produto','192','CHEDDAR DUPLO','disponivel',NULL,NULL,NULL,NULL,'UN',NULL,NULL,NULL,16.74,27.00,NULL,0,1,0.00,0.00,NULL,'',NULL,NULL,NULL,NULL,NULL,NULL,NULL,NULL,NULL,NULL,'2025-06-27 17:26:24','2025-07-24 05:20:33',NULL,0,0,0,NULL,0.00,'2025-07-23 05:10:36',NULL,'sincronizado'),(82,1,NULL,3,'produto','13','DOG PRENSADO ( CACHORRO QUENTE )','disponivel',NULL,NULL,NULL,NULL,'UN',NULL,NULL,NULL,5.26,16.00,NULL,0,1,0.00,0.00,NULL,'',NULL,NULL,NULL,NULL,NULL,NULL,NULL,NULL,NULL,NULL,'2025-06-27 17:26:24','2025-07-24 05:20:33',NULL,0,0,0,NULL,0.00,'2025-07-23 05:10:36',NULL,'sincronizado'),(83,1,NULL,3,'produto','9','FILE BAGUNÇA','disponivel',NULL,NULL,NULL,NULL,'UN',NULL,NULL,NULL,17.44,30.00,NULL,0,1,0.00,0.00,NULL,'',NULL,NULL,NULL,NULL,NULL,NULL,NULL,NULL,NULL,NULL,'2025-06-27 17:26:24','2025-07-24 05:20:33',NULL,0,0,0,NULL,0.00,'2025-07-23 05:10:36',NULL,'sincronizado'),(84,1,NULL,3,'produto','10','FILE MIGNON','disponivel',NULL,NULL,NULL,NULL,'UN',NULL,NULL,NULL,13.79,27.00,NULL,0,1,0.00,0.00,NULL,'',NULL,NULL,NULL,NULL,NULL,NULL,NULL,NULL,NULL,NULL,'2025-06-27 17:26:24','2025-07-24 05:20:33',NULL,0,0,0,NULL,0.00,'2025-07-23 05:10:36',NULL,'sincronizado'),(85,1,NULL,3,'produto','11','PAULISTINHA','disponivel',NULL,NULL,NULL,NULL,'UN',NULL,NULL,NULL,14.52,25.00,NULL,0,1,0.00,0.00,NULL,'',NULL,NULL,NULL,NULL,NULL,NULL,NULL,NULL,NULL,NULL,'2025-06-27 17:26:24','2025-07-24 05:20:34',NULL,0,0,0,NULL,0.00,'2025-07-23 05:10:36',NULL,'sincronizado'),(86,1,NULL,3,'produto','89','VEGETARIANO','disponivel',NULL,NULL,NULL,NULL,'UN',NULL,NULL,NULL,5.39,19.00,NULL,0,1,0.00,0.00,NULL,'',NULL,NULL,NULL,NULL,NULL,NULL,NULL,NULL,NULL,NULL,'2025-06-27 17:26:24','2025-07-24 05:20:34',NULL,0,0,0,NULL,0.00,'2025-07-23 05:10:36',NULL,'sincronizado'),(87,1,NULL,3,'produto','6','X CALABRESA','disponivel',NULL,NULL,NULL,NULL,'UN',NULL,NULL,NULL,8.03,26.00,NULL,0,1,0.00,0.00,NULL,'',NULL,NULL,NULL,NULL,NULL,NULL,NULL,NULL,NULL,NULL,'2025-06-27 17:26:24','2025-07-24 05:20:34',NULL,0,0,0,NULL,0.00,'2025-07-23 05:10:36',NULL,'sincronizado'),(88,1,NULL,3,'produto','243','X CARNE SECA','disponivel',NULL,NULL,NULL,NULL,'UN',NULL,NULL,NULL,0.00,28.00,NULL,0,1,0.00,0.00,NULL,'',NULL,NULL,NULL,NULL,NULL,NULL,NULL,NULL,NULL,NULL,'2025-06-27 17:26:24','2025-07-24 05:20:34',NULL,0,0,0,NULL,0.00,'2025-07-23 05:10:36',NULL,'sincronizado'),(89,1,NULL,3,'produto','246','X CEBOLA CARAMELIZADA','disponivel',NULL,NULL,NULL,NULL,'UN',NULL,NULL,NULL,0.00,27.00,NULL,0,1,0.00,0.00,NULL,'',NULL,NULL,NULL,NULL,NULL,NULL,NULL,NULL,NULL,NULL,'2025-06-27 17:26:24','2025-07-24 05:20:34',NULL,0,0,0,NULL,0.00,'2025-07-23 05:10:36',NULL,'sincronizado'),(90,1,NULL,3,'produto','7','X FRANGO DESFIADO C/ CATUPIRY','disponivel',NULL,NULL,NULL,NULL,'UN',NULL,NULL,NULL,8.82,26.00,NULL,0,1,0.00,0.00,NULL,'',NULL,NULL,NULL,NULL,NULL,NULL,NULL,NULL,NULL,NULL,'2025-06-27 17:26:24','2025-07-24 05:20:34',NULL,0,0,0,NULL,0.00,'2025-07-23 05:10:36',NULL,'sincronizado'),(91,1,NULL,3,'produto','16','PIZZA EXTRA GG','disponivel',NULL,NULL,NULL,NULL,'UN',NULL,NULL,NULL,40.00,87.00,NULL,0,1,0.00,0.00,NULL,'',NULL,NULL,NULL,NULL,NULL,NULL,NULL,NULL,NULL,NULL,'2025-06-27 17:26:24','2025-07-24 05:20:35',NULL,0,0,0,NULL,0.00,'2025-07-23 05:10:36',NULL,'sincronizado'),(92,1,NULL,3,'produto','14','PIZZA G','disponivel',NULL,NULL,NULL,NULL,'UN',NULL,NULL,NULL,30.00,67.00,NULL,0,1,0.00,0.00,NULL,'',NULL,NULL,NULL,NULL,NULL,NULL,NULL,NULL,NULL,NULL,'2025-06-27 17:26:24','2025-07-24 05:20:35',NULL,0,0,0,NULL,0.00,'2025-07-23 05:10:36',NULL,'sincronizado'),(93,1,NULL,3,'produto','15','PIZZA GG','disponivel',NULL,NULL,NULL,NULL,'UN',NULL,NULL,NULL,35.00,77.00,NULL,0,1,0.00,0.00,NULL,'',NULL,NULL,NULL,NULL,NULL,NULL,NULL,NULL,NULL,NULL,'2025-06-27 17:26:24','2025-07-24 05:20:35',NULL,0,0,0,NULL,0.00,'2025-07-23 05:10:36',NULL,'sincronizado'),(94,1,NULL,3,'produto','17','PIZZA M','disponivel',NULL,NULL,NULL,NULL,'UN',NULL,NULL,NULL,25.00,57.00,NULL,0,1,0.00,0.00,NULL,'',NULL,NULL,NULL,NULL,NULL,NULL,NULL,NULL,NULL,NULL,'2025-06-27 17:26:24','2025-07-24 05:20:35',NULL,0,0,0,NULL,0.00,'2025-07-23 05:10:36',NULL,'sincronizado'),(95,1,NULL,3,'produto','222','PIZZA P','disponivel',NULL,NULL,NULL,NULL,'UN',NULL,NULL,NULL,20.00,44.00,NULL,0,1,0.00,0.00,NULL,'',NULL,NULL,NULL,NULL,NULL,NULL,NULL,NULL,NULL,NULL,'2025-06-27 17:26:24','2025-07-24 05:20:35',NULL,0,0,0,NULL,0.00,'2025-07-23 05:10:36',NULL,'sincronizado'),(96,1,NULL,3,'produto','194','CALDO ABOBORA COM CARNE SECA','disponivel',NULL,NULL,NULL,NULL,'UN',NULL,NULL,NULL,0.00,23.00,NULL,0,1,0.00,0.00,NULL,'',NULL,NULL,NULL,NULL,NULL,NULL,NULL,NULL,NULL,NULL,'2025-06-27 17:26:24','2025-07-24 05:20:35',NULL,0,0,0,NULL,0.00,'2025-07-23 05:10:36',NULL,'sincronizado'),(97,1,NULL,3,'produto','331','CALDO DE FRANGO','disponivel',NULL,NULL,NULL,NULL,'UN',NULL,NULL,NULL,0.00,23.00,NULL,0,1,0.00,0.00,NULL,'',NULL,NULL,NULL,NULL,NULL,NULL,NULL,NULL,NULL,NULL,'2025-06-27 17:26:24','2025-07-24 05:20:35',NULL,0,0,0,NULL,0.00,'2025-07-23 05:10:36',NULL,'sincronizado'),(98,1,NULL,3,'produto','313','CALDO FEIJÃO COM BACON','disponivel',NULL,NULL,NULL,NULL,'UN',NULL,NULL,NULL,0.00,23.00,NULL,0,1,0.00,0.00,NULL,'',NULL,NULL,NULL,NULL,NULL,NULL,NULL,NULL,NULL,NULL,'2025-06-27 17:26:24','2025-07-24 05:20:36',NULL,0,0,0,NULL,0.00,'2025-07-23 05:10:36',NULL,'sincronizado'),(99,1,NULL,3,'produto','314','CALDO MOCOTÓ','disponivel',NULL,NULL,NULL,NULL,'UN',NULL,NULL,NULL,0.00,23.00,NULL,0,1,0.00,0.00,NULL,'',NULL,NULL,NULL,NULL,NULL,NULL,NULL,NULL,NULL,NULL,'2025-06-27 17:26:24','2025-07-24 05:20:36',NULL,0,0,0,NULL,0.00,'2025-07-23 05:10:36',NULL,'sincronizado'),(100,1,NULL,3,'produto','315','CALDO VACA ATOLADA','disponivel',NULL,NULL,NULL,NULL,'UN',NULL,NULL,NULL,0.00,23.00,NULL,0,1,0.00,0.00,NULL,'',NULL,NULL,NULL,NULL,NULL,NULL,NULL,NULL,NULL,NULL,'2025-06-27 17:26:24','2025-07-24 05:20:36',NULL,0,0,0,NULL,0.00,'2025-07-23 05:10:36',NULL,'sincronizado'),(101,1,NULL,3,'produto','671','ARROZ','disponivel',NULL,NULL,NULL,NULL,'UN',NULL,NULL,NULL,15.00,15.00,NULL,0,1,0.00,0.00,NULL,'',NULL,NULL,NULL,NULL,NULL,NULL,NULL,NULL,NULL,NULL,'2025-06-27 17:26:24','2025-07-24 05:20:36',NULL,0,0,0,NULL,0.00,'2025-07-23 05:10:36',NULL,'sincronizado'),(102,1,NULL,3,'produto','183','AMSTEL LANGER 600 ML','disponivel',NULL,NULL,NULL,NULL,'UN',NULL,NULL,NULL,6.59,13.00,NULL,0,1,0.00,0.00,NULL,'',NULL,NULL,NULL,NULL,NULL,NULL,NULL,NULL,NULL,NULL,'2025-06-27 17:26:24','2025-07-24 05:20:36',NULL,0,0,0,NULL,0.00,'2025-07-23 05:10:36',NULL,'sincronizado'),(103,1,NULL,3,'produto','200','AMSTEL LATA 269 ML','disponivel',NULL,NULL,NULL,NULL,'UN',NULL,NULL,NULL,2.38,5.00,NULL,0,1,0.00,0.00,NULL,'',NULL,NULL,NULL,NULL,NULL,NULL,NULL,NULL,NULL,NULL,'2025-06-27 17:26:24','2025-07-24 05:20:36',NULL,0,0,0,NULL,0.00,'2025-07-23 05:10:36',NULL,'sincronizado'),(104,1,NULL,3,'produto','21','ANTARCTICA AZUL 600 ML','disponivel',NULL,NULL,NULL,NULL,'UN',NULL,NULL,NULL,4.53,8.00,NULL,0,1,0.00,0.00,NULL,'',NULL,NULL,NULL,NULL,NULL,NULL,NULL,NULL,NULL,NULL,'2025-06-27 17:26:24','2025-07-24 05:20:37',NULL,0,0,0,NULL,0.00,'2025-07-23 05:10:36',NULL,'sincronizado'),(105,1,NULL,3,'produto','582','ANTARTICA 600 ML AZUL','disponivel',NULL,NULL,NULL,NULL,'UN',NULL,NULL,NULL,6.10,11.00,NULL,0,1,0.00,0.00,NULL,'',NULL,NULL,NULL,NULL,NULL,NULL,NULL,NULL,NULL,NULL,'2025-06-27 17:26:24','2025-07-24 05:20:37',NULL,0,0,0,NULL,0.00,'2025-07-23 05:10:36',NULL,'sincronizado'),(106,1,NULL,3,'produto','128','BEATS GIN E TONICA 269ML','disponivel',NULL,NULL,NULL,NULL,'UN',NULL,NULL,NULL,5.29,8.00,NULL,0,1,0.00,0.00,NULL,'',NULL,NULL,NULL,NULL,NULL,NULL,NULL,NULL,NULL,NULL,'2025-06-27 17:26:24','2025-07-24 05:20:37',NULL,0,0,0,NULL,0.00,'2025-07-23 05:10:36',NULL,'sincronizado'),(107,1,NULL,3,'produto','645','BEATS SENSES LATA 269ML','disponivel',NULL,NULL,NULL,NULL,'UN',NULL,NULL,NULL,5.29,8.00,NULL,0,1,0.00,0.00,NULL,'',NULL,NULL,NULL,NULL,NULL,NULL,NULL,NULL,NULL,NULL,'2025-06-27 17:26:24','2025-07-24 05:20:37',NULL,0,0,0,NULL,0.00,'2025-07-23 05:10:36',NULL,'sincronizado'),(108,1,NULL,3,'produto','125','BECKS 600 ML','disponivel',NULL,NULL,NULL,NULL,'UN',NULL,NULL,NULL,4.35,12.00,NULL,0,1,0.00,0.00,NULL,'',NULL,NULL,NULL,NULL,NULL,NULL,NULL,NULL,NULL,NULL,'2025-06-27 17:26:24','2025-07-24 05:20:37',NULL,0,0,0,NULL,0.00,'2025-07-23 05:10:36',NULL,'sincronizado'),(109,1,NULL,3,'produto','540','BOHEMIA 600 ML','disponivel',NULL,NULL,NULL,NULL,'UN',NULL,NULL,NULL,6.37,13.00,NULL,0,1,0.00,0.00,NULL,'',NULL,NULL,NULL,NULL,NULL,NULL,NULL,NULL,NULL,NULL,'2025-06-27 17:26:24','2025-07-24 05:20:37',NULL,0,0,0,NULL,0.00,'2025-07-23 05:10:36',NULL,'sincronizado'),(110,1,NULL,3,'produto','238','BOHEMIA LATA 269ML','disponivel',NULL,NULL,NULL,NULL,'UN',NULL,NULL,NULL,2.73,5.00,NULL,0,1,0.00,0.00,NULL,'',NULL,NULL,NULL,NULL,NULL,NULL,NULL,NULL,NULL,NULL,'2025-06-27 17:26:24','2025-07-24 05:20:37',NULL,0,0,0,NULL,0.00,'2025-07-23 05:10:36',NULL,'sincronizado'),(111,1,NULL,3,'produto','53','BRAHMA 600ML','disponivel',NULL,NULL,NULL,NULL,'UN',NULL,NULL,NULL,6.10,9.00,NULL,0,1,0.00,0.00,NULL,'',NULL,NULL,NULL,NULL,NULL,NULL,NULL,NULL,NULL,NULL,'2025-06-27 17:26:24','2025-07-24 05:20:38',NULL,0,0,0,NULL,0.00,'2025-07-23 05:10:36',NULL,'sincronizado'),(112,1,NULL,3,'produto','304','BRAHMA CAIXA COM 15UN','disponivel',NULL,NULL,NULL,NULL,'UN',NULL,NULL,NULL,39.68,55.00,NULL,0,1,0.00,0.00,NULL,'',NULL,NULL,NULL,NULL,NULL,NULL,NULL,NULL,NULL,NULL,'2025-06-27 17:26:24','2025-07-24 05:20:38',NULL,0,0,0,NULL,0.00,'2025-07-23 05:10:36',NULL,'sincronizado'),(113,1,NULL,3,'produto','223','BRAHMA DUPLO MALTE 600ML','disponivel',NULL,NULL,NULL,NULL,'UN',NULL,NULL,NULL,4.93,10.00,NULL,0,1,0.00,0.00,NULL,'',NULL,NULL,NULL,NULL,NULL,NULL,NULL,NULL,NULL,NULL,'2025-06-27 17:26:24','2025-07-24 05:20:38',NULL,0,0,0,NULL,0.00,'2025-07-23 05:10:36',NULL,'sincronizado'),(114,1,NULL,3,'produto','124','BRAHMA LATA 269ML','disponivel',NULL,NULL,NULL,NULL,'UN',NULL,NULL,NULL,2.65,4.00,NULL,0,1,0.00,0.00,NULL,'',NULL,NULL,NULL,NULL,NULL,NULL,NULL,NULL,NULL,NULL,'2025-06-27 17:26:24','2025-07-24 05:20:38',NULL,0,0,0,NULL,0.00,'2025-07-23 05:10:36',NULL,'sincronizado'),(115,1,NULL,3,'produto','67','BRAHMA LITRO','disponivel',NULL,NULL,NULL,NULL,'UN',NULL,NULL,NULL,0.00,10.00,NULL,0,1,0.00,0.00,NULL,'',NULL,NULL,NULL,NULL,NULL,NULL,NULL,NULL,NULL,NULL,'2025-06-27 17:26:24','2025-07-24 05:20:38',NULL,0,0,0,NULL,0.00,'2025-07-23 05:10:36',NULL,'sincronizado'),(116,1,NULL,3,'produto','218','BUDWEISER 600 ML','disponivel',NULL,NULL,NULL,NULL,'UN',NULL,NULL,NULL,6.39,13.00,NULL,0,1,0.00,0.00,NULL,'',NULL,NULL,NULL,NULL,NULL,NULL,NULL,NULL,NULL,NULL,'2025-06-27 17:26:24','2025-07-24 05:20:38',NULL,0,0,0,NULL,0.00,'2025-07-23 05:10:36',NULL,'sincronizado'),(117,1,NULL,3,'produto','610','BUDWEISER ZERO 330ML','disponivel',NULL,NULL,NULL,NULL,'UN',NULL,NULL,NULL,4.60,8.00,NULL,0,1,0.00,0.00,NULL,'',NULL,NULL,NULL,NULL,NULL,NULL,NULL,NULL,NULL,NULL,'2025-06-27 17:26:24','2025-07-24 05:20:39',NULL,0,0,0,NULL,0.00,'2025-07-23 05:10:36',NULL,'sincronizado'),(118,1,NULL,3,'produto','257','BUDWERISER LATA 269ML','disponivel',NULL,NULL,NULL,NULL,'UN',NULL,NULL,NULL,2.84,5.00,NULL,0,1,0.00,0.00,NULL,'',NULL,NULL,NULL,NULL,NULL,NULL,NULL,NULL,NULL,NULL,'2025-06-27 17:26:24','2025-07-24 05:20:39',NULL,0,0,0,NULL,0.00,'2025-07-23 05:10:36',NULL,'sincronizado'),(119,1,NULL,3,'produto','590','CAIPIROSCA VODKA SMIRNOFF','disponivel',NULL,NULL,NULL,NULL,'UN',NULL,NULL,NULL,8.00,15.00,NULL,0,1,0.00,0.00,NULL,'',NULL,NULL,NULL,NULL,NULL,NULL,NULL,NULL,NULL,NULL,'2025-06-27 17:26:24','2025-07-24 05:20:39',NULL,0,0,0,NULL,0.00,'2025-07-23 05:10:36',NULL,'sincronizado'),(120,1,NULL,3,'produto','548','CARACU LATA','disponivel',NULL,NULL,NULL,NULL,'UN',NULL,NULL,NULL,3.00,5.00,NULL,0,1,0.00,0.00,NULL,'',NULL,NULL,NULL,NULL,NULL,NULL,NULL,NULL,NULL,NULL,'2025-06-27 17:26:24','2025-07-24 05:20:39',NULL,0,0,0,NULL,0.00,'2025-07-23 05:10:36',NULL,'sincronizado'),(121,1,NULL,3,'produto','592','CDB','disponivel',NULL,NULL,NULL,NULL,'UN',NULL,NULL,NULL,1.00,3.00,NULL,0,1,0.00,0.00,NULL,'',NULL,NULL,NULL,NULL,NULL,NULL,NULL,NULL,NULL,NULL,'2025-06-27 17:26:24','2025-07-24 05:20:39',NULL,0,0,0,NULL,0.00,'2025-07-23 05:10:36',NULL,'sincronizado'),(122,1,NULL,3,'produto','605','CERVEJA EISENBAHN  LONGNECK 355 ML','disponivel',NULL,NULL,NULL,NULL,'UN',NULL,NULL,NULL,0.00,8.00,NULL,0,1,0.00,0.00,NULL,'',NULL,NULL,NULL,NULL,NULL,NULL,NULL,NULL,NULL,NULL,'2025-06-27 17:26:24','2025-07-24 05:20:39',NULL,0,0,0,NULL,0.00,'2025-07-23 05:10:36',NULL,'sincronizado'),(123,1,NULL,3,'produto','606','CERVEJA EISENBAHN LONGNECK 355 ML','disponivel',NULL,NULL,NULL,NULL,'UN',NULL,NULL,NULL,6.54,8.00,NULL,0,1,0.00,0.00,NULL,'',NULL,NULL,NULL,NULL,NULL,NULL,NULL,NULL,NULL,NULL,'2025-06-27 17:26:24','2025-07-24 05:20:39',NULL,0,0,0,NULL,0.00,'2025-07-23 05:10:36',NULL,'sincronizado'),(124,1,NULL,3,'produto','603','CERVEJA PIL PMALTE EINSEN LATA 269 ML','disponivel',NULL,NULL,NULL,NULL,'UN',NULL,NULL,NULL,3.28,4.00,NULL,0,1,0.00,0.00,NULL,'',NULL,NULL,NULL,NULL,NULL,NULL,NULL,NULL,NULL,NULL,'2025-06-27 17:26:24','2025-07-24 05:20:40',NULL,0,0,0,NULL,0.00,'2025-07-23 05:10:36',NULL,'sincronizado'),(125,1,NULL,3,'produto','604','CERVEJA SOL PREMIUM 330 LONGNECK','disponivel',NULL,NULL,NULL,NULL,'UN',NULL,NULL,NULL,5.00,10.00,NULL,0,1,0.00,0.00,NULL,'',NULL,NULL,NULL,NULL,NULL,NULL,NULL,NULL,NULL,NULL,'2025-06-27 17:26:24','2025-07-24 05:20:40',NULL,0,0,0,NULL,0.00,'2025-07-23 05:10:36',NULL,'sincronizado'),(126,1,NULL,3,'produto','607','CERVEJA WEIZENBIER EISEN LONGNECK 355 ML','disponivel',NULL,NULL,NULL,NULL,'UN',NULL,NULL,NULL,0.00,13.00,NULL,0,1,0.00,0.00,NULL,'',NULL,NULL,NULL,NULL,NULL,NULL,NULL,NULL,NULL,NULL,'2025-06-27 17:26:24','2025-07-24 05:20:40',NULL,0,0,0,NULL,0.00,'2025-07-23 05:10:36',NULL,'sincronizado'),(127,1,NULL,3,'produto','651','CHOPP VINHO STEMPEL ABACAXI 600ML','disponivel',NULL,NULL,NULL,NULL,'UN',NULL,NULL,NULL,6.59,16.00,NULL,0,1,0.00,0.00,NULL,'',NULL,NULL,NULL,NULL,NULL,NULL,NULL,NULL,NULL,NULL,'2025-06-27 17:26:24','2025-07-24 05:20:40',NULL,0,0,0,NULL,0.00,'2025-07-23 05:10:36',NULL,'sincronizado'),(128,1,NULL,3,'produto','652','CHOPP VINHO STEMPEL BRANCO 600ML','disponivel',NULL,NULL,NULL,NULL,'UN',NULL,NULL,NULL,6.59,16.00,NULL,0,1,0.00,0.00,NULL,'',NULL,NULL,NULL,NULL,NULL,NULL,NULL,NULL,NULL,NULL,'2025-06-27 17:26:24','2025-07-24 05:20:40',NULL,0,0,0,NULL,0.00,'2025-07-23 05:10:36',NULL,'sincronizado'),(129,1,NULL,3,'produto','655','CHOPP VINHO STEMPEL CANECO 340ML','disponivel',NULL,NULL,NULL,NULL,'UN',NULL,NULL,NULL,6.59,12.00,NULL,0,1,0.00,0.00,NULL,'',NULL,NULL,NULL,NULL,NULL,NULL,NULL,NULL,NULL,NULL,'2025-06-27 17:26:24','2025-07-24 05:20:40',NULL,0,0,0,NULL,0.00,'2025-07-23 05:10:36',NULL,'sincronizado'),(130,1,NULL,3,'produto','653','CHOPP VINHO STEMPEL ROSE 600ML','disponivel',NULL,NULL,NULL,NULL,'UN',NULL,NULL,NULL,6.59,16.00,NULL,0,1,0.00,0.00,NULL,'',NULL,NULL,NULL,NULL,NULL,NULL,NULL,NULL,NULL,NULL,'2025-06-27 17:26:24','2025-07-24 05:20:41',NULL,0,0,0,NULL,0.00,'2025-07-23 05:10:36',NULL,'sincronizado'),(131,1,NULL,3,'produto','654','CHOPP VINHO STEMPEL VRMELHO 500ML','disponivel',NULL,NULL,NULL,NULL,'UN',NULL,NULL,NULL,6.59,16.00,NULL,0,1,0.00,0.00,NULL,'',NULL,NULL,NULL,NULL,NULL,NULL,NULL,NULL,NULL,NULL,'2025-06-27 17:26:24','2025-07-24 05:20:41',NULL,0,0,0,NULL,0.00,'2025-07-23 05:10:36',NULL,'sincronizado'),(132,1,NULL,3,'produto','555','CORONITA EXTRA 210 ML','disponivel',NULL,NULL,NULL,NULL,'UN',NULL,NULL,NULL,4.25,8.00,NULL,0,1,0.00,0.00,NULL,'',NULL,NULL,NULL,NULL,NULL,NULL,NULL,NULL,NULL,NULL,'2025-06-27 17:26:24','2025-07-24 05:20:41',NULL,0,0,0,NULL,0.00,'2025-07-23 05:10:36',NULL,'sincronizado'),(133,1,NULL,3,'produto','588','COSMEL','disponivel',NULL,NULL,NULL,NULL,'UN',NULL,NULL,NULL,2.00,2.50,NULL,0,1,0.00,0.00,NULL,'',NULL,NULL,NULL,NULL,NULL,NULL,NULL,NULL,NULL,NULL,'2025-06-27 17:26:24','2025-07-24 05:20:41',NULL,0,0,0,NULL,0.00,'2025-07-23 05:10:36',NULL,'sincronizado'),(134,1,NULL,3,'produto','258','HEINEKEN 600ML','disponivel',NULL,NULL,NULL,NULL,'UN',NULL,NULL,NULL,10.83,17.00,NULL,0,1,0.00,0.00,NULL,'',NULL,NULL,NULL,NULL,NULL,NULL,NULL,NULL,NULL,NULL,'2025-06-27 17:26:24','2025-07-24 05:20:41',NULL,0,0,0,NULL,0.00,'2025-07-23 05:10:36',NULL,'sincronizado'),(135,1,NULL,3,'produto','241','HEINEKEN LATA','disponivel',NULL,NULL,NULL,NULL,'UN',NULL,NULL,NULL,4.50,8.00,NULL,0,1,0.00,0.00,NULL,'',NULL,NULL,NULL,NULL,NULL,NULL,NULL,NULL,NULL,NULL,'2025-06-27 17:26:24','2025-07-24 05:20:41',NULL,0,0,0,NULL,0.00,'2025-07-23 05:10:36',NULL,'sincronizado'),(136,1,NULL,3,'produto','260','HEINEKEN LATA FINA','disponivel',NULL,NULL,NULL,NULL,'UN',NULL,NULL,NULL,4.50,8.00,NULL,0,1,0.00,0.00,NULL,'',NULL,NULL,NULL,NULL,NULL,NULL,NULL,NULL,NULL,NULL,'2025-06-27 17:26:24','2025-07-24 05:20:41',NULL,0,0,0,NULL,0.00,'2025-07-23 05:10:36',NULL,'sincronizado'),(137,1,NULL,3,'produto','658','ICE TEA LEAO CHA','disponivel',NULL,NULL,NULL,NULL,'UN',NULL,NULL,NULL,6.59,5.00,NULL,0,1,0.00,0.00,NULL,'',NULL,NULL,NULL,NULL,NULL,NULL,NULL,NULL,NULL,NULL,'2025-06-27 17:26:24','2025-07-24 05:20:42',NULL,0,0,0,NULL,0.00,'2025-07-23 05:10:36',NULL,'sincronizado'),(138,1,NULL,3,'produto','284','IMPERIO CAIXA 12UN','disponivel',NULL,NULL,NULL,NULL,'UN',NULL,NULL,NULL,25.00,35.00,NULL,0,1,0.00,0.00,NULL,'',NULL,NULL,NULL,NULL,NULL,NULL,NULL,NULL,NULL,NULL,'2025-06-27 17:26:24','2025-07-24 05:20:42',NULL,0,0,0,NULL,0.00,'2025-07-23 05:10:36',NULL,'sincronizado'),(139,1,NULL,3,'produto','179','IMPERIO GARRAFA 600ML','disponivel',NULL,NULL,NULL,NULL,'UN',NULL,NULL,NULL,5.38,10.00,NULL,0,1,0.00,0.00,NULL,'',NULL,NULL,NULL,NULL,NULL,NULL,NULL,NULL,NULL,NULL,'2025-06-27 17:26:24','2025-07-24 05:20:42',NULL,0,0,0,NULL,0.00,'2025-07-23 05:10:36',NULL,'sincronizado'),(140,1,NULL,3,'produto','230','IMPERIO LATA 269ML','disponivel',NULL,NULL,NULL,NULL,'UN',NULL,NULL,NULL,2.08,4.00,NULL,0,1,0.00,0.00,NULL,'',NULL,NULL,NULL,NULL,NULL,NULL,NULL,NULL,NULL,NULL,'2025-06-27 17:26:24','2025-07-24 05:20:42',NULL,0,0,0,NULL,0.00,'2025-07-23 05:10:36',NULL,'sincronizado'),(141,1,NULL,3,'produto','148','ITAIPAVA 600ML','disponivel',NULL,NULL,NULL,NULL,'UN',NULL,NULL,NULL,4.37,11.00,NULL,0,1,0.00,0.00,NULL,'',NULL,NULL,NULL,NULL,NULL,NULL,NULL,NULL,NULL,NULL,'2025-06-27 17:26:24','2025-07-24 05:20:42',NULL,0,0,0,NULL,0.00,'2025-07-23 05:10:36',NULL,'sincronizado'),(142,1,NULL,3,'produto','286','ITAIPAVA CAIXA 12UN','disponivel',NULL,NULL,NULL,NULL,'UN',NULL,NULL,NULL,22.25,35.00,NULL,0,1,0.00,0.00,NULL,'',NULL,NULL,NULL,NULL,NULL,NULL,NULL,NULL,NULL,NULL,'2025-06-27 17:26:24','2025-07-24 05:20:42',NULL,0,0,0,NULL,0.00,'2025-07-23 05:10:36',NULL,'sincronizado'),(143,1,NULL,3,'produto','152','ITAIPAVA LATA','disponivel',NULL,NULL,NULL,NULL,'UN',NULL,NULL,NULL,1.94,4.00,NULL,0,1,0.00,0.00,NULL,'',NULL,NULL,NULL,NULL,NULL,NULL,NULL,NULL,NULL,NULL,'2025-06-27 17:26:24','2025-07-24 05:20:43',NULL,0,0,0,NULL,0.00,'2025-07-23 05:10:36',NULL,'sincronizado'),(144,1,NULL,3,'produto','229','ITAIPAVA LITRAO','disponivel',NULL,NULL,NULL,NULL,'UN',NULL,NULL,NULL,0.00,10.00,NULL,0,1,0.00,0.00,NULL,'',NULL,NULL,NULL,NULL,NULL,NULL,NULL,NULL,NULL,NULL,'2025-06-27 17:26:24','2025-07-24 05:20:43',NULL,0,0,0,NULL,0.00,'2025-07-23 05:10:36',NULL,'sincronizado'),(145,1,NULL,3,'produto','188','ITAIPAVA MALZEBIER 350ML','disponivel',NULL,NULL,NULL,NULL,'UN',NULL,NULL,NULL,0.00,5.00,NULL,0,1,0.00,0.00,NULL,'',NULL,NULL,NULL,NULL,NULL,NULL,NULL,NULL,NULL,NULL,'2025-06-27 17:26:24','2025-07-24 05:20:43',NULL,0,0,0,NULL,0.00,'2025-07-23 05:10:36',NULL,'sincronizado'),(146,1,NULL,3,'produto','150','ITAIPAVA PREMIUM 600ML','disponivel',NULL,NULL,NULL,NULL,'UN',NULL,NULL,NULL,5.00,10.00,NULL,0,1,0.00,0.00,NULL,'',NULL,NULL,NULL,NULL,NULL,NULL,NULL,NULL,NULL,NULL,'2025-06-27 17:26:24','2025-07-24 05:20:43',NULL,0,0,0,NULL,0.00,'2025-07-23 05:10:36',NULL,'sincronizado'),(147,1,NULL,3,'produto','182','ITAIPAVA ZERO ALCOOL LATA','disponivel',NULL,NULL,NULL,NULL,'UN',NULL,NULL,NULL,3.00,5.00,NULL,0,1,0.00,0.00,NULL,'',NULL,NULL,NULL,NULL,NULL,NULL,NULL,NULL,NULL,NULL,'2025-06-27 17:26:24','2025-07-24 05:20:43',NULL,0,0,0,NULL,0.00,'2025-07-23 05:10:36',NULL,'sincronizado'),(148,1,NULL,3,'produto','601','KAISER 600 ML','disponivel',NULL,NULL,NULL,NULL,'UN',NULL,NULL,NULL,5.00,11.00,NULL,0,1,0.00,0.00,NULL,'',NULL,NULL,NULL,NULL,NULL,NULL,NULL,NULL,NULL,NULL,'2025-06-27 17:26:24','2025-07-24 05:20:43',NULL,0,0,0,NULL,0.00,'2025-07-23 05:10:36',NULL,'sincronizado'),(149,1,NULL,3,'produto','339','ORIGINAL 269 LATA','disponivel',NULL,NULL,NULL,NULL,'UN',NULL,NULL,NULL,3.01,6.00,NULL,0,1,0.00,0.00,NULL,'',NULL,NULL,NULL,NULL,NULL,NULL,NULL,NULL,NULL,NULL,'2025-06-27 17:26:24','2025-07-24 05:20:43',NULL,0,0,0,NULL,0.00,'2025-07-23 05:10:36',NULL,'sincronizado'),(150,1,NULL,3,'produto','161','ORIGINAL 600ML','disponivel',NULL,NULL,NULL,NULL,'UN',NULL,NULL,NULL,7.08,13.00,NULL,0,1,0.00,0.00,NULL,'',NULL,NULL,NULL,NULL,NULL,NULL,NULL,NULL,NULL,NULL,'2025-06-27 17:26:24','2025-07-24 05:20:44',NULL,0,0,0,NULL,0.00,'2025-07-23 05:10:36',NULL,'sincronizado'),(151,1,NULL,3,'produto','554','ORIGINAL CX 15 UN','disponivel',NULL,NULL,NULL,NULL,'UN',NULL,NULL,NULL,45.18,65.00,NULL,0,1,0.00,0.00,NULL,'',NULL,NULL,NULL,NULL,NULL,NULL,NULL,NULL,NULL,NULL,'2025-06-27 17:26:24','2025-07-24 05:20:44',NULL,0,0,0,NULL,0.00,'2025-07-23 05:10:36',NULL,'sincronizado'),(152,1,NULL,3,'produto','151','PETRA 600ML','disponivel',NULL,NULL,NULL,NULL,'UN',NULL,NULL,NULL,4.78,6.00,NULL,0,1,0.00,0.00,NULL,'',NULL,NULL,NULL,NULL,NULL,NULL,NULL,NULL,NULL,NULL,'2025-06-27 17:26:24','2025-07-24 05:20:44',NULL,0,0,0,NULL,0.00,'2025-07-23 05:10:36',NULL,'sincronizado'),(153,1,NULL,3,'produto','153','PETRA LATA','disponivel',NULL,NULL,NULL,NULL,'UN',NULL,NULL,NULL,2.22,4.00,NULL,0,1,0.00,0.00,NULL,'',NULL,NULL,NULL,NULL,NULL,NULL,NULL,NULL,NULL,NULL,'2025-06-27 17:26:24','2025-07-24 05:20:44',NULL,0,0,0,NULL,0.00,'2025-07-23 05:10:36',NULL,'sincronizado'),(154,1,NULL,3,'produto','52','SKOL 600 ML','disponivel',NULL,NULL,NULL,NULL,'UN',NULL,NULL,NULL,6.37,9.00,NULL,0,1,0.00,0.00,NULL,'',NULL,NULL,NULL,NULL,NULL,NULL,NULL,NULL,NULL,NULL,'2025-06-27 17:26:24','2025-07-24 05:20:44',NULL,0,0,0,NULL,0.00,'2025-07-23 05:10:36',NULL,'sincronizado'),(155,1,NULL,3,'produto','454','SKOL BEETS LATA','disponivel',NULL,NULL,NULL,NULL,'UN',NULL,NULL,NULL,0.00,7.00,NULL,0,1,0.00,0.00,NULL,'',NULL,NULL,NULL,NULL,NULL,NULL,NULL,NULL,NULL,NULL,'2025-06-27 17:26:24','2025-07-24 05:20:44',NULL,0,0,0,NULL,0.00,'2025-07-23 05:10:36',NULL,'sincronizado'),(156,1,NULL,3,'produto','303','SKOL CAIXA COM 15UN','disponivel',NULL,NULL,NULL,NULL,'UN',NULL,NULL,NULL,39.68,55.00,NULL,0,1,0.00,0.00,NULL,'',NULL,NULL,NULL,NULL,NULL,NULL,NULL,NULL,NULL,NULL,'2025-06-27 17:26:24','2025-07-24 05:20:45',NULL,0,0,0,NULL,0.00,'2025-07-23 05:10:36',NULL,'sincronizado'),(157,1,NULL,3,'produto','48','SKOL LATA 269 ML','disponivel',NULL,NULL,NULL,NULL,'UN',NULL,NULL,NULL,2.65,4.00,NULL,0,1,0.00,0.00,NULL,'',NULL,NULL,NULL,NULL,NULL,NULL,NULL,NULL,NULL,NULL,'2025-06-27 17:26:24','2025-07-24 05:20:45',NULL,0,0,0,NULL,0.00,'2025-07-23 05:10:36',NULL,'sincronizado'),(158,1,NULL,3,'produto','49','SKOL LATA 350 ML','disponivel',NULL,NULL,NULL,NULL,'UN',NULL,NULL,NULL,3.18,5.00,NULL,0,1,0.00,0.00,NULL,'',NULL,NULL,NULL,NULL,NULL,NULL,NULL,NULL,NULL,NULL,'2025-06-27 17:26:24','2025-07-24 05:20:45',NULL,0,0,0,NULL,0.00,'2025-07-23 05:10:36',NULL,'sincronizado'),(159,1,NULL,3,'produto','66','SKOL LITRO','disponivel',NULL,NULL,NULL,NULL,'UN',NULL,NULL,NULL,0.00,8.00,NULL,0,1,0.00,0.00,NULL,'',NULL,NULL,NULL,NULL,NULL,NULL,NULL,NULL,NULL,NULL,'2025-06-27 17:26:24','2025-07-24 05:20:45',NULL,0,0,0,NULL,0.00,'2025-07-23 05:10:36',NULL,'sincronizado'),(160,1,NULL,3,'produto','353','SPATEN 600ML','disponivel',NULL,NULL,NULL,NULL,'UN',NULL,NULL,NULL,7.08,13.00,NULL,0,1,0.00,0.00,NULL,'',NULL,NULL,NULL,NULL,NULL,NULL,NULL,NULL,NULL,NULL,'2025-06-27 17:26:24','2025-07-24 05:20:45',NULL,0,0,0,NULL,0.00,'2025-07-23 05:10:36',NULL,'sincronizado'),(161,1,NULL,3,'produto','349','SPATEN LATA 350 ML','disponivel',NULL,NULL,NULL,NULL,'UN',NULL,NULL,NULL,3.84,6.00,NULL,0,1,0.00,0.00,NULL,'',NULL,NULL,NULL,NULL,NULL,NULL,NULL,NULL,NULL,NULL,'2025-06-27 17:26:24','2025-07-24 05:20:45',NULL,0,0,0,NULL,0.00,'2025-07-23 05:10:36',NULL,'sincronizado'),(162,1,NULL,3,'produto','347','STELLA 600 MLL','disponivel',NULL,NULL,NULL,NULL,'UN',NULL,NULL,NULL,8.99,17.00,NULL,0,1,0.00,0.00,NULL,'',NULL,NULL,NULL,NULL,NULL,NULL,NULL,NULL,NULL,NULL,'2025-06-27 17:26:24','2025-07-24 05:20:45',NULL,0,0,0,NULL,0.00,'2025-07-23 05:10:36',NULL,'sincronizado'),(163,1,NULL,3,'produto','327','STELLA LATA 269ML','disponivel',NULL,NULL,NULL,NULL,'UN',NULL,NULL,NULL,3.43,6.00,NULL,0,1,0.00,0.00,NULL,'',NULL,NULL,NULL,NULL,NULL,NULL,NULL,NULL,NULL,NULL,'2025-06-27 17:26:24','2025-07-24 05:20:46',NULL,0,0,0,NULL,0.00,'2025-07-23 05:10:36',NULL,'sincronizado'),(164,1,NULL,3,'produto','662','VODKA SMIRNOFF 1 LITRO','disponivel',NULL,NULL,NULL,NULL,'UN',NULL,NULL,NULL,0.00,70.00,NULL,0,1,0.00,0.00,NULL,'',NULL,NULL,NULL,NULL,NULL,NULL,NULL,NULL,NULL,NULL,'2025-06-27 17:26:24','2025-07-24 05:20:46',NULL,0,0,0,NULL,0.00,'2025-07-23 05:10:36',NULL,'sincronizado'),(165,1,NULL,3,'produto','59','BOHEMIA LONGNECK','disponivel',NULL,NULL,NULL,NULL,'UN',NULL,NULL,NULL,3.84,8.00,NULL,0,1,0.00,0.00,NULL,'',NULL,NULL,NULL,NULL,NULL,NULL,NULL,NULL,NULL,NULL,'2025-06-27 17:26:24','2025-07-24 05:20:46',NULL,0,0,0,NULL,0.00,'2025-07-23 05:10:36',NULL,'sincronizado'),(166,1,NULL,3,'produto','51','BRAHMA LONGNEK 355ML','disponivel',NULL,NULL,NULL,NULL,'UN',NULL,NULL,NULL,3.85,8.00,NULL,0,1,0.00,0.00,NULL,'',NULL,NULL,NULL,NULL,NULL,NULL,NULL,NULL,NULL,NULL,'2025-06-27 17:26:24','2025-07-24 05:20:46',NULL,0,0,0,NULL,0.00,'2025-07-23 05:10:36',NULL,'sincronizado'),(167,1,NULL,3,'produto','608','BRAHMA ZERO LATA 350ML','disponivel',NULL,NULL,NULL,NULL,'UN',NULL,NULL,NULL,3.43,7.00,NULL,0,1,0.00,0.00,NULL,'',NULL,NULL,NULL,NULL,NULL,NULL,NULL,NULL,NULL,NULL,'2025-06-27 17:26:24','2025-07-24 05:20:46',NULL,0,0,0,NULL,0.00,'2025-07-23 05:10:36',NULL,'sincronizado'),(168,1,NULL,3,'produto','219','BRAHMA ZERO LONGNECK','disponivel',NULL,NULL,NULL,NULL,'UN',NULL,NULL,NULL,4.50,8.00,NULL,0,1,0.00,0.00,NULL,'',NULL,NULL,NULL,NULL,NULL,NULL,NULL,NULL,NULL,NULL,'2025-06-27 17:26:24','2025-07-24 05:20:46',NULL,0,0,0,NULL,0.00,'2025-07-23 05:10:36',NULL,'sincronizado'),(169,1,NULL,3,'produto','46','BUDWEISER 330ML LONGNEK','disponivel',NULL,NULL,NULL,NULL,'UN',NULL,NULL,NULL,4.60,8.00,NULL,0,1,0.00,0.00,NULL,'',NULL,NULL,NULL,NULL,NULL,NULL,NULL,NULL,NULL,NULL,'2025-06-27 17:26:24','2025-07-24 05:20:46',NULL,0,0,0,NULL,0.00,'2025-07-23 05:10:36',NULL,'sincronizado'),(170,1,NULL,3,'produto','50','CARACU LONGNECK 355ML','disponivel',NULL,NULL,NULL,NULL,'UN',NULL,NULL,NULL,4.26,8.00,NULL,0,1,0.00,0.00,NULL,'',NULL,NULL,NULL,NULL,NULL,NULL,NULL,NULL,NULL,NULL,'2025-06-27 17:26:24','2025-07-24 05:20:47',NULL,0,0,0,NULL,0.00,'2025-07-23 05:10:36',NULL,'sincronizado'),(171,1,NULL,3,'produto','646','CERVEJA EISENBAHN 600ML','disponivel',NULL,NULL,NULL,NULL,'UN',NULL,NULL,NULL,4.60,13.00,NULL,0,1,0.00,0.00,NULL,'',NULL,NULL,NULL,NULL,NULL,NULL,NULL,NULL,NULL,NULL,'2025-06-27 17:26:24','2025-07-24 05:20:47',NULL,0,0,0,NULL,0.00,'2025-07-23 05:10:36',NULL,'sincronizado'),(172,1,NULL,3,'produto','648','CERVEJA EISENBAHN LATA 269ML','disponivel',NULL,NULL,NULL,NULL,'UN',NULL,NULL,NULL,0.00,5.00,NULL,0,1,0.00,0.00,NULL,'',NULL,NULL,NULL,NULL,NULL,NULL,NULL,NULL,NULL,NULL,'2025-06-27 17:26:24','2025-07-24 05:20:47',NULL,0,0,0,NULL,0.00,'2025-07-23 05:10:36',NULL,'sincronizado'),(173,1,NULL,3,'produto','647','CERVEJA EISENBAHN LONGNECK 355ML','disponivel',NULL,NULL,NULL,NULL,'UN',NULL,NULL,NULL,4.60,8.00,NULL,0,1,0.00,0.00,NULL,'',NULL,NULL,NULL,NULL,NULL,NULL,NULL,NULL,NULL,NULL,'2025-06-27 17:26:24','2025-07-24 05:20:47',NULL,0,0,0,NULL,0.00,'2025-07-23 05:10:36',NULL,'sincronizado'),(174,1,NULL,3,'produto','609','CORONA EXTRA LATA 269ML','disponivel',NULL,NULL,NULL,NULL,'UN',NULL,NULL,NULL,3.93,7.00,NULL,0,1,0.00,0.00,NULL,'',NULL,NULL,NULL,NULL,NULL,NULL,NULL,NULL,NULL,NULL,'2025-06-27 17:26:24','2025-07-24 05:20:47',NULL,0,0,0,NULL,0.00,'2025-07-23 05:10:36',NULL,'sincronizado'),(175,1,NULL,3,'produto','355','CORONA EXTRA LONGNECK 330ML','disponivel',NULL,NULL,NULL,NULL,'UN',NULL,NULL,NULL,5.83,10.00,NULL,0,1,0.00,0.00,NULL,'',NULL,NULL,NULL,NULL,NULL,NULL,NULL,NULL,NULL,NULL,'2025-06-27 17:26:24','2025-07-24 05:20:47',NULL,0,0,0,NULL,0.00,'2025-07-23 05:10:36',NULL,'sincronizado'),(176,1,NULL,3,'produto','158','DEVASSA LONGNECK','disponivel',NULL,NULL,NULL,NULL,'UN',NULL,NULL,NULL,3.29,6.00,NULL,0,1,6.00,0.00,NULL,'',NULL,NULL,NULL,NULL,NULL,NULL,NULL,NULL,NULL,NULL,'2025-06-27 17:26:24','2025-07-24 05:20:48',NULL,0,0,0,NULL,0.00,'2025-07-23 05:10:36',NULL,'sincronizado'),(177,1,NULL,3,'produto','157','EISENBAHN LONGNECK','disponivel',NULL,NULL,NULL,NULL,'UN',NULL,NULL,NULL,3.89,6.00,NULL,0,1,0.00,0.00,NULL,'',NULL,NULL,NULL,NULL,NULL,NULL,NULL,NULL,NULL,NULL,'2025-06-27 17:26:24','2025-07-24 05:20:48',NULL,0,0,0,NULL,0.00,'2025-07-23 05:10:36',NULL,'sincronizado'),(178,1,NULL,3,'produto','469','HEINEKEN LONG NECK 330ML','disponivel',NULL,NULL,NULL,NULL,'UN',NULL,NULL,NULL,7.08,13.00,NULL,0,1,0.00,0.00,NULL,'',NULL,NULL,NULL,NULL,NULL,NULL,NULL,NULL,NULL,NULL,'2025-06-27 17:26:24','2025-07-24 05:20:48',NULL,0,0,0,NULL,0.00,'2025-07-23 05:10:36',NULL,'sincronizado'),(179,1,NULL,3,'produto','455','HEINEKEN LONG NECK ZERO 330ML','disponivel',NULL,NULL,NULL,NULL,'UN',NULL,NULL,NULL,6.00,13.00,NULL,0,1,0.00,0.00,NULL,'',NULL,NULL,NULL,NULL,NULL,NULL,NULL,NULL,NULL,NULL,'2025-06-27 17:26:24','2025-07-24 05:20:48',NULL,0,0,0,NULL,0.00,'2025-07-23 05:10:36',NULL,'sincronizado'),(180,1,NULL,3,'produto','47','HEINEKEN LONGNEK 250 ML','disponivel',NULL,NULL,NULL,NULL,'UN',NULL,NULL,NULL,0.00,10.00,NULL,0,1,0.00,0.00,NULL,'',NULL,NULL,NULL,NULL,NULL,NULL,NULL,NULL,NULL,NULL,'2025-06-27 17:26:24','2025-07-24 05:20:48',NULL,0,0,0,NULL,0.00,'2025-07-23 05:10:36',NULL,'sincronizado'),(181,1,NULL,3,'produto','123','ICE 51 275ML LONGNECK','disponivel',NULL,NULL,NULL,NULL,'UN',NULL,NULL,NULL,5.79,12.00,NULL,0,1,0.00,0.00,NULL,'',NULL,NULL,NULL,NULL,NULL,NULL,NULL,NULL,NULL,NULL,'2025-06-27 17:26:24','2025-07-24 05:20:48',NULL,0,0,0,NULL,0.00,'2025-07-23 05:10:36',NULL,'sincronizado'),(182,1,NULL,3,'produto','616','ICE CABARE LONG. BLUE SPIRIT','disponivel',NULL,NULL,NULL,NULL,'UN',NULL,NULL,NULL,5.55,12.00,NULL,0,1,0.00,0.00,NULL,'',NULL,NULL,NULL,NULL,NULL,NULL,NULL,NULL,NULL,NULL,'2025-06-27 17:26:24','2025-07-24 05:20:48',NULL,0,0,0,NULL,0.00,'2025-07-23 05:10:36',NULL,'sincronizado'),(183,1,NULL,3,'produto','617','ICE CABARE LONG. FRUT. AMARELAS','disponivel',NULL,NULL,NULL,NULL,'UN',NULL,NULL,NULL,5.55,12.00,NULL,0,1,0.00,0.00,NULL,'',NULL,NULL,NULL,NULL,NULL,NULL,NULL,NULL,NULL,NULL,'2025-06-27 17:26:24','2025-07-24 05:20:49',NULL,0,0,0,NULL,0.00,'2025-07-23 05:10:36',NULL,'sincronizado'),(184,1,NULL,3,'produto','614','ICE CABARE LONG. FRUT. VERM','disponivel',NULL,NULL,NULL,NULL,'UN',NULL,NULL,NULL,5.55,12.00,NULL,0,1,0.00,0.00,NULL,'',NULL,NULL,NULL,NULL,NULL,NULL,NULL,NULL,NULL,NULL,'2025-06-27 17:26:24','2025-07-24 05:20:49',NULL,0,0,0,NULL,0.00,'2025-07-23 05:10:36',NULL,'sincronizado'),(185,1,NULL,3,'produto','615','ICE CABARE LONG. LIMÃO','disponivel',NULL,NULL,NULL,NULL,'UN',NULL,NULL,NULL,5.55,12.00,NULL,0,1,0.00,0.00,NULL,'',NULL,NULL,NULL,NULL,NULL,NULL,NULL,NULL,NULL,NULL,'2025-06-27 17:26:24','2025-07-24 05:20:49',NULL,0,0,0,NULL,0.00,'2025-07-23 05:10:36',NULL,'sincronizado'),(186,1,NULL,3,'produto','298','ICE LATA','disponivel',NULL,NULL,NULL,NULL,'UN',NULL,NULL,NULL,4.00,8.00,NULL,0,1,0.00,0.00,NULL,'',NULL,NULL,NULL,NULL,NULL,NULL,NULL,NULL,NULL,NULL,'2025-06-27 17:26:24','2025-07-24 05:20:49',NULL,0,0,0,NULL,0.00,'2025-07-23 05:10:36',NULL,'sincronizado'),(187,1,NULL,3,'produto','348','ICE MIKES LIMONADA','disponivel',NULL,NULL,NULL,NULL,'UN',NULL,NULL,NULL,5.55,12.00,NULL,0,1,0.00,0.00,NULL,'',NULL,NULL,NULL,NULL,NULL,NULL,NULL,NULL,NULL,NULL,'2025-06-27 17:26:24','2025-07-24 05:20:49',NULL,0,0,0,NULL,0.00,'2025-07-23 05:10:36',NULL,'sincronizado'),(188,1,NULL,3,'produto','657','ICE SMIRNOFF 275ML','disponivel',NULL,NULL,NULL,NULL,'UN',NULL,NULL,NULL,5.55,12.00,NULL,0,1,0.00,0.00,NULL,'',NULL,NULL,NULL,NULL,NULL,NULL,NULL,NULL,NULL,NULL,'2025-06-27 17:26:24','2025-07-24 05:20:49',NULL,0,0,0,NULL,0.00,'2025-07-23 05:10:36',NULL,'sincronizado'),(189,1,NULL,3,'produto','159','ITAIPAVA  PREMIUM LONGNECK','disponivel',NULL,NULL,NULL,NULL,'UN',NULL,NULL,NULL,2.99,5.00,NULL,0,1,0.00,0.00,NULL,'',NULL,NULL,NULL,NULL,NULL,NULL,NULL,NULL,NULL,NULL,'2025-06-27 17:26:24','2025-07-24 05:20:50',NULL,0,0,0,NULL,0.00,'2025-07-23 05:10:36',NULL,'sincronizado'),(190,1,NULL,3,'produto','163','ITAIPAVA ZERO LONGENECK','disponivel',NULL,NULL,NULL,NULL,'UN',NULL,NULL,NULL,2.56,5.00,NULL,0,1,0.00,0.00,NULL,'',NULL,NULL,NULL,NULL,NULL,NULL,NULL,NULL,NULL,NULL,'2025-06-27 17:26:24','2025-07-24 05:20:50',NULL,0,0,0,NULL,0.00,'2025-07-23 05:10:36',NULL,'sincronizado'),(191,1,NULL,3,'produto','176','LONGNECK IMPERIO GOLD','disponivel',NULL,NULL,NULL,NULL,'UN',NULL,NULL,NULL,2.94,5.00,NULL,0,1,0.00,0.00,NULL,'',NULL,NULL,NULL,NULL,NULL,NULL,NULL,NULL,NULL,NULL,'2025-06-27 17:26:24','2025-07-24 05:20:50',NULL,0,0,0,NULL,0.00,'2025-07-23 05:10:36',NULL,'sincronizado'),(192,1,NULL,3,'produto','177','LONGNECK IMPERIO LAGER','disponivel',NULL,NULL,NULL,NULL,'UN',NULL,NULL,NULL,3.20,5.00,NULL,0,1,0.00,0.00,NULL,'',NULL,NULL,NULL,NULL,NULL,NULL,NULL,NULL,NULL,NULL,'2025-06-27 17:26:24','2025-07-24 05:20:50',NULL,0,0,0,NULL,0.00,'2025-07-23 05:10:36',NULL,'sincronizado'),(193,1,NULL,3,'produto','178','LONGNECK IMPERIO PURO MALTE','disponivel',NULL,NULL,NULL,NULL,'UN',NULL,NULL,NULL,3.15,5.00,NULL,0,1,0.00,0.00,NULL,'',NULL,NULL,NULL,NULL,NULL,NULL,NULL,NULL,NULL,NULL,'2025-06-27 17:26:24','2025-07-24 05:20:50',NULL,0,0,0,NULL,0.00,'2025-07-23 05:10:36',NULL,'sincronizado'),(194,1,NULL,3,'produto','352','MICHELOB LONGNECK','disponivel',NULL,NULL,NULL,NULL,'UN',NULL,NULL,NULL,4.17,7.00,NULL,0,1,0.00,0.00,NULL,'',NULL,NULL,NULL,NULL,NULL,NULL,NULL,NULL,NULL,NULL,'2025-06-27 17:26:24','2025-07-24 05:20:50',NULL,0,0,0,NULL,0.00,'2025-07-23 05:10:36',NULL,'sincronizado'),(195,1,NULL,3,'produto','169','PETRA LONGNECK','disponivel',NULL,NULL,NULL,NULL,'UN',NULL,NULL,NULL,2.87,5.00,NULL,0,1,0.00,0.00,NULL,'',NULL,NULL,NULL,NULL,NULL,NULL,NULL,NULL,NULL,NULL,'2025-06-27 17:26:24','2025-07-24 05:20:51',NULL,0,0,0,NULL,0.00,'2025-07-23 05:10:36',NULL,'sincronizado'),(196,1,NULL,3,'produto','187','PETRA PRETA LONGNECH','disponivel',NULL,NULL,NULL,NULL,'UN',NULL,NULL,NULL,2.50,5.00,NULL,0,1,0.00,0.00,NULL,'',NULL,NULL,NULL,NULL,NULL,NULL,NULL,NULL,NULL,NULL,'2025-06-27 17:26:24','2025-07-24 05:20:51',NULL,0,0,0,NULL,0.00,'2025-07-23 05:10:36',NULL,'sincronizado'),(197,1,NULL,3,'produto','90','SKOL LONGNECK','disponivel',NULL,NULL,NULL,NULL,'UN',NULL,NULL,NULL,0.00,5.00,NULL,0,1,0.00,0.00,NULL,'',NULL,NULL,NULL,NULL,NULL,NULL,NULL,NULL,NULL,NULL,'2025-06-27 17:26:24','2025-07-24 05:20:51',NULL,0,0,0,NULL,0.00,'2025-07-23 05:10:36',NULL,'sincronizado'),(198,1,NULL,3,'produto','410','SPATEN LONGNECK 355ML','disponivel',NULL,NULL,NULL,NULL,'UN',NULL,NULL,NULL,4.37,8.00,NULL,0,1,0.00,0.00,NULL,'',NULL,NULL,NULL,NULL,NULL,NULL,NULL,NULL,NULL,NULL,'2025-06-27 17:26:24','2025-07-24 05:20:51',NULL,0,0,0,NULL,0.00,'2025-07-23 05:10:36',NULL,'sincronizado'),(199,1,NULL,3,'produto','612','STELLA 330ML SEM GLUTEM','disponivel',NULL,NULL,NULL,NULL,'UN',NULL,NULL,NULL,5.05,10.00,NULL,0,1,0.00,0.00,NULL,'',NULL,NULL,NULL,NULL,NULL,NULL,NULL,NULL,NULL,NULL,'2025-06-27 17:26:24','2025-07-24 05:20:51',NULL,0,0,0,NULL,0.00,'2025-07-23 05:10:36',NULL,'sincronizado'),(200,1,NULL,3,'produto','221','STELLA LONGNECK 330 ML','disponivel',NULL,NULL,NULL,NULL,'UN',NULL,NULL,NULL,4.89,10.00,NULL,0,1,0.00,0.00,NULL,'',NULL,NULL,NULL,NULL,NULL,NULL,NULL,NULL,NULL,NULL,'2025-06-27 17:26:24','2025-07-24 05:20:51',NULL,0,0,0,NULL,0.00,'2025-07-23 05:10:36',NULL,'sincronizado'),(201,1,NULL,3,'produto','462','ENERGETICO FUSION 1L','disponivel',NULL,NULL,NULL,NULL,'UN',NULL,NULL,NULL,5.60,12.00,NULL,0,1,0.00,0.00,NULL,'',NULL,NULL,NULL,NULL,NULL,NULL,NULL,NULL,NULL,NULL,'2025-06-27 17:26:24','2025-07-24 05:20:51',NULL,0,0,0,NULL,0.00,'2025-07-23 05:10:36',NULL,'sincronizado'),(202,1,NULL,3,'produto','256','ENERGETICO MONST ENERGY LT 473ML','disponivel',NULL,NULL,NULL,NULL,'UN',NULL,NULL,NULL,7.41,15.00,NULL,0,1,0.00,0.00,NULL,'',NULL,NULL,NULL,NULL,NULL,NULL,NULL,NULL,NULL,NULL,'2025-06-27 17:26:24','2025-07-24 05:20:52',NULL,0,0,0,NULL,0.00,'2025-07-23 05:10:36',NULL,'sincronizado'),(203,1,NULL,3,'produto','458','ENERGETICO MONSTER 269ML','disponivel',NULL,NULL,NULL,NULL,'UN',NULL,NULL,NULL,0.00,15.00,NULL,0,1,0.00,0.00,NULL,'',NULL,NULL,NULL,NULL,NULL,NULL,NULL,NULL,NULL,NULL,'2025-06-27 17:26:24','2025-07-24 05:20:52',NULL,0,0,0,NULL,0.00,'2025-07-23 05:10:36',NULL,'sincronizado'),(204,1,NULL,3,'produto','175','ENERGETICO MONSTER 473ML','disponivel',NULL,NULL,NULL,NULL,'UN',NULL,NULL,NULL,4.59,18.00,NULL,0,1,0.00,0.00,NULL,'',NULL,NULL,NULL,NULL,NULL,NULL,NULL,NULL,NULL,NULL,'2025-06-27 17:26:24','2025-07-24 05:20:52',NULL,0,0,0,NULL,0.00,'2025-07-23 05:10:36',NULL,'sincronizado'),(205,1,NULL,3,'produto','354','ENERGETICO RED BULL LATA','disponivel',NULL,NULL,NULL,NULL,'UN',NULL,NULL,NULL,7.02,14.00,NULL,0,1,0.00,0.00,NULL,'',NULL,NULL,NULL,NULL,NULL,NULL,NULL,NULL,NULL,NULL,'2025-06-27 17:26:24','2025-07-24 05:20:52',NULL,0,0,0,NULL,0.00,'2025-07-23 05:10:36',NULL,'sincronizado'),(206,1,NULL,3,'produto','593','ISOTÔNICO 1 L PET','disponivel',NULL,NULL,NULL,NULL,'UN',NULL,NULL,NULL,3.00,6.00,NULL,0,1,0.00,0.00,NULL,'',NULL,NULL,NULL,NULL,NULL,NULL,NULL,NULL,NULL,NULL,'2025-06-27 17:26:24','2025-07-24 05:20:52',NULL,0,0,0,NULL,0.00,'2025-07-23 05:10:36',NULL,'sincronizado'),(207,1,NULL,3,'produto','227','AGUA 1,5','disponivel',NULL,NULL,NULL,NULL,'UN',NULL,NULL,NULL,2.50,6.00,NULL,0,1,0.00,0.00,NULL,'',NULL,NULL,NULL,NULL,NULL,NULL,NULL,NULL,NULL,NULL,'2025-06-27 17:26:24','2025-07-24 05:20:52',NULL,0,0,0,NULL,0.00,'2025-07-23 05:10:36',NULL,'sincronizado'),(208,1,NULL,3,'produto','37','AGUA C/ GAS','disponivel',NULL,NULL,NULL,NULL,'UN',NULL,NULL,NULL,1.50,5.00,NULL,0,1,0.00,0.00,NULL,'',NULL,NULL,NULL,NULL,NULL,NULL,NULL,NULL,NULL,NULL,'2025-06-27 17:26:24','2025-07-24 05:20:53',NULL,0,0,0,NULL,0.00,'2025-07-23 05:10:36',NULL,'sincronizado'),(209,1,NULL,3,'produto','457','AGUA DE COCO 180 ML','disponivel',NULL,NULL,NULL,NULL,'UN',NULL,NULL,NULL,1.90,5.00,NULL,0,1,0.00,0.00,NULL,'',NULL,NULL,NULL,NULL,NULL,NULL,NULL,NULL,NULL,NULL,'2025-06-27 17:26:24','2025-07-24 05:20:53',NULL,0,0,0,NULL,0.00,'2025-07-23 05:10:36',NULL,'sincronizado'),(210,1,NULL,3,'produto','461','AGUA DE COCO 1L','disponivel',NULL,NULL,NULL,NULL,'UN',NULL,NULL,NULL,7.08,13.00,NULL,0,1,0.00,0.00,NULL,'',NULL,NULL,NULL,NULL,NULL,NULL,NULL,NULL,NULL,NULL,'2025-06-27 17:26:24','2025-07-24 05:20:53',NULL,0,0,0,NULL,0.00,'2025-07-23 05:10:36',NULL,'sincronizado'),(211,1,NULL,3,'produto','36','AGUA H2OH 500 ML','disponivel',NULL,NULL,NULL,NULL,'UN',NULL,NULL,NULL,3.89,8.00,NULL,0,1,0.00,0.00,NULL,'',NULL,NULL,NULL,NULL,NULL,NULL,NULL,NULL,NULL,NULL,'2025-06-27 17:26:24','2025-07-24 05:20:53',NULL,0,0,0,NULL,0.00,'2025-07-23 05:10:36',NULL,'sincronizado'),(212,1,NULL,3,'produto','38','AGUA S/ GAS','disponivel',NULL,NULL,NULL,NULL,'UN',NULL,NULL,NULL,1.43,4.00,NULL,0,1,0.00,0.00,NULL,'',NULL,NULL,NULL,NULL,NULL,NULL,NULL,NULL,NULL,NULL,'2025-06-27 17:26:24','2025-07-24 05:20:53',NULL,0,0,0,NULL,0.00,'2025-07-23 05:10:36',NULL,'sincronizado'),(213,1,NULL,3,'produto','644','AGUA SPRITE LEMON 500 ML','disponivel',NULL,NULL,NULL,NULL,'UN',NULL,NULL,NULL,3.89,8.00,NULL,0,1,0.00,0.00,NULL,'',NULL,NULL,NULL,NULL,NULL,NULL,NULL,NULL,NULL,NULL,'2025-06-27 17:26:24','2025-07-24 05:20:53',NULL,0,0,0,NULL,0.00,'2025-07-23 05:10:36',NULL,'sincronizado'),(214,1,NULL,3,'produto','42','AGUA TÔNICA LATA 350 ML','disponivel',NULL,NULL,NULL,NULL,'UN',NULL,NULL,NULL,3.31,6.00,NULL,0,1,0.00,0.00,NULL,'',NULL,NULL,NULL,NULL,NULL,NULL,NULL,NULL,NULL,NULL,'2025-06-27 17:26:24','2025-07-24 05:20:53',NULL,0,0,0,NULL,0.00,'2025-07-23 05:10:36',NULL,'sincronizado'),(215,1,NULL,3,'produto','41','CITRUS LATA','disponivel',NULL,NULL,NULL,NULL,'UN',NULL,NULL,NULL,0.00,4.00,NULL,0,1,0.00,0.00,NULL,'',NULL,NULL,NULL,NULL,NULL,NULL,NULL,NULL,NULL,NULL,'2025-06-27 17:26:24','2025-07-24 05:20:54',NULL,0,0,0,NULL,0.00,'2025-07-23 05:10:36',NULL,'sincronizado'),(216,1,NULL,3,'produto','26','COCA 1 LITRO','disponivel',NULL,NULL,NULL,NULL,'UN',NULL,NULL,NULL,4.47,8.00,NULL,0,1,0.00,0.00,NULL,'',NULL,NULL,NULL,NULL,NULL,NULL,NULL,NULL,NULL,NULL,'2025-06-27 17:26:24','2025-07-24 05:20:54',NULL,0,0,0,NULL,0.00,'2025-07-23 05:10:36',NULL,'sincronizado'),(217,1,NULL,3,'produto','25','COCA 1.5 LITROS','disponivel',NULL,NULL,NULL,NULL,'UN',NULL,NULL,NULL,6.96,12.00,NULL,0,1,0.00,0.00,NULL,'',NULL,NULL,NULL,NULL,NULL,NULL,NULL,NULL,NULL,NULL,'2025-06-27 17:26:24','2025-07-24 05:20:54',NULL,0,0,0,NULL,0.00,'2025-07-23 05:10:36',NULL,'sincronizado'),(218,1,NULL,3,'produto','24','COCA 2 LITROS','disponivel',NULL,NULL,NULL,NULL,'UN',NULL,NULL,NULL,9.97,15.00,NULL,0,1,0.00,0.00,NULL,'',NULL,NULL,NULL,NULL,NULL,NULL,NULL,NULL,NULL,NULL,'2025-06-27 17:26:24','2025-07-24 05:20:54',NULL,0,0,0,NULL,0.00,'2025-07-23 05:10:36',NULL,'sincronizado'),(219,1,NULL,3,'produto','27','COCA 500 ML','disponivel',NULL,NULL,NULL,NULL,'UN',NULL,NULL,NULL,3.97,7.00,NULL,0,1,0.00,0.00,NULL,'',NULL,NULL,NULL,NULL,NULL,NULL,NULL,NULL,NULL,NULL,'2025-06-27 17:26:24','2025-07-24 05:20:54',NULL,0,0,0,NULL,0.00,'2025-07-23 05:10:36',NULL,'sincronizado'),(220,1,NULL,3,'produto','29','COCA KS 290ML','disponivel',NULL,NULL,NULL,NULL,'UN',NULL,NULL,NULL,2.50,5.00,NULL,0,1,0.00,0.00,NULL,'',NULL,NULL,NULL,NULL,NULL,NULL,NULL,NULL,NULL,NULL,'2025-06-27 17:26:24','2025-07-24 05:20:54',NULL,0,0,0,NULL,0.00,'2025-07-23 05:10:36',NULL,'sincronizado'),(221,1,NULL,3,'produto','414','COCA LATA 220ML','disponivel',NULL,NULL,NULL,NULL,'UN',NULL,NULL,NULL,1.86,4.00,NULL,0,1,0.00,0.00,NULL,'',NULL,NULL,NULL,NULL,NULL,NULL,NULL,NULL,NULL,NULL,'2025-06-27 17:26:24','2025-07-24 05:20:54',NULL,0,0,0,NULL,0.00,'2025-07-23 05:10:36',NULL,'sincronizado'),(222,1,NULL,3,'produto','28','COCA LATA 310 ML','disponivel',NULL,NULL,NULL,NULL,'UN',NULL,NULL,NULL,3.17,6.00,NULL,0,1,0.00,0.00,NULL,'',NULL,NULL,NULL,NULL,NULL,NULL,NULL,NULL,NULL,NULL,'2025-06-27 17:26:24','2025-07-24 05:20:55',NULL,0,0,0,NULL,0.00,'2025-07-23 05:10:36',NULL,'sincronizado'),(223,1,NULL,3,'produto','191','COCA LS','disponivel',NULL,NULL,NULL,NULL,'UN',NULL,NULL,NULL,0.00,2.00,NULL,0,1,0.00,0.00,NULL,'',NULL,NULL,NULL,NULL,NULL,NULL,NULL,NULL,NULL,NULL,'2025-06-27 17:26:24','2025-07-24 05:20:55',NULL,0,0,0,NULL,0.00,'2025-07-23 05:10:36',NULL,'sincronizado'),(224,1,NULL,3,'produto','413','COCA ZERO LATA 310ML','disponivel',NULL,NULL,NULL,NULL,'UN',NULL,NULL,NULL,3.16,6.00,NULL,0,1,0.00,0.00,NULL,'',NULL,NULL,NULL,NULL,NULL,NULL,NULL,NULL,NULL,NULL,'2025-06-27 17:26:24','2025-07-24 05:20:55',NULL,0,0,0,NULL,0.00,'2025-07-23 05:10:36',NULL,'sincronizado'),(225,1,NULL,3,'produto','181','DOPAMINA 269ML','disponivel',NULL,NULL,NULL,NULL,'UN',NULL,NULL,NULL,3.50,6.00,NULL,0,1,0.00,0.00,NULL,'',NULL,NULL,NULL,NULL,NULL,NULL,NULL,NULL,NULL,NULL,'2025-06-27 17:26:24','2025-07-24 05:20:55',NULL,0,0,0,NULL,0.00,'2025-07-23 05:10:36',NULL,'sincronizado'),(226,1,NULL,3,'produto','32','FANTA 1 LITRO','disponivel',NULL,NULL,NULL,NULL,'UN',NULL,NULL,NULL,3.18,8.00,NULL,0,1,0.00,0.00,NULL,'',NULL,NULL,NULL,NULL,NULL,NULL,NULL,NULL,NULL,NULL,'2025-06-27 17:26:24','2025-07-24 05:20:55',NULL,0,0,0,NULL,0.00,'2025-07-23 05:10:36',NULL,'sincronizado'),(227,1,NULL,3,'produto','31','FANTA 1.5 LITROS','disponivel',NULL,NULL,NULL,NULL,'UN',NULL,NULL,NULL,6.47,11.00,NULL,0,1,0.00,0.00,NULL,'',NULL,NULL,NULL,NULL,NULL,NULL,NULL,NULL,NULL,NULL,'2025-06-27 17:26:24','2025-07-24 05:20:55',NULL,0,0,0,NULL,0.00,'2025-07-23 05:10:36',NULL,'sincronizado'),(228,1,NULL,3,'produto','30','FANTA 2 LITROS','disponivel',NULL,NULL,NULL,NULL,'UN',NULL,NULL,NULL,8.48,15.00,NULL,0,1,0.00,0.00,NULL,'',NULL,NULL,NULL,NULL,NULL,NULL,NULL,NULL,NULL,NULL,'2025-06-27 17:26:24','2025-07-24 05:20:56',NULL,0,0,0,NULL,0.00,'2025-07-23 05:10:36',NULL,'sincronizado'),(229,1,NULL,3,'produto','556','FANTA 220 ML','disponivel',NULL,NULL,NULL,NULL,'UN',NULL,NULL,NULL,1.50,5.00,NULL,0,1,0.00,0.00,NULL,'',NULL,NULL,NULL,NULL,NULL,NULL,NULL,NULL,NULL,NULL,'2025-06-27 17:26:24','2025-07-24 05:20:56',NULL,0,0,0,NULL,0.00,'2025-07-23 05:10:36',NULL,'sincronizado'),(230,1,NULL,3,'produto','33','FANTA 500 ML','disponivel',NULL,NULL,NULL,NULL,'UN',NULL,NULL,NULL,3.50,7.00,NULL,0,1,0.00,0.00,NULL,'',NULL,NULL,NULL,NULL,NULL,NULL,NULL,NULL,NULL,NULL,'2025-06-27 17:26:24','2025-07-24 05:20:56',NULL,0,0,0,NULL,0.00,'2025-07-23 05:10:36',NULL,'sincronizado'),(231,1,NULL,3,'produto','35','FANTA KS','disponivel',NULL,NULL,NULL,NULL,'UN',NULL,NULL,NULL,2.00,4.00,NULL,0,1,0.00,0.00,NULL,'',NULL,NULL,NULL,NULL,NULL,NULL,NULL,NULL,NULL,NULL,'2025-06-27 17:26:24','2025-07-24 05:20:56',NULL,0,0,0,NULL,0.00,'2025-07-23 05:10:36',NULL,'sincronizado'),(232,1,NULL,3,'produto','34','FANTA LATA 310 ML','disponivel',NULL,NULL,NULL,NULL,'UN',NULL,NULL,NULL,2.83,6.00,NULL,0,1,0.00,0.00,NULL,'',NULL,NULL,NULL,NULL,NULL,NULL,NULL,NULL,NULL,NULL,'2025-06-27 17:26:24','2025-07-24 05:20:56',NULL,0,0,0,NULL,0.00,'2025-07-23 05:10:36',NULL,'sincronizado'),(233,1,NULL,3,'produto','660','FANTA UVA 1,5 LITRO','disponivel',NULL,NULL,NULL,NULL,'UN',NULL,NULL,NULL,2.40,6.00,NULL,0,1,0.00,0.00,NULL,'',NULL,NULL,NULL,NULL,NULL,NULL,NULL,NULL,NULL,NULL,'2025-06-27 17:26:24','2025-07-24 05:20:56',NULL,0,0,0,NULL,0.00,'2025-07-23 05:10:36',NULL,'sincronizado'),(234,1,NULL,3,'produto','661','FANTA UVA 2 LITOS','disponivel',NULL,NULL,NULL,NULL,'UN',NULL,NULL,NULL,2.40,6.00,NULL,0,1,0.00,0.00,NULL,'',NULL,NULL,NULL,NULL,NULL,NULL,NULL,NULL,NULL,NULL,'2025-06-27 17:26:24','2025-07-24 05:20:56',NULL,0,0,0,NULL,0.00,'2025-07-23 05:10:36',NULL,'sincronizado'),(235,1,NULL,3,'produto','600','FANTA UVA LATA 310 ML','disponivel',NULL,NULL,NULL,NULL,'UN',NULL,NULL,NULL,2.40,6.00,NULL,0,1,0.00,0.00,NULL,'',NULL,NULL,NULL,NULL,NULL,NULL,NULL,NULL,NULL,NULL,'2025-06-27 17:26:25','2025-07-24 05:20:57',NULL,0,0,0,NULL,0.00,'2025-07-23 05:10:36',NULL,'sincronizado'),(236,1,NULL,3,'produto','261','GATOREDE 500ML','disponivel',NULL,NULL,NULL,NULL,'UN',NULL,NULL,NULL,4.33,8.00,NULL,0,1,0.00,0.00,NULL,'',NULL,NULL,NULL,NULL,NULL,NULL,NULL,NULL,NULL,NULL,'2025-06-27 17:26:25','2025-07-24 05:20:57',NULL,0,0,0,NULL,0.00,'2025-07-23 05:10:36',NULL,'sincronizado'),(237,1,NULL,3,'produto','656','GELO DE SABOR','disponivel',NULL,NULL,NULL,NULL,'UN',NULL,NULL,NULL,4.00,8.00,NULL,0,1,0.00,0.00,NULL,'',NULL,NULL,NULL,NULL,NULL,NULL,NULL,NULL,NULL,NULL,'2025-06-27 17:26:25','2025-07-24 05:20:57',NULL,0,0,0,NULL,0.00,'2025-07-23 05:10:36',NULL,'sincronizado'),(238,1,NULL,3,'produto','19','GUARANA ANTARCTICA 1.5 L','disponivel',NULL,NULL,NULL,NULL,'UN',NULL,NULL,NULL,4.68,11.00,NULL,0,1,0.00,0.00,NULL,'',NULL,NULL,NULL,NULL,NULL,NULL,NULL,NULL,NULL,NULL,'2025-06-27 17:26:25','2025-07-24 05:20:57',NULL,0,0,0,NULL,0.00,'2025-07-23 05:10:36',NULL,'sincronizado'),(239,1,NULL,3,'produto','20','GUARANA ANTARCTICA 1L VIDRO','disponivel',NULL,NULL,NULL,NULL,'UN',NULL,NULL,NULL,3.13,8.00,NULL,0,1,0.00,0.00,NULL,'',NULL,NULL,NULL,NULL,NULL,NULL,NULL,NULL,NULL,NULL,'2025-06-27 17:26:25','2025-07-24 05:20:57',NULL,0,0,0,NULL,0.00,'2025-07-23 05:10:36',NULL,'sincronizado'),(240,1,NULL,3,'produto','18','GUARANA ANTARCTICA 2 LITROS','disponivel',NULL,NULL,NULL,NULL,'UN',NULL,NULL,NULL,5.85,15.00,NULL,0,1,0.00,0.00,NULL,'',NULL,NULL,NULL,NULL,NULL,NULL,NULL,NULL,NULL,NULL,'2025-06-27 17:26:25','2025-07-24 05:20:57',NULL,0,0,0,NULL,0.00,'2025-07-23 05:10:36',NULL,'sincronizado'),(241,1,NULL,3,'produto','411','GUARANA ANTARCTICA 200ML','disponivel',NULL,NULL,NULL,NULL,'UN',NULL,NULL,NULL,1.00,2.00,NULL,0,1,0.00,0.00,NULL,'',NULL,NULL,NULL,NULL,NULL,NULL,NULL,NULL,NULL,NULL,'2025-06-27 17:26:25','2025-07-24 05:20:58',NULL,0,0,0,NULL,0.00,'2025-07-23 05:10:36',NULL,'sincronizado'),(242,1,NULL,3,'produto','530','GUARANA ANTARCTICA 350M','disponivel',NULL,NULL,NULL,NULL,'UN',NULL,NULL,NULL,1.78,5.00,NULL,0,1,0.00,0.00,NULL,'',NULL,NULL,NULL,NULL,NULL,NULL,NULL,NULL,NULL,NULL,'2025-06-27 17:26:25','2025-07-24 05:20:58',NULL,0,0,0,NULL,0.00,'2025-07-23 05:10:36',NULL,'sincronizado'),(243,1,NULL,3,'produto','507','GUARANA ANTARCTICA 350ML ZERO','disponivel',NULL,NULL,NULL,NULL,'UN',NULL,NULL,NULL,1.78,5.00,NULL,0,1,0.00,0.00,NULL,'',NULL,NULL,NULL,NULL,NULL,NULL,NULL,NULL,NULL,NULL,'2025-06-27 17:26:25','2025-07-24 05:20:58',NULL,0,0,0,NULL,0.00,'2025-07-23 05:10:36',NULL,'sincronizado'),(244,1,NULL,3,'produto','54','GUARANA ANTARCTICA 600 ML','disponivel',NULL,NULL,NULL,NULL,'UN',NULL,NULL,NULL,3.04,6.00,NULL,0,1,0.00,0.00,NULL,'',NULL,NULL,NULL,NULL,NULL,NULL,NULL,NULL,NULL,NULL,'2025-06-27 17:26:25','2025-07-24 05:20:58',NULL,0,0,0,NULL,0.00,'2025-07-23 05:10:36',NULL,'sincronizado'),(245,1,NULL,3,'produto','23','GUARANA ANTARCTICA KS 290 ML','disponivel',NULL,NULL,NULL,NULL,'UN',NULL,NULL,NULL,2.11,4.00,NULL,0,1,0.00,0.00,NULL,'',NULL,NULL,NULL,NULL,NULL,NULL,NULL,NULL,NULL,NULL,'2025-06-27 17:26:25','2025-07-24 05:20:58',NULL,0,0,0,NULL,0.00,'2025-07-23 05:10:36',NULL,'sincronizado'),(246,1,NULL,3,'produto','22','GUARANA ANTARCTICA LATA 269 ML','disponivel',NULL,NULL,NULL,NULL,'UN',NULL,NULL,NULL,1.78,4.00,NULL,0,1,0.00,0.00,NULL,'',NULL,NULL,NULL,NULL,NULL,NULL,NULL,NULL,NULL,NULL,'2025-06-27 17:26:25','2025-07-24 05:20:58',NULL,0,0,0,NULL,0.00,'2025-07-23 05:10:36',NULL,'sincronizado'),(247,1,NULL,3,'produto','83','GUARANA ANTARTICA 1L PET','disponivel',NULL,NULL,NULL,NULL,'UN',NULL,NULL,NULL,3.55,8.00,NULL,0,1,0.00,0.00,NULL,'',NULL,NULL,NULL,NULL,NULL,NULL,NULL,NULL,NULL,NULL,'2025-06-27 17:26:25','2025-07-24 05:20:58',NULL,0,0,0,NULL,0.00,'2025-07-23 05:10:36',NULL,'sincronizado'),(248,1,NULL,3,'produto','567','GUARANA ANTARTICA 2 L ZERO','disponivel',NULL,NULL,NULL,NULL,'UN',NULL,NULL,NULL,9.00,15.00,NULL,0,1,0.00,0.00,NULL,'',NULL,NULL,NULL,NULL,NULL,NULL,NULL,NULL,NULL,NULL,'2025-06-27 17:26:25','2025-07-24 05:20:59',NULL,0,0,0,NULL,0.00,'2025-07-23 05:10:36',NULL,'sincronizado'),(249,1,NULL,3,'produto','300','KITUBAINA 1,5L','disponivel',NULL,NULL,NULL,NULL,'UN',NULL,NULL,NULL,0.00,7.00,NULL,0,1,0.00,0.00,NULL,'',NULL,NULL,NULL,NULL,NULL,NULL,NULL,NULL,NULL,NULL,'2025-06-27 17:26:25','2025-07-24 05:20:59',NULL,0,0,0,NULL,0.00,'2025-07-23 05:10:36',NULL,'sincronizado'),(250,1,NULL,3,'produto','299','KITUBAINA 2 L','disponivel',NULL,NULL,NULL,NULL,'UN',NULL,NULL,NULL,0.00,8.00,NULL,0,1,0.00,0.00,NULL,'',NULL,NULL,NULL,NULL,NULL,NULL,NULL,NULL,NULL,NULL,'2025-06-27 17:26:25','2025-07-24 05:20:59',NULL,0,0,0,NULL,0.00,'2025-07-23 05:10:36',NULL,'sincronizado'),(251,1,NULL,3,'produto','301','KITUBAINA 600ML','disponivel',NULL,NULL,NULL,NULL,'UN',NULL,NULL,NULL,0.00,5.00,NULL,0,1,0.00,0.00,NULL,'',NULL,NULL,NULL,NULL,NULL,NULL,NULL,NULL,NULL,NULL,'2025-06-27 17:26:25','2025-07-24 05:20:59',NULL,0,0,0,NULL,0.00,'2025-07-23 05:10:36',NULL,'sincronizado'),(252,1,NULL,3,'produto','618','KUAT 2 LITROS','disponivel',NULL,NULL,NULL,NULL,'UN',NULL,NULL,NULL,7.47,14.00,NULL,0,1,0.00,0.00,NULL,'',NULL,NULL,NULL,NULL,NULL,NULL,NULL,NULL,NULL,NULL,'2025-06-27 17:26:25','2025-07-24 05:20:59',NULL,0,0,0,NULL,0.00,'2025-07-23 05:10:36',NULL,'sincronizado'),(253,1,NULL,3,'produto','599','KUAT GUARANA LATA 310 ML','disponivel',NULL,NULL,NULL,NULL,'UN',NULL,NULL,NULL,2.58,4.00,NULL,0,1,0.00,0.00,NULL,'',NULL,NULL,NULL,NULL,NULL,NULL,NULL,NULL,NULL,NULL,'2025-06-27 17:26:25','2025-07-24 05:20:59',NULL,0,0,0,NULL,0.00,'2025-07-23 05:10:36',NULL,'sincronizado'),(254,1,NULL,3,'produto','595','KUAT KS 290 ML','disponivel',NULL,NULL,NULL,NULL,'UN',NULL,NULL,NULL,2.00,4.00,NULL,0,1,0.00,0.00,NULL,'',NULL,NULL,NULL,NULL,NULL,NULL,NULL,NULL,NULL,NULL,'2025-06-27 17:26:25','2025-07-24 05:21:00',NULL,0,0,0,NULL,0.00,'2025-07-23 05:10:36',NULL,'sincronizado'),(255,1,NULL,3,'produto','596','SCHWEPPES CITRUS LATA 310 ML','disponivel',NULL,NULL,NULL,NULL,'UN',NULL,NULL,NULL,3.00,6.00,NULL,0,1,0.00,0.00,NULL,'',NULL,NULL,NULL,NULL,NULL,NULL,NULL,NULL,NULL,NULL,'2025-06-27 17:26:25','2025-07-24 05:21:00',NULL,0,0,0,NULL,0.00,'2025-07-23 05:10:36',NULL,'sincronizado'),(256,1,NULL,3,'produto','597','SCHWEPPES TONICA LATA 310 ML','disponivel',NULL,NULL,NULL,NULL,'UN',NULL,NULL,NULL,2.70,5.00,NULL,0,1,0.00,0.00,NULL,'',NULL,NULL,NULL,NULL,NULL,NULL,NULL,NULL,NULL,NULL,'2025-06-27 17:26:25','2025-07-24 05:21:00',NULL,0,0,0,NULL,0.00,'2025-07-23 05:10:36','78f4067c2c0d5735ec5ad60fa411c4d1','sincronizado'),(257,1,NULL,3,'produto','546','SODA ANTARCTICA 350ML','disponivel',NULL,NULL,NULL,NULL,'UN',NULL,NULL,NULL,0.00,5.00,NULL,0,1,0.00,0.00,NULL,'',NULL,NULL,NULL,NULL,NULL,NULL,NULL,NULL,NULL,NULL,'2025-06-27 17:26:25','2025-07-24 05:21:00',NULL,0,0,0,NULL,0.00,'2025-07-23 05:10:36',NULL,'sincronizado'),(258,1,NULL,3,'produto','669','SPRITE 510ML','disponivel',NULL,NULL,NULL,NULL,'UN',NULL,NULL,NULL,3.89,8.00,NULL,0,1,0.00,0.00,NULL,'',NULL,NULL,NULL,NULL,NULL,NULL,NULL,NULL,NULL,NULL,'2025-06-27 17:26:25','2025-07-24 05:21:00',NULL,0,0,0,NULL,0.00,'2025-07-23 05:10:36',NULL,'sincronizado'),(259,1,NULL,3,'produto','594','SPRITE KS 290 ML','disponivel',NULL,NULL,NULL,NULL,'UN',NULL,NULL,NULL,2.00,5.00,NULL,0,1,0.00,0.00,NULL,'',NULL,NULL,NULL,NULL,NULL,NULL,NULL,NULL,NULL,NULL,'2025-06-27 17:26:25','2025-07-24 05:21:00',NULL,0,0,0,NULL,0.00,'2025-07-23 05:10:36',NULL,'sincronizado'),(260,1,NULL,3,'produto','659','SPRITE LATA 220ML','disponivel',NULL,NULL,NULL,NULL,'UN',NULL,NULL,NULL,2.00,4.00,NULL,0,1,0.00,0.00,NULL,'',NULL,NULL,NULL,NULL,NULL,NULL,NULL,NULL,NULL,NULL,'2025-06-27 17:26:25','2025-07-24 05:21:00',NULL,0,0,0,NULL,0.00,'2025-07-23 05:10:36',NULL,'sincronizado'),(261,1,NULL,3,'produto','598','SPRITE LATA 310 ML','disponivel',NULL,NULL,NULL,NULL,'UN',NULL,NULL,NULL,2.70,6.00,NULL,0,1,0.00,0.00,NULL,'',NULL,NULL,NULL,NULL,NULL,NULL,NULL,NULL,NULL,NULL,'2025-06-27 17:26:25','2025-07-24 05:21:01',NULL,0,0,0,NULL,0.00,'2025-07-23 05:10:36',NULL,'sincronizado'),(262,1,NULL,3,'produto','296','SUKITA 1,5 L','disponivel',NULL,NULL,NULL,NULL,'UN',NULL,NULL,NULL,3.20,7.00,NULL,0,1,0.00,0.00,NULL,'',NULL,NULL,NULL,NULL,NULL,NULL,NULL,NULL,NULL,NULL,'2025-06-27 17:26:25','2025-07-24 05:21:01',NULL,0,0,0,NULL,0.00,'2025-07-23 05:10:36',NULL,'sincronizado'),(263,1,NULL,3,'produto','295','SUKITA 1L PET','disponivel',NULL,NULL,NULL,NULL,'UN',NULL,NULL,NULL,2.88,6.00,NULL,0,1,0.00,0.00,NULL,'',NULL,NULL,NULL,NULL,NULL,NULL,NULL,NULL,NULL,NULL,'2025-06-27 17:26:25','2025-07-24 05:21:01',NULL,0,0,0,NULL,0.00,'2025-07-23 05:10:36',NULL,'sincronizado'),(264,1,NULL,3,'produto','412','SUKITA 200 ML','disponivel',NULL,NULL,NULL,NULL,'UN',NULL,NULL,NULL,1.00,2.00,NULL,0,1,0.00,0.00,NULL,'',NULL,NULL,NULL,NULL,NULL,NULL,NULL,NULL,NULL,NULL,'2025-06-27 17:26:25','2025-07-24 05:21:01',NULL,0,0,0,NULL,0.00,'2025-07-23 05:10:36',NULL,'sincronizado'),(265,1,NULL,3,'produto','294','SUKITA 2L','disponivel',NULL,NULL,NULL,NULL,'UN',NULL,NULL,NULL,4.87,8.00,NULL,0,1,0.00,0.00,NULL,'',NULL,NULL,NULL,NULL,NULL,NULL,NULL,NULL,NULL,NULL,'2025-06-27 17:26:25','2025-07-24 05:21:01',NULL,0,0,0,NULL,0.00,'2025-07-23 05:10:36',NULL,'sincronizado'),(266,1,NULL,3,'produto','297','SUKITA LATA 350ML','disponivel',NULL,NULL,NULL,NULL,'UN',NULL,NULL,NULL,2.28,5.00,NULL,0,1,0.00,0.00,NULL,'',NULL,NULL,NULL,NULL,NULL,NULL,NULL,NULL,NULL,NULL,'2025-06-27 17:26:25','2025-07-24 05:21:01',NULL,0,0,0,NULL,0.00,'2025-07-23 05:10:36',NULL,'sincronizado'),(267,1,NULL,3,'produto','666','TORRE DE COCA 2,5 LITRO','disponivel',NULL,NULL,NULL,NULL,'UN',NULL,NULL,NULL,0.00,25.00,NULL,0,1,0.00,0.00,NULL,'',NULL,NULL,NULL,NULL,NULL,NULL,NULL,NULL,NULL,NULL,'2025-06-27 17:26:25','2025-07-24 05:21:02',NULL,0,0,0,NULL,0.00,'2025-07-23 05:10:36',NULL,'sincronizado'),(268,1,NULL,3,'produto','561','AGUA TESTE CONSUMER','disponivel',NULL,NULL,NULL,NULL,'UN',NULL,NULL,NULL,0.01,0.01,NULL,0,1,0.00,0.00,NULL,'',NULL,NULL,NULL,NULL,NULL,NULL,NULL,NULL,NULL,NULL,'2025-06-27 17:26:25','2025-07-24 05:21:02',NULL,0,0,0,NULL,0.00,'2025-07-23 05:10:36',NULL,'sincronizado'),(269,1,NULL,3,'produto','536','KAPO 200ML','disponivel',NULL,NULL,NULL,NULL,'UN',NULL,NULL,NULL,2.57,4.00,NULL,0,1,0.00,0.00,NULL,'',NULL,NULL,NULL,NULL,NULL,NULL,NULL,NULL,NULL,NULL,'2025-06-27 17:26:25','2025-07-24 05:21:02',NULL,0,0,0,NULL,0.00,'2025-07-23 05:10:36',NULL,'sincronizado'),(270,1,NULL,3,'produto','538','LEAO ICE TEA 300ML','disponivel',NULL,NULL,NULL,NULL,'UN',NULL,NULL,NULL,2.11,4.00,NULL,0,1,0.00,0.00,NULL,'',NULL,NULL,NULL,NULL,NULL,NULL,NULL,NULL,NULL,NULL,'2025-06-27 17:26:25','2025-07-24 05:21:02',NULL,0,0,0,NULL,0.00,'2025-07-23 05:10:36',NULL,'sincronizado'),(271,1,NULL,3,'produto','569','MARACUJA','disponivel',NULL,NULL,NULL,NULL,'UN',NULL,NULL,NULL,1.00,2.00,NULL,0,1,0.00,0.00,NULL,'',NULL,NULL,NULL,NULL,NULL,NULL,NULL,NULL,NULL,NULL,'2025-06-27 17:26:25','2025-07-24 05:21:02',NULL,0,0,0,NULL,0.00,'2025-07-23 05:10:36',NULL,'sincronizado'),(272,1,NULL,3,'produto','92','SUCO ABACAXI 700ML','disponivel',NULL,NULL,NULL,NULL,'UN',NULL,NULL,NULL,6.00,12.00,NULL,0,1,0.00,0.00,NULL,'',NULL,NULL,NULL,NULL,NULL,NULL,NULL,NULL,NULL,NULL,'2025-06-27 17:26:25','2025-07-24 05:21:02',NULL,0,0,0,NULL,0.00,'2025-07-23 05:10:36',NULL,'sincronizado'),(273,1,NULL,3,'produto','565','SUCO ABACAXI C HORTELA 1,5 L','disponivel',NULL,NULL,NULL,NULL,'UN',NULL,NULL,NULL,9.00,20.00,NULL,0,1,0.00,0.00,NULL,'',NULL,NULL,NULL,NULL,NULL,NULL,NULL,NULL,NULL,NULL,'2025-06-27 17:26:25','2025-07-24 05:21:02',NULL,0,0,0,NULL,0.00,'2025-07-23 05:10:36',NULL,'sincronizado'),(274,1,NULL,3,'produto','98','SUCO ABACAXI C/ HORTELÃ 700ML','disponivel',NULL,NULL,NULL,NULL,'UN',NULL,NULL,NULL,6.00,12.00,NULL,0,1,0.00,0.00,NULL,'',NULL,NULL,NULL,NULL,NULL,NULL,NULL,NULL,NULL,NULL,'2025-06-27 17:26:25','2025-07-24 05:21:03',NULL,0,0,0,NULL,0.00,'2025-07-23 05:10:36',NULL,'sincronizado'),(275,1,NULL,3,'produto','445','SUCO ACEROLA  1,5 L','disponivel',NULL,NULL,NULL,NULL,'UN',NULL,NULL,NULL,0.00,20.00,NULL,0,1,0.00,0.00,NULL,'',NULL,NULL,NULL,NULL,NULL,NULL,NULL,NULL,NULL,NULL,'2025-06-27 17:26:25','2025-07-24 05:21:03',NULL,0,0,0,NULL,0.00,'2025-07-23 05:10:36',NULL,'sincronizado'),(276,1,NULL,3,'produto','91','SUCO ACEROLA 700ML','disponivel',NULL,NULL,NULL,NULL,'UN',NULL,NULL,NULL,0.00,12.00,NULL,0,1,0.00,0.00,NULL,'',NULL,NULL,NULL,NULL,NULL,NULL,NULL,NULL,NULL,NULL,'2025-06-27 17:26:25','2025-07-24 05:21:03',NULL,0,0,0,NULL,0.00,'2025-07-23 05:10:36',NULL,'sincronizado'),(277,1,NULL,3,'produto','350','SUCO DA FRUTA 1L','disponivel',NULL,NULL,NULL,NULL,'UN',NULL,NULL,NULL,2.79,8.00,NULL,0,1,0.00,0.00,NULL,'',NULL,NULL,NULL,NULL,NULL,NULL,NULL,NULL,NULL,NULL,'2025-06-27 17:26:25','2025-07-24 05:21:03',NULL,0,0,0,NULL,0.00,'2025-07-23 05:10:36',NULL,'sincronizado'),(278,1,NULL,3,'produto','58','SUCO DE COPO 400ML','disponivel',NULL,NULL,NULL,NULL,'UN',NULL,NULL,NULL,3.50,6.00,NULL,0,1,0.00,0.00,NULL,'',NULL,NULL,NULL,NULL,NULL,NULL,NULL,NULL,NULL,NULL,'2025-06-27 17:26:25','2025-07-24 05:21:03',NULL,0,0,0,NULL,0.00,'2025-07-23 05:10:36',NULL,'sincronizado'),(279,1,NULL,3,'produto','226','SUCO DEL VALE 1 L','disponivel',NULL,NULL,NULL,NULL,'UN',NULL,NULL,NULL,0.00,8.00,NULL,0,1,0.00,0.00,NULL,'',NULL,NULL,NULL,NULL,NULL,NULL,NULL,NULL,NULL,NULL,'2025-06-27 17:26:25','2025-07-24 05:21:03',NULL,0,0,0,NULL,0.00,'2025-07-23 05:10:36',NULL,'sincronizado'),(280,1,NULL,3,'produto','547','SUCO DEL VALE 1 LT','disponivel',NULL,NULL,NULL,NULL,'UN',NULL,NULL,NULL,3.90,8.00,NULL,0,1,0.00,0.00,NULL,'',NULL,NULL,NULL,NULL,NULL,NULL,NULL,NULL,NULL,NULL,'2025-06-27 17:26:25','2025-07-24 05:21:04',NULL,0,0,0,NULL,0.00,'2025-07-23 05:10:36',NULL,'sincronizado'),(281,1,NULL,3,'produto','44','SUCO DEL VALE LATA','disponivel',NULL,NULL,NULL,NULL,'UN',NULL,NULL,NULL,0.00,8.00,NULL,0,1,0.00,0.00,NULL,'',NULL,NULL,NULL,NULL,NULL,NULL,NULL,NULL,NULL,NULL,'2025-06-27 17:26:25','2025-07-24 05:21:04',NULL,0,0,0,NULL,0.00,'2025-07-23 05:10:36',NULL,'sincronizado'),(282,1,NULL,3,'produto','537','SUCO DEL VALLE LATA 290ML','disponivel',NULL,NULL,NULL,NULL,'UN',NULL,NULL,NULL,4.00,8.00,NULL,0,1,0.00,0.00,NULL,'',NULL,NULL,NULL,NULL,NULL,NULL,NULL,NULL,NULL,NULL,'2025-06-27 17:26:25','2025-07-24 05:21:04',NULL,0,0,0,NULL,0.00,'2025-07-23 05:10:36',NULL,'sincronizado'),(283,1,NULL,3,'produto','444','SUCO GRANDE 1,5 MARACUJA','disponivel',NULL,NULL,NULL,NULL,'UN',NULL,NULL,NULL,10.00,24.00,NULL,0,1,0.00,0.00,NULL,'',NULL,NULL,NULL,NULL,NULL,NULL,NULL,NULL,NULL,NULL,'2025-06-27 17:26:25','2025-07-24 05:21:04',NULL,0,0,0,NULL,0.00,'2025-07-23 05:10:36',NULL,'sincronizado'),(284,1,NULL,3,'produto','532','SUCO GRANDE DE LARANJA 1,5 L','disponivel',NULL,NULL,NULL,NULL,'UN',NULL,NULL,NULL,15.00,32.00,NULL,0,1,0.00,0.00,NULL,'',NULL,NULL,NULL,NULL,NULL,NULL,NULL,NULL,NULL,NULL,'2025-06-27 17:26:25','2025-07-24 05:21:04',NULL,0,0,0,NULL,0.00,'2025-07-23 05:10:36',NULL,'sincronizado'),(285,1,NULL,3,'produto','43','SUCO LARANJA JARRA','disponivel',NULL,NULL,NULL,NULL,'UN',NULL,NULL,NULL,0.00,12.00,NULL,0,1,0.00,0.00,NULL,'',NULL,NULL,NULL,NULL,NULL,NULL,NULL,NULL,NULL,NULL,'2025-06-27 17:26:25','2025-07-24 05:21:04',NULL,0,0,0,NULL,0.00,'2025-07-23 05:10:36',NULL,'sincronizado'),(286,1,NULL,3,'produto','351','SUCO MAGUARY 200ML','disponivel',NULL,NULL,NULL,NULL,'UN',NULL,NULL,NULL,1.46,3.00,NULL,0,1,0.00,0.00,NULL,'',NULL,NULL,NULL,NULL,NULL,NULL,NULL,NULL,NULL,NULL,'2025-06-27 17:26:25','2025-07-24 05:21:04',NULL,0,0,0,NULL,0.00,'2025-07-23 05:10:36',NULL,'sincronizado'),(287,1,NULL,3,'produto','96','SUCO MARACUJÁ 700ML','disponivel',NULL,NULL,NULL,NULL,'UN',NULL,NULL,NULL,6.00,16.00,NULL,0,1,0.00,0.00,NULL,'',NULL,NULL,NULL,NULL,NULL,NULL,NULL,NULL,NULL,NULL,'2025-06-27 17:26:25','2025-07-24 05:21:05',NULL,0,0,0,NULL,0.00,'2025-07-23 05:10:36',NULL,'sincronizado'),(288,1,NULL,3,'produto','420','SUCO NATURAL ONE UVA 1,5L','disponivel',NULL,NULL,NULL,NULL,'UN',NULL,NULL,NULL,12.29,20.00,NULL,0,1,0.00,0.00,NULL,'',NULL,NULL,NULL,NULL,NULL,NULL,NULL,NULL,NULL,NULL,'2025-06-27 17:26:25','2025-07-24 05:21:05',NULL,0,0,0,NULL,0.00,'2025-07-23 05:10:36',NULL,'sincronizado'),(289,1,NULL,3,'produto','421','SUCO NATURAL ONE UVA 300ML','disponivel',NULL,NULL,NULL,NULL,'UN',NULL,NULL,NULL,4.85,8.00,NULL,0,1,0.00,0.00,NULL,'',NULL,NULL,NULL,NULL,NULL,NULL,NULL,NULL,NULL,NULL,'2025-06-27 17:26:25','2025-07-24 05:21:05',NULL,0,0,0,NULL,0.00,'2025-07-23 05:10:36',NULL,'sincronizado'),(290,1,NULL,3,'produto','214','SUCO PRATIS LARANJA  700 ML','disponivel',NULL,NULL,NULL,NULL,'UN',NULL,NULL,NULL,3.80,16.00,NULL,0,1,0.00,0.00,NULL,'',NULL,NULL,NULL,NULL,NULL,NULL,NULL,NULL,NULL,NULL,'2025-06-27 17:26:25','2025-07-24 05:21:05',NULL,0,0,0,NULL,0.00,'2025-07-23 05:10:36',NULL,'sincronizado'),(291,1,NULL,3,'produto','589','SUCO PRATS UVA 900 ML','disponivel',NULL,NULL,NULL,NULL,'UN',NULL,NULL,NULL,16.80,25.00,NULL,0,1,0.00,0.00,NULL,'',NULL,NULL,NULL,NULL,NULL,NULL,NULL,NULL,NULL,NULL,'2025-06-27 17:26:25','2025-07-24 05:21:05',NULL,0,0,0,NULL,0.00,'2025-07-23 05:10:36',NULL,'sincronizado'),(292,1,NULL,3,'produto','533','SUCO UVA CAMPO LARGO 1,35L','disponivel',NULL,NULL,NULL,NULL,'UN',NULL,NULL,NULL,0.00,20.00,NULL,0,1,0.00,0.00,NULL,'',NULL,NULL,NULL,NULL,NULL,NULL,NULL,NULL,NULL,NULL,'2025-06-27 17:26:25','2025-07-24 05:21:05',NULL,0,0,0,NULL,0.00,'2025-07-23 05:10:36',NULL,'sincronizado'),(293,1,NULL,3,'produto','544','SUCO UVA CAMPO LARGO 900ML','disponivel',NULL,NULL,NULL,NULL,'UN',NULL,NULL,NULL,0.00,15.00,NULL,0,1,0.00,0.00,NULL,'',NULL,NULL,NULL,NULL,NULL,NULL,NULL,NULL,NULL,NULL,'2025-06-27 17:26:25','2025-07-24 05:21:06',NULL,0,0,0,NULL,0.00,'2025-07-23 05:10:36',NULL,'sincronizado'),(294,1,NULL,3,'produto','441','AÇAI COM GUARANÁ 500ML','disponivel','','',NULL,NULL,'UN',NULL,NULL,0,14.50,25.00,0.00,0,1,0.00,0.00,0.00,'',NULL,'',NULL,NULL,NULL,NULL,NULL,NULL,NULL,NULL,'2025-06-27 17:26:25','2025-07-24 05:21:06',NULL,0,0,0,NULL,0.00,'2025-07-23 05:10:36',NULL,'sincronizado'),(295,1,NULL,3,'produto','215','CASCAO','disponivel',NULL,NULL,NULL,NULL,'UN',NULL,NULL,NULL,2.50,6.00,NULL,0,1,0.00,0.00,NULL,'',NULL,NULL,NULL,NULL,NULL,NULL,NULL,NULL,NULL,NULL,'2025-06-27 17:26:25','2025-07-24 05:21:06',NULL,0,0,0,NULL,0.00,'2025-07-23 05:10:36',NULL,'sincronizado'),(296,1,NULL,3,'produto','216','CASQUINHA','disponivel',NULL,NULL,NULL,NULL,'UN',NULL,NULL,NULL,1.50,3.00,NULL,0,1,0.00,0.00,NULL,'',NULL,NULL,NULL,NULL,NULL,NULL,NULL,NULL,NULL,NULL,'2025-06-27 17:26:25','2025-07-24 05:21:06',NULL,0,0,0,NULL,0.00,'2025-07-23 05:10:36',NULL,'sincronizado'),(297,1,NULL,3,'produto','307','CREMOZINHO','disponivel',NULL,NULL,NULL,NULL,'UN',NULL,NULL,NULL,1.25,2.00,NULL,0,1,0.00,0.00,NULL,'',NULL,NULL,NULL,NULL,NULL,NULL,NULL,NULL,NULL,NULL,'2025-06-27 17:26:25','2025-07-24 05:21:06',NULL,0,0,0,NULL,0.00,'2025-07-23 05:10:36',NULL,'sincronizado'),(298,1,NULL,3,'produto','667','GEBON  KONNE DOIS AMORES','disponivel',NULL,NULL,NULL,NULL,'UN',NULL,NULL,NULL,6.50,15.00,NULL,0,1,0.00,0.00,NULL,'',NULL,NULL,NULL,NULL,NULL,NULL,NULL,NULL,NULL,NULL,'2025-06-27 17:26:25','2025-07-24 05:21:06',NULL,0,0,0,NULL,0.00,'2025-07-23 05:10:36',NULL,'sincronizado'),(299,1,NULL,3,'produto','363','GEBON ACAI GRANOLA POTE 220G','disponivel',NULL,NULL,NULL,NULL,'UN',NULL,NULL,NULL,8.10,12.00,NULL,0,1,0.00,0.00,NULL,'',NULL,NULL,NULL,NULL,NULL,NULL,NULL,NULL,NULL,NULL,'2025-06-27 17:26:25','2025-07-24 05:21:06',NULL,0,0,0,NULL,0.00,'2025-07-23 05:10:36',NULL,'sincronizado'),(300,1,NULL,3,'produto','207','GEBON AÇAI LEITE NINHO POTE 220G','disponivel',NULL,NULL,NULL,NULL,'UN',NULL,NULL,NULL,8.10,15.00,NULL,0,1,0.00,0.00,NULL,'',NULL,NULL,NULL,NULL,NULL,NULL,NULL,NULL,NULL,NULL,'2025-06-27 17:26:25','2025-07-24 05:21:07',NULL,0,0,0,NULL,0.00,'2025-07-23 05:10:36',NULL,'sincronizado'),(301,1,NULL,3,'produto','253','GEBON AÇAI ZERO 220G','disponivel',NULL,NULL,NULL,NULL,'UN',NULL,NULL,NULL,9.20,16.00,NULL,0,1,0.00,0.00,NULL,'',NULL,NULL,NULL,NULL,NULL,NULL,NULL,NULL,NULL,NULL,'2025-06-27 17:26:25','2025-07-24 05:21:07',NULL,0,0,0,NULL,0.00,'2025-07-23 05:10:36',NULL,'sincronizado'),(302,1,NULL,3,'produto','206','GEBON BUU UNICORNIO','disponivel',NULL,NULL,NULL,NULL,'UN',NULL,NULL,NULL,3.64,6.00,NULL,0,1,0.00,0.00,NULL,'',NULL,NULL,NULL,NULL,NULL,NULL,NULL,NULL,NULL,NULL,'2025-06-27 17:26:25','2025-07-24 05:21:07',NULL,0,0,0,NULL,0.00,'2025-07-23 05:10:36',NULL,'sincronizado'),(303,1,NULL,3,'produto','208','GEBON BUUU CHICLETE C/  BANANA','disponivel',NULL,NULL,NULL,NULL,'UN',NULL,NULL,NULL,4.35,8.00,NULL,0,1,0.00,0.00,NULL,'',NULL,NULL,NULL,NULL,NULL,NULL,NULL,NULL,NULL,NULL,'2025-06-27 17:26:25','2025-07-24 05:21:07',NULL,0,0,0,NULL,0.00,'2025-07-23 05:10:36',NULL,'sincronizado'),(304,1,NULL,3,'produto','209','GEBON BUUU LAPIS CHOCO','disponivel',NULL,NULL,NULL,NULL,'UN',NULL,NULL,NULL,2.10,4.00,NULL,0,1,0.00,0.00,NULL,'',NULL,NULL,NULL,NULL,NULL,NULL,NULL,NULL,NULL,NULL,'2025-06-27 17:26:25','2025-07-24 05:21:07',NULL,0,0,0,NULL,0.00,'2025-07-23 05:10:36',NULL,'sincronizado'),(305,1,NULL,3,'produto','204','GEBON COPOS ESPECIAIS','disponivel',NULL,NULL,NULL,NULL,'UN',NULL,NULL,NULL,3.63,7.00,NULL,0,1,0.00,0.00,NULL,'',NULL,NULL,NULL,NULL,NULL,NULL,NULL,NULL,NULL,NULL,'2025-06-27 17:26:25','2025-07-24 05:21:07',NULL,0,0,0,NULL,0.00,'2025-07-23 05:10:36',NULL,'sincronizado'),(306,1,NULL,3,'produto','205','GEBON HIT MINI PISTACHE 120G','disponivel',NULL,NULL,NULL,NULL,'UN',NULL,NULL,NULL,10.96,18.00,NULL,0,1,0.00,0.00,NULL,'',NULL,NULL,NULL,NULL,NULL,NULL,NULL,NULL,NULL,NULL,'2025-06-27 17:26:25','2025-07-24 05:21:07',NULL,0,0,0,NULL,0.00,'2025-07-23 05:10:36',NULL,'sincronizado'),(307,1,NULL,3,'produto','587','GEBON KONNE TORTA ALEMA','disponivel',NULL,NULL,NULL,NULL,'UN',NULL,NULL,NULL,8.08,15.00,NULL,0,1,0.00,0.00,NULL,'',NULL,NULL,NULL,NULL,NULL,NULL,NULL,NULL,NULL,NULL,'2025-06-27 17:26:25','2025-07-24 05:21:08',NULL,0,0,0,NULL,0.00,'2025-07-23 05:10:36',NULL,'sincronizado'),(308,1,NULL,3,'produto','360','GEBON MORENINHA','disponivel',NULL,NULL,NULL,NULL,'UN',NULL,NULL,NULL,0.00,8.00,NULL,0,1,0.00,0.00,NULL,'',NULL,NULL,NULL,NULL,NULL,NULL,NULL,NULL,NULL,NULL,'2025-06-27 17:26:25','2025-07-24 05:21:08',NULL,0,0,0,NULL,0.00,'2025-07-23 05:10:36',NULL,'sincronizado'),(309,1,NULL,3,'produto','203','GEBON MT MINI BOMBOM SKIMO','disponivel',NULL,NULL,NULL,NULL,'UN',NULL,NULL,NULL,6.62,12.00,NULL,0,1,0.00,0.00,NULL,'',NULL,NULL,NULL,NULL,NULL,NULL,NULL,NULL,NULL,NULL,'2025-06-27 17:26:25','2025-07-24 05:21:08',NULL,0,0,0,NULL,0.00,'2025-07-23 05:10:36',NULL,'sincronizado'),(310,1,NULL,3,'produto','362','GEBON PALETAS LEITININHO TRUFADO','disponivel',NULL,NULL,NULL,NULL,'UN',NULL,NULL,NULL,4.23,8.00,NULL,0,1,0.00,0.00,NULL,'',NULL,NULL,NULL,NULL,NULL,NULL,NULL,NULL,NULL,NULL,'2025-06-27 17:26:25','2025-07-24 05:21:08',NULL,0,0,0,NULL,0.00,'2025-07-23 05:10:36',NULL,'sincronizado'),(311,1,NULL,3,'produto','366','GEBON PICOLE AÇAI ZERO COM LEITINHO','disponivel',NULL,NULL,NULL,NULL,'UN',NULL,NULL,NULL,4.40,8.00,NULL,0,1,0.00,0.00,NULL,'',NULL,NULL,NULL,NULL,NULL,NULL,NULL,NULL,NULL,NULL,'2025-06-27 17:26:25','2025-07-24 05:21:08',NULL,0,0,0,NULL,0.00,'2025-07-23 05:10:36',NULL,'sincronizado'),(312,1,NULL,3,'produto','210','GEBON PICOLE AO LEITE LEITINHO','disponivel',NULL,NULL,NULL,NULL,'UN',NULL,NULL,NULL,2.61,5.00,NULL,0,1,0.00,0.00,NULL,'',NULL,NULL,NULL,NULL,NULL,NULL,NULL,NULL,NULL,NULL,'2025-06-27 17:26:25','2025-07-24 05:21:08',NULL,0,0,0,NULL,0.00,'2025-07-23 05:10:36',NULL,'sincronizado'),(313,1,NULL,3,'produto','586','GEBON PICOLE BOMBOM DE MORANGO','disponivel',NULL,NULL,NULL,NULL,'UN',NULL,NULL,NULL,4.85,10.00,NULL,0,1,0.00,0.00,NULL,'',NULL,NULL,NULL,NULL,NULL,NULL,NULL,NULL,NULL,NULL,'2025-06-27 17:26:25','2025-07-24 05:21:09',NULL,0,0,0,NULL,0.00,'2025-07-23 05:10:36',NULL,'sincronizado'),(314,1,NULL,3,'produto','356','GEBON PICOLE BUU-GIRABON','disponivel',NULL,NULL,NULL,NULL,'UN',NULL,NULL,NULL,1.93,5.00,NULL,0,1,0.00,0.00,NULL,'',NULL,NULL,NULL,NULL,NULL,NULL,NULL,NULL,NULL,NULL,'2025-06-27 17:26:25','2025-07-24 05:21:09',NULL,0,0,0,NULL,0.00,'2025-07-23 05:10:36',NULL,'sincronizado'),(315,1,NULL,3,'produto','541','GEBON PICOLE CAFE COM LEITE','disponivel',NULL,NULL,NULL,NULL,'UN',NULL,NULL,NULL,3.20,7.00,NULL,0,1,0.00,0.00,NULL,'',NULL,NULL,NULL,NULL,NULL,NULL,NULL,NULL,NULL,NULL,'2025-06-27 17:26:25','2025-07-24 05:21:09',NULL,0,0,0,NULL,0.00,'2025-07-23 05:10:36',NULL,'sincronizado'),(316,1,NULL,3,'produto','365','GEBON PICOLE CLASSICOS','disponivel',NULL,NULL,NULL,NULL,'UN',NULL,NULL,NULL,4.00,9.00,NULL,0,1,0.00,0.00,NULL,'',NULL,NULL,NULL,NULL,NULL,NULL,NULL,NULL,NULL,NULL,'2025-06-27 17:26:25','2025-07-24 05:21:09',NULL,0,0,0,NULL,0.00,'2025-07-23 05:10:36',NULL,'sincronizado'),(317,1,NULL,3,'produto','359','GEBON PICOLE ESKIMO','disponivel',NULL,NULL,NULL,NULL,'UN',NULL,NULL,NULL,5.54,10.00,NULL,0,1,0.00,0.00,NULL,'',NULL,NULL,NULL,NULL,NULL,NULL,NULL,NULL,NULL,NULL,'2025-06-27 17:26:25','2025-07-24 05:21:09',NULL,0,0,0,NULL,0.00,'2025-07-23 05:10:36',NULL,'sincronizado'),(318,1,NULL,3,'produto','372','GEBON PICOLE GEFRUTTI','disponivel',NULL,NULL,NULL,NULL,'UN',NULL,NULL,NULL,2.21,5.00,NULL,0,1,0.00,0.00,NULL,'',NULL,NULL,NULL,NULL,NULL,NULL,NULL,NULL,NULL,NULL,'2025-06-27 17:26:25','2025-07-24 05:21:09',NULL,0,0,0,NULL,0.00,'2025-07-23 05:10:36',NULL,'sincronizado'),(319,1,NULL,3,'produto','367','GEBON PICOLE GMAX BRWNIE C/ DOCE DE LEITE','disponivel',NULL,NULL,NULL,NULL,'UN',NULL,NULL,NULL,8.85,15.00,NULL,0,1,0.00,0.00,NULL,'',NULL,NULL,NULL,NULL,NULL,NULL,NULL,NULL,NULL,NULL,'2025-06-27 17:26:25','2025-07-24 05:21:09',NULL,0,0,0,NULL,0.00,'2025-07-23 05:10:36',NULL,'sincronizado'),(320,1,NULL,3,'produto','361','GEBON PICOLE GMAX-COOKIES & CREAM','disponivel',NULL,NULL,NULL,NULL,'UN',NULL,NULL,NULL,8.85,15.00,NULL,0,1,0.00,0.00,NULL,'',NULL,NULL,NULL,NULL,NULL,NULL,NULL,NULL,NULL,NULL,'2025-06-27 17:26:25','2025-07-24 05:21:10',NULL,0,0,0,NULL,0.00,'2025-07-23 05:10:36',NULL,'sincronizado'),(321,1,NULL,3,'produto','357','GEBON PICOLE MAGNATA','disponivel',NULL,NULL,NULL,NULL,'UN',NULL,NULL,NULL,5.15,9.00,NULL,0,1,0.00,0.00,NULL,'',NULL,NULL,NULL,NULL,NULL,NULL,NULL,NULL,NULL,NULL,'2025-06-27 17:26:25','2025-07-24 05:21:10',NULL,0,0,0,NULL,0.00,'2025-07-23 05:10:36',NULL,'sincronizado'),(322,1,NULL,3,'produto','364','GEBON PICOLE MOUSSE','disponivel',NULL,NULL,NULL,NULL,'UN',NULL,NULL,NULL,3.00,6.00,NULL,0,1,0.00,0.00,NULL,'',NULL,NULL,NULL,NULL,NULL,NULL,NULL,NULL,NULL,NULL,'2025-06-27 17:26:25','2025-07-24 05:21:10',NULL,0,0,0,NULL,0.00,'2025-07-23 05:10:36',NULL,'sincronizado'),(323,1,NULL,3,'produto','508','GEBON PICOLE MOUSSE MARACUJA','disponivel',NULL,NULL,NULL,NULL,'UN',NULL,NULL,NULL,5.20,9.00,NULL,0,1,0.00,0.00,NULL,'',NULL,NULL,NULL,NULL,NULL,NULL,NULL,NULL,NULL,NULL,'2025-06-27 17:26:25','2025-07-24 05:21:10',NULL,0,0,0,NULL,0.00,'2025-07-23 05:10:36',NULL,'sincronizado'),(324,1,NULL,3,'produto','358','GEBON PICOLE PRODIGIO','disponivel',NULL,NULL,NULL,NULL,'UN',NULL,NULL,NULL,5.15,9.00,NULL,0,1,0.00,0.00,NULL,'',NULL,NULL,NULL,NULL,NULL,NULL,NULL,NULL,NULL,NULL,'2025-06-27 17:26:25','2025-07-24 05:21:10',NULL,0,0,0,NULL,0.00,'2025-07-23 05:10:36',NULL,'sincronizado'),(325,1,NULL,3,'produto','552','GEBON POTE 1,5L','disponivel',NULL,NULL,NULL,NULL,'UN',NULL,NULL,NULL,15.00,25.00,NULL,0,1,0.00,0.00,NULL,'',NULL,NULL,NULL,NULL,NULL,NULL,NULL,NULL,NULL,NULL,'2025-06-27 17:26:25','2025-07-24 05:21:10',NULL,0,0,0,NULL,0.00,'2025-07-23 05:10:36',NULL,'sincronizado'),(326,1,NULL,3,'produto','553','GEBON POTE 2L','disponivel',NULL,NULL,NULL,NULL,'UN',NULL,NULL,NULL,18.00,30.00,NULL,0,1,0.00,0.00,NULL,'',NULL,NULL,NULL,NULL,NULL,NULL,NULL,NULL,NULL,NULL,'2025-06-27 17:26:25','2025-07-24 05:21:11',NULL,0,0,0,NULL,0.00,'2025-07-23 05:10:36',NULL,'sincronizado'),(327,1,NULL,3,'produto','387','GEBON POTE CREME 1,5','disponivel',NULL,NULL,NULL,NULL,'UN',NULL,NULL,NULL,14.58,25.00,NULL,0,1,0.00,0.00,NULL,'',NULL,NULL,NULL,NULL,NULL,NULL,NULL,NULL,NULL,NULL,'2025-06-27 17:26:25','2025-07-24 05:21:11',NULL,0,0,0,NULL,0.00,'2025-07-23 05:10:36',NULL,'sincronizado'),(328,1,NULL,3,'produto','392','GEBON POTE ESPECIAL CASADINHO 2L','disponivel',NULL,NULL,NULL,NULL,'UN',NULL,NULL,NULL,18.47,30.00,NULL,0,1,0.00,0.00,NULL,'',NULL,NULL,NULL,NULL,NULL,NULL,NULL,NULL,NULL,NULL,'2025-06-27 17:26:25','2025-07-24 05:21:11',NULL,0,0,0,NULL,0.00,'2025-07-23 05:10:36',NULL,'sincronizado'),(329,1,NULL,3,'produto','393','GEBON POTE ESPECIAL CHOCO ICE','disponivel',NULL,NULL,NULL,NULL,'UN',NULL,NULL,NULL,18.47,30.00,NULL,0,1,0.00,0.00,NULL,'',NULL,NULL,NULL,NULL,NULL,NULL,NULL,NULL,NULL,NULL,'2025-06-27 17:26:25','2025-07-24 05:21:11',NULL,0,0,0,NULL,0.00,'2025-07-23 05:10:36',NULL,'sincronizado'),(330,1,NULL,3,'produto','394','GEBON POTE ESPECIAL FAVO DE MEL','disponivel',NULL,NULL,NULL,NULL,'UN',NULL,NULL,NULL,18.47,30.00,NULL,0,1,0.00,0.00,NULL,'',NULL,NULL,NULL,NULL,NULL,NULL,NULL,NULL,NULL,NULL,'2025-06-27 17:26:25','2025-07-24 05:21:11',NULL,0,0,0,NULL,0.00,'2025-07-23 05:10:36',NULL,'sincronizado'),(331,1,NULL,3,'produto','201','GEBON POTE ESPECIAL OLHO DE SOGRA 2L','disponivel',NULL,NULL,NULL,NULL,'UN',NULL,NULL,NULL,18.50,30.00,NULL,0,1,0.00,0.00,NULL,'',NULL,NULL,NULL,NULL,NULL,NULL,NULL,NULL,NULL,NULL,'2025-06-27 17:26:25','2025-07-24 05:21:11',NULL,0,0,0,NULL,0.00,'2025-07-23 05:10:36',NULL,'sincronizado'),(332,1,NULL,3,'produto','202','GEBON POTE ESPECIAL TORTA ALEMÃ 2L','disponivel',NULL,NULL,NULL,NULL,'UN',NULL,NULL,NULL,18.50,30.00,NULL,0,1,0.00,0.00,NULL,'',NULL,NULL,NULL,NULL,NULL,NULL,NULL,NULL,NULL,NULL,'2025-06-27 17:26:25','2025-07-24 05:21:11',NULL,0,0,0,NULL,0.00,'2025-07-23 05:10:36',NULL,'sincronizado'),(333,1,NULL,3,'produto','388','GEBON POTE FLOCOS 1,5','disponivel',NULL,NULL,NULL,NULL,'UN',NULL,NULL,NULL,14.58,25.00,NULL,0,1,0.00,0.00,NULL,'',NULL,NULL,NULL,NULL,NULL,NULL,NULL,NULL,NULL,NULL,'2025-06-27 17:26:25','2025-07-24 05:21:12',NULL,0,0,0,NULL,0.00,'2025-07-23 05:10:36',NULL,'sincronizado'),(334,1,NULL,3,'produto','389','GEBON POTE NAPOLITANO 1,5','disponivel',NULL,NULL,NULL,NULL,'UN',NULL,NULL,NULL,14.58,25.00,NULL,0,1,0.00,0.00,NULL,'',NULL,NULL,NULL,NULL,NULL,NULL,NULL,NULL,NULL,NULL,'2025-06-27 17:26:25','2025-07-24 05:21:12',NULL,0,0,0,NULL,0.00,'2025-07-23 05:10:36',NULL,'sincronizado'),(335,1,NULL,3,'produto','391','GEBON POTE TRIBOM 1,5','disponivel',NULL,NULL,NULL,NULL,'UN',NULL,NULL,NULL,14.58,25.00,NULL,0,1,0.00,0.00,NULL,'',NULL,NULL,NULL,NULL,NULL,NULL,NULL,NULL,NULL,NULL,'2025-06-27 17:26:25','2025-07-24 05:21:12',NULL,0,0,0,NULL,0.00,'2025-07-23 05:10:36',NULL,'sincronizado'),(336,1,NULL,3,'produto','397','GEBON SNACK DONUTS','disponivel',NULL,NULL,NULL,NULL,'UN',NULL,NULL,NULL,8.08,15.00,NULL,0,1,0.00,0.00,NULL,'',NULL,NULL,NULL,NULL,NULL,NULL,NULL,NULL,NULL,NULL,'2025-06-27 17:26:25','2025-07-24 05:21:12',NULL,0,0,0,NULL,0.00,'2025-07-23 05:10:36',NULL,'sincronizado'),(337,1,NULL,3,'produto','211','GEBON SNACKS MORENINHA','disponivel',NULL,NULL,NULL,NULL,'UN',NULL,NULL,NULL,4.23,8.00,NULL,0,1,0.00,0.00,NULL,'',NULL,NULL,NULL,NULL,NULL,NULL,NULL,NULL,NULL,NULL,'2025-06-27 17:26:25','2025-07-24 05:21:12',NULL,0,0,0,NULL,0.00,'2025-07-23 05:10:36',NULL,'sincronizado'),(338,1,NULL,3,'produto','585','PICOLE BRIGADEIRO','disponivel',NULL,NULL,NULL,NULL,'UN',NULL,NULL,NULL,5.54,10.00,NULL,0,1,0.00,0.00,NULL,'',NULL,NULL,NULL,NULL,NULL,NULL,NULL,NULL,NULL,NULL,'2025-06-27 17:26:25','2025-07-24 05:21:12',NULL,0,0,0,NULL,0.00,'2025-07-23 05:10:36',NULL,'sincronizado'),(339,1,NULL,3,'produto','435','SORVETE KG','disponivel',NULL,NULL,NULL,NULL,'KG',NULL,NULL,NULL,17.00,60.00,NULL,0,1,0.00,0.00,NULL,'',NULL,NULL,NULL,NULL,NULL,NULL,NULL,NULL,NULL,NULL,'2025-06-27 17:26:25','2025-07-24 05:21:13',NULL,0,0,0,NULL,0.00,'2025-07-23 05:10:36',NULL,'sincronizado'),(340,1,NULL,3,'produto','542','BATATA ONDULADA PRATIC LEVE 40GR','disponivel',NULL,NULL,NULL,NULL,'UN',NULL,NULL,NULL,2.77,5.00,NULL,0,1,0.00,0.00,NULL,'',NULL,NULL,NULL,NULL,NULL,NULL,NULL,NULL,NULL,NULL,'2025-06-27 17:26:25','2025-07-24 05:21:13',NULL,0,0,0,NULL,0.00,'2025-07-23 05:10:36',NULL,'sincronizado'),(341,1,NULL,3,'produto','346','BIS PEQUENO','disponivel',NULL,NULL,NULL,NULL,'UN',NULL,NULL,NULL,0.25,0.50,NULL,0,1,0.00,0.00,NULL,'',NULL,NULL,NULL,NULL,NULL,NULL,NULL,NULL,NULL,NULL,'2025-06-27 17:26:25','2025-07-24 05:21:13',NULL,0,0,0,NULL,0.00,'2025-07-23 05:10:36',NULL,'sincronizado'),(342,1,NULL,3,'produto','306','BIZ XTRA 45G','disponivel',NULL,NULL,NULL,NULL,'UN',NULL,NULL,NULL,1.85,4.00,NULL,0,1,0.00,0.00,NULL,'',NULL,NULL,NULL,NULL,NULL,NULL,NULL,NULL,NULL,NULL,'2025-06-27 17:26:25','2025-07-24 05:21:13',NULL,0,0,0,NULL,0.00,'2025-07-23 05:10:36',NULL,'sincronizado'),(343,1,NULL,3,'produto','119','BOM BOM SONHO DE VALSA','disponivel',NULL,NULL,NULL,NULL,'UN',NULL,NULL,NULL,0.70,2.00,NULL,0,1,0.00,0.00,NULL,'',NULL,NULL,NULL,NULL,NULL,NULL,NULL,NULL,NULL,NULL,'2025-06-27 17:26:25','2025-07-24 05:21:13',NULL,0,0,0,NULL,0.00,'2025-07-23 05:10:36',NULL,'sincronizado'),(344,1,NULL,3,'produto','328','BUBBALOO','disponivel',NULL,NULL,NULL,NULL,'UN',NULL,NULL,NULL,3.50,7.00,NULL,0,1,0.00,0.00,NULL,'',NULL,NULL,NULL,NULL,NULL,NULL,NULL,NULL,NULL,NULL,'2025-06-27 17:26:25','2025-07-24 05:21:13',NULL,0,0,0,NULL,0.00,'2025-07-23 05:10:36',NULL,'sincronizado'),(345,1,NULL,3,'produto','539','BUBBALOO BALA MIX 15GR','disponivel',NULL,NULL,NULL,NULL,'UN',NULL,NULL,NULL,1.22,3.00,NULL,0,1,0.00,0.00,NULL,'',NULL,NULL,NULL,NULL,NULL,NULL,NULL,NULL,NULL,NULL,'2025-06-27 17:26:25','2025-07-24 05:21:13',NULL,0,0,0,NULL,0.00,'2025-07-23 05:10:36',NULL,'sincronizado'),(346,1,NULL,3,'produto','302','CHOCOLATE BARRA 300G','disponivel',NULL,NULL,NULL,NULL,'UN',NULL,NULL,NULL,0.00,8.00,NULL,0,1,0.00,0.00,NULL,'',NULL,NULL,NULL,NULL,NULL,NULL,NULL,NULL,NULL,NULL,'2025-06-27 17:26:25','2025-07-24 05:21:14',NULL,0,0,0,NULL,0.00,'2025-07-23 05:10:36',NULL,'sincronizado'),(347,1,NULL,3,'produto','309','CHOCOLATE BARRA 80G','disponivel',NULL,NULL,NULL,NULL,'UN',NULL,NULL,NULL,5.98,12.00,NULL,0,1,0.00,0.00,NULL,'',NULL,NULL,NULL,NULL,NULL,NULL,NULL,NULL,NULL,NULL,'2025-06-27 17:26:25','2025-07-24 05:21:14',NULL,0,0,0,NULL,0.00,'2025-07-23 05:10:36',NULL,'sincronizado'),(348,1,NULL,3,'produto','543','CHOCOLATE BARRINHA LACTA 34G','disponivel',NULL,NULL,NULL,NULL,'UN',NULL,NULL,NULL,2.75,5.00,NULL,0,1,0.00,0.00,NULL,'',NULL,NULL,NULL,NULL,NULL,NULL,NULL,NULL,NULL,NULL,'2025-06-27 17:26:25','2025-07-24 05:21:14',NULL,0,0,0,NULL,0.00,'2025-07-23 05:10:36',NULL,'sincronizado'),(349,1,NULL,3,'produto','515','CHOCOLATE BATON 16G','disponivel',NULL,NULL,NULL,NULL,'UN',NULL,NULL,NULL,1.03,2.00,NULL,0,1,0.00,0.00,NULL,'',NULL,NULL,NULL,NULL,NULL,NULL,NULL,NULL,NULL,NULL,'2025-06-27 17:26:25','2025-07-24 05:21:14',NULL,0,0,0,NULL,0.00,'2025-07-23 05:10:36',NULL,'sincronizado'),(350,1,NULL,3,'produto','310','CHOCOLATE DIAMANTE NEGRO 80G','disponivel',NULL,NULL,NULL,NULL,'UN',NULL,NULL,NULL,4.90,8.00,NULL,0,1,0.00,0.00,NULL,'',NULL,NULL,NULL,NULL,NULL,NULL,NULL,NULL,NULL,NULL,'2025-06-27 17:26:25','2025-07-24 05:21:14',NULL,0,0,0,NULL,0.00,'2025-07-23 05:10:36',NULL,'sincronizado'),(351,1,NULL,3,'produto','329','CHOCOLATE DIAMENTE NEGRO LAKA MIX 80G','disponivel',NULL,NULL,NULL,NULL,'UN',NULL,NULL,NULL,4.90,8.00,NULL,0,1,0.00,0.00,NULL,'',NULL,NULL,NULL,NULL,NULL,NULL,NULL,NULL,NULL,NULL,'2025-06-27 17:26:25','2025-07-24 05:21:14',NULL,0,0,0,NULL,0.00,'2025-07-23 05:10:36',NULL,'sincronizado'),(352,1,NULL,3,'produto','343','CHOCOLATE DISQUETI 60G','disponivel',NULL,NULL,NULL,NULL,'UN',NULL,NULL,NULL,4.59,8.00,NULL,0,1,0.00,0.00,NULL,'',NULL,NULL,NULL,NULL,NULL,NULL,NULL,NULL,NULL,NULL,'2025-06-27 17:26:25','2025-07-24 05:21:15',NULL,0,0,0,NULL,0.00,'2025-07-23 05:10:36',NULL,'sincronizado'),(353,1,NULL,3,'produto','305','CHOCOLATE GRANDE','disponivel',NULL,NULL,NULL,NULL,'UN',NULL,NULL,NULL,0.00,10.00,NULL,0,1,0.00,0.00,NULL,'',NULL,NULL,NULL,NULL,NULL,NULL,NULL,NULL,NULL,NULL,'2025-06-27 17:26:25','2025-07-24 05:21:15',NULL,0,0,0,NULL,0.00,'2025-07-23 05:10:36',NULL,'sincronizado');
INSERT INTO `produtos` VALUES (354,1,NULL,3,'produto','172','CHOCOLATE LACTA INTENSE 85G','disponivel',NULL,NULL,NULL,NULL,'UN',NULL,NULL,NULL,8.76,15.00,NULL,0,1,0.00,0.00,NULL,'',NULL,NULL,NULL,NULL,NULL,NULL,NULL,NULL,NULL,NULL,'2025-06-27 17:26:25','2025-07-24 05:21:15',NULL,0,0,0,NULL,0.00,'2025-07-23 05:10:36',NULL,'sincronizado'),(355,1,NULL,3,'produto','311','CHOCOLATE LAKA 90G','disponivel',NULL,NULL,NULL,NULL,'UN',NULL,NULL,NULL,5.07,8.00,NULL,0,1,0.00,0.00,NULL,'',NULL,NULL,NULL,NULL,NULL,NULL,NULL,NULL,NULL,NULL,'2025-06-27 17:26:25','2025-07-24 05:21:15',NULL,0,0,0,NULL,0.00,'2025-07-23 05:10:36',NULL,'sincronizado'),(356,1,NULL,3,'produto','308','CHOCOLATE STAR 40G','disponivel',NULL,NULL,NULL,NULL,'UN',NULL,NULL,NULL,1.72,3.00,NULL,0,1,0.00,0.00,NULL,'',NULL,NULL,NULL,NULL,NULL,NULL,NULL,NULL,NULL,NULL,'2025-06-27 17:26:25','2025-07-24 05:21:15',NULL,0,0,0,NULL,0.00,'2025-07-23 05:10:36',NULL,'sincronizado'),(357,1,NULL,3,'produto','513','CHOCOLATE TALENDO 25G','disponivel',NULL,NULL,NULL,NULL,'UN',NULL,NULL,NULL,1.70,3.00,NULL,0,1,0.00,0.00,NULL,'',NULL,NULL,NULL,NULL,NULL,NULL,NULL,NULL,NULL,NULL,'2025-06-27 17:26:25','2025-07-24 05:21:15',NULL,0,0,0,NULL,0.00,'2025-07-23 05:10:36',NULL,'sincronizado'),(358,1,NULL,3,'produto','338','CHOKITO BARRA 34G','disponivel',NULL,NULL,NULL,NULL,'UN',NULL,NULL,NULL,2.50,4.00,NULL,0,1,0.00,0.00,NULL,'',NULL,NULL,NULL,NULL,NULL,NULL,NULL,NULL,NULL,NULL,'2025-06-27 17:26:25','2025-07-24 05:21:15',NULL,0,0,0,NULL,0.00,'2025-07-23 05:10:36',NULL,'sincronizado'),(359,1,NULL,3,'produto','342','DOCE DE LEITE','disponivel',NULL,NULL,NULL,NULL,'UN',NULL,NULL,NULL,0.65,1.00,NULL,0,1,0.00,0.00,NULL,'',NULL,NULL,NULL,NULL,NULL,NULL,NULL,NULL,NULL,NULL,'2025-06-27 17:26:25','2025-07-24 05:21:16',NULL,0,0,0,NULL,0.00,'2025-07-23 05:10:36',NULL,'sincronizado'),(360,1,NULL,3,'produto','344','DOCE GELATINA DORI 85G','disponivel',NULL,NULL,NULL,NULL,'UN',NULL,NULL,NULL,3.61,8.00,NULL,0,1,0.00,0.00,NULL,'',NULL,NULL,NULL,NULL,NULL,NULL,NULL,NULL,NULL,NULL,'2025-06-27 17:26:25','2025-07-24 05:21:16',NULL,0,0,0,NULL,0.00,'2025-07-23 05:10:36',NULL,'sincronizado'),(361,1,NULL,3,'produto','583','DOCES','disponivel',NULL,NULL,NULL,NULL,'UN',NULL,NULL,NULL,1.50,4.00,NULL,0,1,0.00,0.00,NULL,'',NULL,NULL,NULL,NULL,NULL,NULL,NULL,NULL,NULL,NULL,'2025-06-27 17:26:25','2025-07-24 05:21:16',NULL,0,0,0,NULL,0.00,'2025-07-23 05:10:36',NULL,'sincronizado'),(362,1,NULL,3,'produto','516','DORI GELATINA 13G','disponivel',NULL,NULL,NULL,NULL,'UN',NULL,NULL,NULL,0.77,3.00,NULL,0,1,0.00,0.00,NULL,'',NULL,NULL,NULL,NULL,NULL,NULL,NULL,NULL,NULL,NULL,'2025-06-27 17:26:25','2025-07-24 05:21:16',NULL,0,0,0,NULL,0.00,'2025-07-23 05:10:36',NULL,'sincronizado'),(363,1,NULL,3,'produto','517','GOMA HIPNOSE MORANGO 48G','disponivel',NULL,NULL,NULL,NULL,'UN',NULL,NULL,NULL,1.28,3.00,NULL,0,1,0.00,0.00,NULL,'',NULL,NULL,NULL,NULL,NULL,NULL,NULL,NULL,NULL,NULL,'2025-06-27 17:26:25','2025-07-24 05:21:16',NULL,0,0,0,NULL,0.00,'2025-07-23 05:10:36',NULL,'sincronizado'),(364,1,NULL,3,'produto','330','GOMETS MINHOCAS 100G','disponivel',NULL,NULL,NULL,NULL,'UN',NULL,NULL,NULL,2.73,6.00,NULL,0,1,0.00,0.00,NULL,'',NULL,NULL,NULL,NULL,NULL,NULL,NULL,NULL,NULL,NULL,'2025-06-27 17:26:25','2025-07-24 05:21:16',NULL,0,0,0,NULL,0.00,'2025-07-23 05:10:36',NULL,'sincronizado'),(365,1,NULL,3,'produto','520','GOMETS UN','disponivel',NULL,NULL,NULL,NULL,'UN',NULL,NULL,NULL,1.00,2.00,NULL,0,1,0.00,0.00,NULL,'',NULL,NULL,NULL,NULL,NULL,NULL,NULL,NULL,NULL,NULL,'2025-06-27 17:26:25','2025-07-24 05:21:17',NULL,0,0,0,NULL,0.00,'2025-07-23 05:10:36',NULL,'sincronizado'),(366,1,NULL,3,'produto','77','HALLS','disponivel',NULL,NULL,NULL,NULL,'UN',NULL,NULL,NULL,1.50,3.00,NULL,0,1,0.00,0.00,NULL,'',NULL,NULL,NULL,NULL,NULL,NULL,NULL,NULL,NULL,NULL,'2025-06-27 17:26:25','2025-07-24 05:21:17',NULL,0,0,0,NULL,0.00,'2025-07-23 05:10:36',NULL,'sincronizado'),(367,1,NULL,3,'produto','572','KIT KAT BARRA 34,6 G','disponivel',NULL,NULL,NULL,NULL,'UN',NULL,NULL,NULL,3.40,6.00,NULL,0,1,0.00,0.00,NULL,'',NULL,NULL,NULL,NULL,NULL,NULL,NULL,NULL,NULL,NULL,'2025-06-27 17:26:25','2025-07-24 05:21:17',NULL,0,0,0,NULL,0.00,'2025-07-23 05:10:36',NULL,'sincronizado'),(368,1,NULL,3,'produto','224','LANCY CHOCOLATE','disponivel',NULL,NULL,NULL,NULL,'UN',NULL,NULL,NULL,0.00,3.00,NULL,0,1,0.00,0.00,NULL,'',NULL,NULL,NULL,NULL,NULL,NULL,NULL,NULL,NULL,NULL,'2025-06-27 17:26:25','2025-07-24 05:21:17',NULL,0,0,0,NULL,0.00,'2025-07-23 05:10:36',NULL,'sincronizado'),(369,1,NULL,3,'produto','332','PAÇOQUINHA','disponivel',NULL,NULL,NULL,NULL,'UN',NULL,NULL,NULL,0.42,1.00,NULL,0,1,0.00,0.00,NULL,'',NULL,NULL,NULL,NULL,NULL,NULL,NULL,NULL,NULL,NULL,'2025-06-27 17:26:25','2025-07-24 05:21:17',NULL,0,0,0,NULL,0.00,'2025-07-23 05:10:36',NULL,'sincronizado'),(370,1,NULL,3,'produto','514','PASTILHA 17G','disponivel',NULL,NULL,NULL,NULL,'UN',NULL,NULL,NULL,0.75,1.50,NULL,0,1,0.00,0.00,NULL,'',NULL,NULL,NULL,NULL,NULL,NULL,NULL,NULL,NULL,NULL,'2025-06-27 17:26:25','2025-07-24 05:21:17',NULL,0,0,0,NULL,0.00,'2025-07-23 05:10:36',NULL,'sincronizado'),(371,1,NULL,3,'produto','333','PIRULITO','disponivel',NULL,NULL,NULL,NULL,'UN',NULL,NULL,NULL,0.21,0.50,NULL,0,1,0.00,0.00,NULL,'',NULL,NULL,NULL,NULL,NULL,NULL,NULL,NULL,NULL,NULL,'2025-06-27 17:26:25','2025-07-24 05:21:17',NULL,0,0,0,NULL,0.00,'2025-07-23 05:10:36',NULL,'sincronizado'),(372,1,NULL,3,'produto','334','PIRULITO DIP LOKO','disponivel',NULL,NULL,NULL,NULL,'UN',NULL,NULL,NULL,2.21,4.00,NULL,0,1,0.00,0.00,NULL,'',NULL,NULL,NULL,NULL,NULL,NULL,NULL,NULL,NULL,NULL,'2025-06-27 17:26:25','2025-07-24 05:21:18',NULL,0,0,0,NULL,0.00,'2025-07-23 05:10:36',NULL,'sincronizado'),(373,1,NULL,3,'produto','337','PRESTIGIO BARRA 34G','disponivel',NULL,NULL,NULL,NULL,'UN',NULL,NULL,NULL,2.50,4.00,NULL,0,1,0.00,0.00,NULL,'',NULL,NULL,NULL,NULL,NULL,NULL,NULL,NULL,NULL,NULL,'2025-06-27 17:26:25','2025-07-24 05:21:18',NULL,0,0,0,NULL,0.00,'2025-07-23 05:10:36',NULL,'sincronizado'),(374,1,NULL,3,'produto','345','REGALIZ DORI TUBO 70G','disponivel',NULL,NULL,NULL,NULL,'UN',NULL,NULL,NULL,3.88,9.00,NULL,0,1,0.00,0.00,NULL,'',NULL,NULL,NULL,NULL,NULL,NULL,NULL,NULL,NULL,NULL,'2025-06-27 17:26:25','2025-07-24 05:21:18',NULL,0,0,0,NULL,0.00,'2025-07-23 05:10:36',NULL,'sincronizado'),(375,1,NULL,3,'produto','335','REGALIZ TUBO 44G','disponivel',NULL,NULL,NULL,NULL,'UN',NULL,NULL,NULL,2.00,4.00,NULL,0,1,0.00,0.00,NULL,'',NULL,NULL,NULL,NULL,NULL,NULL,NULL,NULL,NULL,NULL,'2025-06-27 17:26:25','2025-07-24 05:21:18',NULL,0,0,0,NULL,0.00,'2025-07-23 05:10:36',NULL,'sincronizado'),(376,1,NULL,3,'produto','419','SONHO DE VALSA RECHEADO 25G','disponivel',NULL,NULL,NULL,NULL,'UN',NULL,NULL,NULL,1.51,3.00,NULL,0,1,0.00,0.00,NULL,'',NULL,NULL,NULL,NULL,NULL,NULL,NULL,NULL,NULL,NULL,'2025-06-27 17:26:25','2025-07-24 05:21:18',NULL,0,0,0,NULL,0.00,'2025-07-23 05:10:36',NULL,'sincronizado'),(377,1,NULL,3,'produto','518','TALENTO 25G','disponivel',NULL,NULL,NULL,NULL,'UN',NULL,NULL,NULL,1.53,3.00,NULL,0,1,0.00,0.00,NULL,'',NULL,NULL,NULL,NULL,NULL,NULL,NULL,NULL,NULL,NULL,'2025-06-27 17:26:25','2025-07-24 05:21:18',NULL,0,0,0,NULL,0.00,'2025-07-23 05:10:36',NULL,'sincronizado'),(378,1,NULL,3,'produto','78','TRIDENT','disponivel',NULL,NULL,NULL,NULL,'UN',NULL,NULL,NULL,1.50,3.00,NULL,0,1,0.00,0.00,NULL,'',NULL,NULL,NULL,NULL,NULL,NULL,NULL,NULL,NULL,NULL,'2025-06-27 17:26:25','2025-07-24 05:21:19',NULL,0,0,0,NULL,0.00,'2025-07-23 05:10:36',NULL,'sincronizado'),(379,1,NULL,3,'produto','255','TRIDENT CAIXINHA 14 UN','disponivel',NULL,NULL,NULL,NULL,'UN',NULL,NULL,NULL,4.20,8.00,NULL,0,1,0.00,0.00,NULL,'',NULL,NULL,NULL,NULL,NULL,NULL,NULL,NULL,NULL,NULL,'2025-06-27 17:26:25','2025-07-24 05:21:19',NULL,0,0,0,NULL,0.00,'2025-07-23 05:10:36',NULL,'sincronizado'),(380,1,NULL,3,'produto','312','TRIDENT MAX','disponivel',NULL,NULL,NULL,NULL,'UN',NULL,NULL,NULL,1.78,5.00,NULL,0,1,0.00,0.00,NULL,'',NULL,NULL,NULL,NULL,NULL,NULL,NULL,NULL,NULL,NULL,'2025-06-27 17:26:25','2025-07-24 05:21:19',NULL,0,0,0,NULL,0.00,'2025-07-23 05:10:36',NULL,'sincronizado'),(381,1,NULL,3,'produto','324','ÁREA INFANTIL','disponivel',NULL,NULL,NULL,NULL,'UN',NULL,NULL,NULL,0.00,20.00,NULL,0,1,0.00,0.00,NULL,'',NULL,NULL,NULL,NULL,NULL,NULL,NULL,NULL,NULL,NULL,'2025-06-27 17:26:25','2025-07-24 05:21:19',NULL,0,0,0,NULL,0.00,'2025-07-23 05:10:36',NULL,'sincronizado'),(382,1,NULL,3,'produto','558','CHOPP VINHO VERMELHO 355 ML','disponivel',NULL,NULL,NULL,NULL,'UN',NULL,NULL,NULL,5.00,9.00,NULL,0,1,0.00,0.00,NULL,'',NULL,NULL,NULL,NULL,NULL,NULL,NULL,NULL,NULL,NULL,'2025-06-27 17:26:25','2025-07-24 05:21:19',NULL,0,0,0,NULL,0.00,'2025-07-23 05:10:36',NULL,'sincronizado'),(383,1,NULL,3,'produto','665','COPO COZUMEL','disponivel',NULL,NULL,NULL,NULL,'UN',NULL,NULL,NULL,2.00,2.50,NULL,0,1,0.00,0.00,NULL,'',NULL,NULL,NULL,NULL,NULL,NULL,NULL,NULL,NULL,NULL,'2025-06-27 17:26:25','2025-07-24 05:21:19',NULL,0,0,0,NULL,0.00,'2025-07-23 05:10:36',NULL,'sincronizado'),(384,1,NULL,3,'produto','664','COPO LIMÃO E GELO','disponivel',NULL,NULL,NULL,NULL,'UN',NULL,NULL,NULL,1.50,2.00,NULL,0,1,0.00,0.00,NULL,'',NULL,NULL,NULL,NULL,NULL,NULL,NULL,NULL,NULL,NULL,'2025-06-27 17:26:25','2025-07-24 05:21:19',NULL,0,0,0,NULL,0.00,'2025-07-23 05:10:36',NULL,'sincronizado'),(385,1,NULL,3,'produto','551','DIVERSOS','disponivel',NULL,NULL,NULL,NULL,'UN',NULL,NULL,NULL,0.00,0.00,NULL,0,1,0.00,0.00,NULL,'',NULL,NULL,NULL,NULL,NULL,NULL,NULL,NULL,NULL,NULL,'2025-06-27 17:26:25','2025-07-24 05:21:20',NULL,0,0,0,NULL,0.00,'2025-07-23 05:10:36',NULL,'sincronizado'),(386,1,NULL,3,'produto','500','DOSE CACHAÇA','disponivel',NULL,NULL,NULL,NULL,'UN',NULL,NULL,NULL,0.90,5.00,NULL,0,1,0.00,0.00,NULL,'',NULL,NULL,NULL,NULL,NULL,NULL,NULL,NULL,NULL,NULL,'2025-06-27 17:26:25','2025-07-24 05:21:20',NULL,0,0,0,NULL,0.00,'2025-07-23 05:10:36',NULL,'sincronizado'),(387,1,NULL,3,'produto','579','DOSE WHISK CAVALO BRANCO 8 ANOS','disponivel',NULL,NULL,NULL,NULL,'UN',NULL,NULL,NULL,5.12,18.00,NULL,0,1,0.00,0.00,NULL,'',NULL,NULL,NULL,NULL,NULL,NULL,NULL,NULL,NULL,NULL,'2025-06-27 17:26:25','2025-07-24 05:21:20',NULL,0,0,0,NULL,0.00,'2025-07-23 05:10:36',NULL,'sincronizado'),(388,1,NULL,3,'produto','160','ENERGETICO  TNT 473ML','disponivel',NULL,NULL,NULL,NULL,'UN',NULL,NULL,NULL,6.00,13.00,NULL,0,1,0.00,0.00,NULL,'',NULL,NULL,NULL,NULL,NULL,NULL,NULL,NULL,NULL,NULL,'2025-06-27 17:26:25','2025-07-24 05:21:20',NULL,0,0,0,NULL,0.00,'2025-07-23 05:10:36',NULL,'sincronizado'),(389,1,NULL,3,'produto','79','ENERGETICO LATA','disponivel',NULL,NULL,NULL,NULL,'UN',NULL,NULL,NULL,0.00,13.00,NULL,0,1,0.00,0.00,NULL,'',NULL,NULL,NULL,NULL,NULL,NULL,NULL,NULL,NULL,NULL,'2025-06-27 17:26:25','2025-07-24 05:21:20',NULL,0,0,0,NULL,0.00,'2025-07-23 05:10:36',NULL,'sincronizado'),(390,1,NULL,3,'produto','174','ENERGETICO TNT 269ML','disponivel',NULL,NULL,NULL,NULL,'UN',NULL,NULL,NULL,4.89,10.00,NULL,0,1,0.00,0.00,NULL,'',NULL,NULL,NULL,NULL,NULL,NULL,NULL,NULL,NULL,NULL,'2025-06-27 17:26:25','2025-07-24 05:21:20',NULL,0,0,0,NULL,0.00,'2025-07-23 05:10:36',NULL,'sincronizado'),(391,1,NULL,3,'produto','76','ENTREGA','disponivel',NULL,NULL,NULL,NULL,'UN',NULL,NULL,NULL,0.00,5.00,NULL,0,1,0.00,0.00,NULL,'',NULL,NULL,NULL,NULL,NULL,NULL,NULL,NULL,NULL,NULL,'2025-06-27 17:26:25','2025-07-24 05:21:21',NULL,0,0,0,NULL,0.00,'2025-07-23 05:10:36',NULL,'sincronizado'),(392,1,NULL,3,'produto','672','FEIJOADA','disponivel',NULL,NULL,NULL,NULL,'UN',NULL,NULL,NULL,20.00,40.00,NULL,0,1,0.00,0.00,NULL,'',NULL,NULL,NULL,NULL,NULL,NULL,NULL,NULL,NULL,NULL,'2025-06-27 17:26:25','2025-07-24 05:21:21',NULL,0,0,0,NULL,0.00,'2025-07-23 05:10:36',NULL,'sincronizado'),(393,1,NULL,3,'produto','580','FICHA DE SINUCA','disponivel',NULL,NULL,NULL,NULL,'UN',NULL,NULL,NULL,0.80,3.00,NULL,0,1,0.00,0.00,NULL,'',NULL,NULL,NULL,NULL,NULL,NULL,NULL,NULL,NULL,NULL,'2025-06-27 17:26:25','2025-07-24 05:21:21',NULL,0,0,0,NULL,0.00,'2025-07-23 05:10:36',NULL,'sincronizado'),(394,1,NULL,3,'produto','550','GELO','disponivel',NULL,NULL,NULL,NULL,'UN',NULL,NULL,NULL,5.00,10.00,NULL,0,1,0.00,0.00,NULL,'',NULL,NULL,NULL,NULL,NULL,NULL,NULL,NULL,NULL,NULL,'2025-06-27 17:26:25','2025-07-24 05:21:21',NULL,0,0,0,NULL,0.00,'2025-07-23 05:10:36',NULL,'sincronizado'),(395,1,NULL,3,'produto','220','LITTLE TREES','disponivel',NULL,NULL,NULL,NULL,'UN',NULL,NULL,NULL,0.00,7.00,NULL,0,1,0.00,0.00,NULL,'',NULL,NULL,NULL,NULL,NULL,NULL,NULL,NULL,NULL,NULL,'2025-06-27 17:26:25','2025-07-24 05:21:21',NULL,0,0,0,NULL,0.00,'2025-07-23 05:10:36',NULL,'sincronizado'),(396,1,NULL,3,'produto','562','NUTRY BARRA CEREAL','disponivel',NULL,NULL,NULL,NULL,'UN',NULL,NULL,NULL,1.66,3.00,NULL,0,1,0.00,0.00,NULL,'',NULL,NULL,NULL,NULL,NULL,NULL,NULL,NULL,NULL,NULL,'2025-06-27 17:26:25','2025-07-24 05:21:21',NULL,0,0,0,NULL,0.00,'2025-07-23 05:10:36',NULL,'sincronizado'),(397,1,NULL,3,'produto','68','REFEIÇÃO','disponivel',NULL,NULL,NULL,NULL,'UN',NULL,NULL,NULL,0.00,49.00,NULL,0,1,0.00,0.00,NULL,'',NULL,NULL,NULL,NULL,NULL,NULL,NULL,NULL,NULL,NULL,'2025-06-27 17:26:25','2025-07-24 05:21:21',NULL,0,0,0,NULL,0.00,'2025-07-23 05:10:36',NULL,'sincronizado'),(398,1,NULL,3,'produto','250','REFEIÇÃO KG','disponivel',NULL,NULL,NULL,NULL,'KG',NULL,NULL,NULL,0.00,39.90,NULL,0,1,0.00,0.00,NULL,'',NULL,NULL,NULL,NULL,NULL,NULL,NULL,NULL,NULL,NULL,'2025-06-27 17:26:25','2025-07-24 05:21:22',NULL,0,0,0,NULL,0.00,'2025-07-23 05:10:36',NULL,'sincronizado'),(399,1,NULL,3,'produto','254','RODIZIO ALMOÇO','disponivel',NULL,NULL,NULL,NULL,'UN',NULL,NULL,NULL,0.00,30.00,NULL,0,1,0.00,0.00,NULL,'',NULL,NULL,NULL,NULL,NULL,NULL,NULL,NULL,NULL,NULL,'2025-06-27 17:26:25','2025-07-24 05:21:22',NULL,0,0,0,NULL,0.00,'2025-07-23 05:10:36',NULL,'sincronizado'),(400,1,NULL,3,'produto','57','TAÇA DE VINHO 300ML','disponivel',NULL,NULL,NULL,NULL,'UN',NULL,NULL,NULL,5.20,12.00,NULL,0,1,0.00,0.00,NULL,'',NULL,NULL,NULL,NULL,NULL,NULL,NULL,NULL,NULL,NULL,'2025-06-27 17:26:25','2025-07-24 05:21:22',NULL,0,0,0,NULL,0.00,'2025-07-23 05:10:36',NULL,'sincronizado'),(401,1,NULL,3,'produto','56','TAÇA DE VINHO MEIA','disponivel',NULL,NULL,NULL,NULL,'UN',NULL,NULL,NULL,0.00,7.00,NULL,0,1,0.00,0.00,NULL,'',NULL,NULL,NULL,NULL,NULL,NULL,NULL,NULL,NULL,NULL,'2025-06-27 17:26:25','2025-07-24 05:21:22',NULL,0,0,0,NULL,0.00,'2025-07-23 05:10:36',NULL,'sincronizado'),(402,1,NULL,3,'produto','396','CHOPP BRAHMA 400ML EM DOBRO','disponivel',NULL,NULL,NULL,NULL,'UN',NULL,NULL,NULL,5.80,15.00,NULL,0,1,0.00,0.00,NULL,'',NULL,NULL,NULL,NULL,NULL,NULL,NULL,NULL,NULL,NULL,'2025-06-27 17:26:25','2025-07-24 05:21:22',NULL,0,0,0,NULL,0.00,'2025-07-23 05:10:36',NULL,'sincronizado'),(403,1,NULL,3,'produto','559','CHOPP VINHO BRANCO 355 ML','disponivel',NULL,NULL,NULL,NULL,'UN',NULL,NULL,NULL,5.00,9.00,NULL,0,1,0.00,0.00,NULL,'',NULL,NULL,NULL,NULL,NULL,NULL,NULL,NULL,NULL,NULL,'2025-06-27 17:26:25','2025-07-24 05:21:22',NULL,0,0,0,NULL,0.00,'2025-07-23 05:10:36',NULL,'sincronizado'),(404,1,NULL,3,'produto','557','CHOPP VINHO BRANCO 500 ML','disponivel',NULL,NULL,NULL,NULL,'UN',NULL,NULL,NULL,7.50,12.00,NULL,0,1,0.00,0.00,NULL,'',NULL,NULL,NULL,NULL,NULL,NULL,NULL,NULL,NULL,NULL,'2025-06-27 17:26:25','2025-07-24 05:21:23',NULL,0,0,0,NULL,0.00,'2025-07-23 05:10:36',NULL,'sincronizado'),(405,1,NULL,3,'produto','560','CHOPP VINHO VERMELHO 500 ML','disponivel',NULL,NULL,NULL,NULL,'UN',NULL,NULL,NULL,7.50,12.00,NULL,0,1,0.00,0.00,NULL,'',NULL,NULL,NULL,NULL,NULL,NULL,NULL,NULL,NULL,NULL,'2025-06-27 17:26:25','2025-07-24 05:21:23',NULL,0,0,0,NULL,0.00,'2025-07-23 05:10:36',NULL,'sincronizado'),(406,1,NULL,3,'produto','581','HORA  BOLICHE','disponivel',NULL,NULL,NULL,NULL,'UN',NULL,NULL,NULL,1.00,80.00,NULL,0,1,0.00,0.00,NULL,'',NULL,NULL,NULL,NULL,NULL,NULL,NULL,NULL,NULL,NULL,'2025-06-27 17:26:25','2025-07-24 05:21:23',NULL,0,0,0,NULL,0.00,'2025-07-23 05:10:36',NULL,'sincronizado'),(407,1,NULL,4,'insumo','691','ABACAXI CONSERVA','disponivel','','',NULL,NULL,'KG',NULL,NULL,0,18.00,0.00,0.00,0,1,0.00,0.00,0.00,'',NULL,'',NULL,NULL,NULL,NULL,NULL,NULL,NULL,NULL,'2025-06-27 17:26:34','2025-07-24 05:21:23',NULL,0,0,0,NULL,0.00,'2025-07-23 05:10:36',NULL,'sincronizado'),(408,1,NULL,4,'insumo','509','AÇAI','disponivel',NULL,NULL,NULL,NULL,'KG',NULL,NULL,NULL,18.00,0.00,NULL,0,1,0.00,0.00,NULL,'',NULL,NULL,NULL,NULL,NULL,NULL,NULL,NULL,NULL,NULL,'2025-06-27 17:26:34','2025-07-24 05:21:23',NULL,0,0,0,NULL,0.00,'2025-07-23 05:10:36',NULL,'sincronizado'),(409,1,NULL,4,'insumo','706','AÇUCAR','disponivel',NULL,NULL,NULL,NULL,'KG',NULL,NULL,NULL,10.00,0.00,NULL,0,1,0.00,0.00,NULL,'',NULL,NULL,NULL,NULL,NULL,NULL,NULL,NULL,NULL,NULL,'2025-06-27 17:26:34','2025-07-24 05:21:23',NULL,0,0,0,NULL,0.00,'2025-07-23 05:10:36',NULL,'sincronizado'),(410,1,NULL,4,'insumo','751','AGUA TÔNICA LATA 350 ML','disponivel',NULL,NULL,NULL,NULL,'UN',NULL,NULL,NULL,3.30,0.00,NULL,0,1,0.00,0.00,NULL,'',NULL,NULL,NULL,NULL,NULL,NULL,NULL,NULL,NULL,NULL,'2025-06-27 17:26:34','2025-07-24 05:21:23',NULL,0,0,0,NULL,0.00,'2025-07-23 05:10:36',NULL,'sincronizado'),(411,1,NULL,4,'insumo','267','ALFACE','disponivel',NULL,NULL,NULL,NULL,'UN',NULL,NULL,NULL,0.33,0.00,NULL,0,1,0.00,0.00,NULL,'',NULL,NULL,NULL,NULL,NULL,NULL,NULL,NULL,NULL,NULL,'2025-06-27 17:26:34','2025-07-24 05:21:24',NULL,0,0,0,NULL,0.00,'2025-07-23 05:10:36',NULL,'sincronizado'),(412,1,NULL,4,'insumo','699','ALHO CRU','disponivel',NULL,NULL,NULL,NULL,'KG',NULL,NULL,NULL,25.00,0.00,NULL,0,1,0.00,0.00,NULL,'',NULL,NULL,NULL,NULL,NULL,NULL,NULL,NULL,NULL,NULL,'2025-06-27 17:26:34','2025-07-24 05:21:24',NULL,0,0,0,NULL,0.00,'2025-07-23 05:10:36',NULL,'sincronizado'),(413,1,NULL,4,'insumo','726','ALHO FRITO NO AZEITE','disponivel',NULL,NULL,NULL,NULL,'KG',NULL,NULL,NULL,26.00,0.00,NULL,0,1,0.00,0.00,NULL,'',NULL,NULL,NULL,NULL,NULL,NULL,NULL,NULL,NULL,NULL,'2025-06-27 17:26:34','2025-07-24 05:21:24',NULL,0,0,0,NULL,0.00,'2025-07-23 05:10:36',NULL,'sincronizado'),(414,1,NULL,4,'insumo','698','ANEL DE CEBOLA','disponivel',NULL,NULL,NULL,NULL,'KG',NULL,NULL,NULL,20.00,0.00,NULL,0,1,0.00,0.00,NULL,'',NULL,NULL,NULL,NULL,NULL,NULL,NULL,NULL,NULL,NULL,'2025-06-27 17:26:34','2025-07-24 05:21:24',NULL,0,0,0,NULL,0.00,'2025-07-23 05:10:36',NULL,'sincronizado'),(415,1,NULL,4,'insumo','744','APEROL APERITIVO','disponivel',NULL,NULL,NULL,NULL,'L',NULL,NULL,NULL,67.00,0.00,NULL,0,1,0.00,0.00,NULL,'',NULL,NULL,NULL,NULL,NULL,NULL,NULL,NULL,NULL,NULL,'2025-06-27 17:26:34','2025-07-24 05:21:24',NULL,0,0,0,NULL,0.00,'2025-07-23 05:10:36',NULL,'sincronizado'),(416,1,NULL,4,'insumo','676','ATUM','disponivel',NULL,NULL,NULL,NULL,'KG',NULL,NULL,NULL,71.00,0.00,NULL,0,1,0.00,0.00,NULL,'',NULL,NULL,NULL,NULL,NULL,NULL,NULL,NULL,NULL,NULL,'2025-06-27 17:26:34','2025-07-24 05:21:24',NULL,0,0,0,NULL,0.00,'2025-07-23 05:10:36',NULL,'sincronizado'),(417,1,NULL,4,'insumo','702','AZEITE','disponivel',NULL,NULL,NULL,NULL,'L',NULL,NULL,NULL,60.00,0.00,NULL,0,1,0.00,0.00,NULL,'',NULL,NULL,NULL,NULL,NULL,NULL,NULL,NULL,NULL,NULL,'2025-06-27 17:26:34','2025-07-24 05:21:25',NULL,0,0,0,NULL,0.00,'2025-07-23 05:10:36',NULL,'sincronizado'),(418,1,NULL,4,'insumo','680','AZEITONA','disponivel',NULL,NULL,NULL,NULL,'KG',NULL,NULL,NULL,21.00,0.00,NULL,0,1,0.00,0.00,NULL,'',NULL,NULL,NULL,NULL,NULL,NULL,NULL,NULL,NULL,NULL,'2025-06-27 17:26:34','2025-07-24 05:21:25',NULL,0,0,0,NULL,0.00,'2025-07-23 05:10:36',NULL,'sincronizado'),(419,1,NULL,4,'insumo','263','BACON','disponivel',NULL,NULL,NULL,NULL,'KG',NULL,NULL,NULL,60.55,0.00,NULL,0,1,0.00,0.00,NULL,'',NULL,NULL,NULL,NULL,NULL,NULL,NULL,NULL,NULL,NULL,'2025-06-27 17:26:34','2025-07-24 05:21:25',NULL,0,0,0,NULL,0.00,'2025-07-23 05:10:36',NULL,'sincronizado'),(420,1,NULL,4,'insumo','687','BANANA DA TERRA','disponivel',NULL,NULL,NULL,NULL,'KG',NULL,NULL,NULL,13.00,0.00,NULL,0,1,0.00,0.00,NULL,'',NULL,NULL,NULL,NULL,NULL,NULL,NULL,NULL,NULL,NULL,'2025-06-27 17:26:34','2025-07-24 05:21:25',NULL,0,0,0,NULL,0.00,'2025-07-23 05:10:36',NULL,'sincronizado'),(421,1,NULL,4,'insumo','510','BANANA NANICA','disponivel',NULL,NULL,NULL,NULL,'KG',NULL,NULL,NULL,10.00,0.00,NULL,0,1,0.00,0.00,NULL,'',NULL,NULL,NULL,NULL,NULL,NULL,NULL,NULL,NULL,NULL,'2025-06-27 17:26:34','2025-07-24 05:21:25',NULL,0,0,0,NULL,0.00,'2025-07-23 05:10:36',NULL,'sincronizado'),(422,1,NULL,4,'insumo','277','BARBECUE','disponivel',NULL,NULL,NULL,NULL,'L',NULL,NULL,NULL,20.00,0.00,NULL,0,1,0.00,0.00,NULL,'',NULL,NULL,NULL,NULL,NULL,NULL,NULL,NULL,NULL,NULL,'2025-06-27 17:26:34','2025-07-24 05:21:25',NULL,0,0,0,NULL,0.00,'2025-07-23 05:10:36',NULL,'sincronizado'),(423,1,NULL,4,'insumo','682','BATATA PALHA','disponivel',NULL,NULL,NULL,NULL,'KG',NULL,NULL,NULL,25.00,0.00,NULL,0,1,0.00,0.00,NULL,'',NULL,NULL,NULL,NULL,NULL,NULL,NULL,NULL,NULL,NULL,'2025-06-27 17:26:34','2025-07-24 05:21:25',NULL,0,0,0,NULL,0.00,'2025-07-23 05:10:36',NULL,'sincronizado'),(424,1,NULL,4,'insumo','732','CACHAÇA SELETA 700 ML','disponivel',NULL,NULL,NULL,NULL,'L',NULL,NULL,NULL,40.00,0.00,NULL,0,1,0.00,0.00,NULL,'',NULL,NULL,NULL,NULL,NULL,NULL,NULL,NULL,NULL,NULL,'2025-06-27 17:26:34','2025-07-24 05:21:26',NULL,0,0,0,NULL,0.00,'2025-07-23 05:10:36',NULL,'sincronizado'),(425,1,NULL,4,'insumo','278','CALABRESA','disponivel',NULL,NULL,NULL,NULL,'KG',NULL,NULL,NULL,22.00,0.00,NULL,0,1,0.00,0.00,NULL,'',NULL,NULL,NULL,NULL,NULL,NULL,NULL,NULL,NULL,NULL,'2025-06-27 17:26:34','2025-07-24 05:21:26',NULL,0,0,0,NULL,0.00,'2025-07-23 05:10:36',NULL,'sincronizado'),(426,1,NULL,4,'insumo','733','CAMPARI MILLANO 750 ML','disponivel',NULL,NULL,NULL,NULL,'L',NULL,NULL,NULL,90.00,0.00,NULL,0,1,0.00,0.00,NULL,'',NULL,NULL,NULL,NULL,NULL,NULL,NULL,NULL,NULL,NULL,'2025-06-27 17:26:34','2025-07-24 05:21:26',NULL,0,0,0,NULL,0.00,'2025-07-23 05:10:36',NULL,'sincronizado'),(427,1,NULL,4,'insumo','692','CANELA EM PÓ','disponivel',NULL,NULL,NULL,NULL,'KG',NULL,NULL,NULL,20.00,0.00,NULL,0,1,0.00,0.00,NULL,'',NULL,NULL,NULL,NULL,NULL,NULL,NULL,NULL,NULL,NULL,'2025-06-27 17:26:34','2025-07-24 05:21:26',NULL,0,0,0,NULL,0.00,'2025-07-23 05:10:36',NULL,'sincronizado'),(428,1,NULL,4,'insumo','673','CARNE MOÍDA P/ HAMBURGUER','disponivel',NULL,NULL,NULL,NULL,'KG',NULL,NULL,NULL,36.60,0.00,NULL,0,1,0.00,0.00,NULL,'',NULL,NULL,NULL,NULL,NULL,NULL,NULL,NULL,NULL,NULL,'2025-06-27 17:26:34','2025-07-24 05:21:26',NULL,0,0,0,NULL,0.00,'2025-07-23 05:10:36',NULL,'sincronizado'),(429,1,NULL,4,'insumo','382','CARNE SECA','disponivel',NULL,NULL,NULL,NULL,'KG',NULL,NULL,NULL,38.00,0.00,NULL,0,1,0.00,0.00,NULL,'',NULL,NULL,NULL,NULL,NULL,NULL,NULL,NULL,NULL,NULL,'2025-06-27 17:26:34','2025-07-24 05:21:26',NULL,0,0,0,NULL,0.00,'2025-07-23 05:10:36',NULL,'sincronizado'),(430,1,NULL,4,'insumo','272','CATCHUP','disponivel',NULL,NULL,NULL,NULL,'L',NULL,NULL,NULL,6.50,0.00,NULL,0,1,0.00,0.00,NULL,'',NULL,NULL,NULL,NULL,NULL,NULL,NULL,NULL,NULL,NULL,'2025-06-27 17:26:34','2025-07-24 05:21:27',NULL,0,0,0,NULL,0.00,'2025-07-23 05:10:36',NULL,'sincronizado'),(431,1,NULL,4,'insumo','276','CEBOLA BRANCA','disponivel',NULL,NULL,NULL,NULL,'KG',NULL,NULL,NULL,12.00,0.00,NULL,0,1,0.00,0.00,NULL,'',NULL,NULL,NULL,NULL,NULL,NULL,NULL,NULL,NULL,NULL,'2025-06-27 17:26:34','2025-07-24 05:21:27',NULL,0,0,0,NULL,0.00,'2025-07-23 05:10:36',NULL,'sincronizado'),(432,1,NULL,4,'insumo','693','CEBOLA ROXA','disponivel',NULL,NULL,NULL,NULL,'KG',NULL,NULL,NULL,15.00,0.00,NULL,0,1,0.00,0.00,NULL,'',NULL,NULL,NULL,NULL,NULL,NULL,NULL,NULL,NULL,NULL,'2025-06-27 17:26:34','2025-07-24 05:21:27',NULL,0,0,0,NULL,0.00,'2025-07-23 05:10:36',NULL,'sincronizado'),(433,1,NULL,4,'insumo','511','CEREJA','disponivel',NULL,NULL,NULL,NULL,'KG',NULL,NULL,NULL,10.00,0.00,NULL,0,1,0.00,0.00,NULL,'',NULL,NULL,NULL,NULL,NULL,NULL,NULL,NULL,NULL,NULL,'2025-06-27 17:26:34','2025-07-24 05:21:27',NULL,0,0,0,NULL,0.00,'2025-07-23 05:10:36',NULL,'sincronizado'),(434,1,NULL,4,'insumo','683','CHOCOLATE AO LEITE','disponivel',NULL,NULL,NULL,NULL,'KG',NULL,NULL,NULL,34.00,0.00,NULL,0,1,0.00,0.00,NULL,'',NULL,NULL,NULL,NULL,NULL,NULL,NULL,NULL,NULL,NULL,'2025-06-27 17:26:34','2025-07-24 05:21:27',NULL,0,0,0,NULL,0.00,'2025-07-23 05:10:36',NULL,'sincronizado'),(435,1,NULL,4,'insumo','684','CHOCOLATE GRANULADO','disponivel',NULL,NULL,NULL,NULL,'KG',NULL,NULL,NULL,30.00,0.00,NULL,0,1,0.00,0.00,NULL,'',NULL,NULL,NULL,NULL,NULL,NULL,NULL,NULL,NULL,NULL,'2025-06-27 17:26:34','2025-07-24 05:21:27',NULL,0,0,0,NULL,0.00,'2025-07-23 05:10:36',NULL,'sincronizado'),(436,1,NULL,4,'insumo','685','COCO RALADO','disponivel',NULL,NULL,NULL,NULL,'KG',NULL,NULL,NULL,36.00,0.00,NULL,0,1,0.00,0.00,NULL,'',NULL,NULL,NULL,NULL,NULL,NULL,NULL,NULL,NULL,NULL,'2025-06-27 17:26:34','2025-07-24 05:21:27',NULL,0,0,0,NULL,0.00,'2025-07-23 05:10:36',NULL,'sincronizado'),(437,1,NULL,4,'insumo','679','CREME CULINÁRIO','disponivel',NULL,NULL,NULL,NULL,'KG',NULL,NULL,NULL,20.00,0.00,NULL,0,1,0.00,0.00,NULL,'',NULL,NULL,NULL,NULL,NULL,NULL,NULL,NULL,NULL,NULL,'2025-06-27 17:26:34','2025-07-24 05:21:28',NULL,0,0,0,NULL,0.00,'2025-07-23 05:10:36',NULL,'sincronizado'),(438,1,NULL,4,'insumo','697','CREME DE CEBOLA','disponivel',NULL,NULL,NULL,NULL,'KG',NULL,NULL,NULL,6.60,0.00,NULL,0,1,0.00,0.00,NULL,'',NULL,NULL,NULL,NULL,NULL,NULL,NULL,NULL,NULL,NULL,'2025-06-27 17:26:34','2025-07-24 05:21:28',NULL,0,0,0,NULL,0.00,'2025-07-23 05:10:36',NULL,'sincronizado'),(439,1,NULL,4,'insumo','740','CURAÇAL','disponivel',NULL,NULL,NULL,NULL,'L',NULL,NULL,NULL,60.00,0.00,NULL,0,1,0.00,0.00,NULL,'',NULL,NULL,NULL,NULL,NULL,NULL,NULL,NULL,NULL,NULL,'2025-06-27 17:26:34','2025-07-24 05:21:28',NULL,0,0,0,NULL,0.00,'2025-07-23 05:10:36',NULL,'sincronizado'),(440,1,NULL,4,'insumo','686','DOCE DE LEITE','disponivel',NULL,NULL,NULL,NULL,'KG',NULL,NULL,NULL,20.00,0.00,NULL,0,1,0.00,0.00,NULL,'',NULL,NULL,NULL,NULL,NULL,NULL,NULL,NULL,NULL,NULL,'2025-06-27 17:26:34','2025-07-24 05:21:28',NULL,0,0,0,NULL,0.00,'2025-07-23 05:10:36',NULL,'sincronizado'),(441,1,NULL,4,'insumo','275','EMBALAGEM P/ LANCHE','disponivel',NULL,NULL,NULL,NULL,'UN',NULL,NULL,NULL,0.24,0.00,NULL,0,1,0.00,0.00,NULL,'',NULL,NULL,NULL,NULL,NULL,NULL,NULL,NULL,NULL,NULL,'2025-06-27 17:26:34','2025-07-24 05:21:28',NULL,0,0,0,NULL,0.00,'2025-07-23 05:10:36',NULL,'sincronizado'),(442,1,NULL,4,'insumo','724','EMBALAGEM P/ PIZZA EXTRA GG','disponivel',NULL,NULL,NULL,NULL,'UN',NULL,NULL,NULL,3.48,0.00,NULL,0,1,0.00,0.00,NULL,'',NULL,NULL,NULL,NULL,NULL,NULL,NULL,NULL,NULL,NULL,'2025-06-27 17:26:34','2025-07-24 05:21:28',NULL,0,0,0,NULL,0.00,'2025-07-23 05:10:36',NULL,'sincronizado'),(443,1,NULL,4,'insumo','722','EMBALAGEM P/ PIZZA G','disponivel',NULL,NULL,NULL,NULL,'UN',NULL,NULL,NULL,2.04,0.00,NULL,0,1,0.00,0.00,NULL,'',NULL,NULL,NULL,NULL,NULL,NULL,NULL,NULL,NULL,NULL,'2025-06-27 17:26:34','2025-07-24 05:21:29',NULL,0,0,0,NULL,0.00,'2025-07-23 05:10:36',NULL,'sincronizado'),(444,1,NULL,4,'insumo','723','EMBALAGEM P/ PIZZA GG','disponivel',NULL,NULL,NULL,NULL,'UN',NULL,NULL,NULL,2.96,0.00,NULL,0,1,0.00,0.00,NULL,'',NULL,NULL,NULL,NULL,NULL,NULL,NULL,NULL,NULL,NULL,'2025-06-27 17:26:34','2025-07-24 05:21:29',NULL,0,0,0,NULL,0.00,'2025-07-23 05:10:36',NULL,'sincronizado'),(445,1,NULL,4,'insumo','721','EMBALAGEM P/ PIZZA M','disponivel',NULL,NULL,NULL,NULL,'UN',NULL,NULL,NULL,1.94,0.00,NULL,0,1,0.00,0.00,NULL,'',NULL,NULL,NULL,NULL,NULL,NULL,NULL,NULL,NULL,NULL,'2025-06-27 17:26:34','2025-07-24 05:21:29',NULL,0,0,0,NULL,0.00,'2025-07-23 05:10:36',NULL,'sincronizado'),(446,1,NULL,4,'insumo','720','EMBALAGEM P/ PIZZA P','disponivel',NULL,NULL,NULL,NULL,'UN',NULL,NULL,NULL,1.74,0.00,NULL,0,1,0.00,0.00,NULL,'',NULL,NULL,NULL,NULL,NULL,NULL,NULL,NULL,NULL,NULL,'2025-06-27 17:26:34','2025-07-24 05:21:29',NULL,0,0,0,NULL,0.00,'2025-07-23 05:10:36',NULL,'sincronizado'),(447,1,NULL,4,'insumo','712','EMBALAGEM PORÇÃO G','disponivel',NULL,NULL,NULL,NULL,'UN',NULL,NULL,NULL,1.20,0.00,NULL,0,1,0.00,0.00,NULL,'',NULL,NULL,NULL,NULL,NULL,NULL,NULL,NULL,NULL,NULL,'2025-06-27 17:26:34','2025-07-24 05:21:29',NULL,0,0,0,NULL,0.00,'2025-07-23 05:10:36',NULL,'sincronizado'),(448,1,NULL,4,'insumo','713','EMBALAGEM PORÇÃO P','disponivel',NULL,NULL,NULL,NULL,'UN',NULL,NULL,NULL,0.90,0.00,NULL,0,1,0.00,0.00,NULL,'',NULL,NULL,NULL,NULL,NULL,NULL,NULL,NULL,NULL,NULL,'2025-06-27 17:26:34','2025-07-24 05:21:29',NULL,0,0,0,NULL,0.00,'2025-07-23 05:10:36',NULL,'sincronizado'),(449,1,NULL,4,'insumo','749','FANTA UVA LATA 310 ML','disponivel',NULL,NULL,NULL,NULL,'UN',NULL,NULL,NULL,2.40,0.00,NULL,0,1,0.00,0.00,NULL,'',NULL,NULL,NULL,NULL,NULL,NULL,NULL,NULL,NULL,NULL,'2025-06-27 17:26:34','2025-07-24 05:21:29',NULL,0,0,0,NULL,0.00,'2025-07-23 05:10:36',NULL,'sincronizado'),(450,1,NULL,4,'insumo','690','FIGO','disponivel',NULL,NULL,NULL,NULL,'KG',NULL,NULL,NULL,22.50,0.00,NULL,0,1,0.00,0.00,NULL,'',NULL,NULL,NULL,NULL,NULL,NULL,NULL,NULL,NULL,NULL,'2025-06-27 17:26:34','2025-07-24 05:21:30',NULL,0,0,0,NULL,0.00,'2025-07-23 05:10:36',NULL,'sincronizado'),(451,1,NULL,4,'insumo','279','FILÉ','disponivel',NULL,NULL,NULL,NULL,'KG',NULL,NULL,NULL,70.00,0.00,NULL,0,1,0.00,0.00,NULL,'',NULL,NULL,NULL,NULL,NULL,NULL,NULL,NULL,NULL,NULL,'2025-06-27 17:26:34','2025-07-24 05:21:30',NULL,0,0,0,NULL,0.00,'2025-07-23 05:10:36',NULL,'sincronizado'),(452,1,NULL,4,'insumo','288','FILÉ DE FRANGO','disponivel',NULL,NULL,NULL,NULL,'KG',NULL,NULL,NULL,20.00,0.00,NULL,0,1,0.00,0.00,NULL,'',NULL,NULL,NULL,NULL,NULL,NULL,NULL,NULL,NULL,NULL,'2025-06-27 17:26:34','2025-07-24 05:21:30',NULL,0,0,0,NULL,0.00,'2025-07-23 05:10:36',NULL,'sincronizado'),(453,1,NULL,4,'insumo','468','FRANGO','disponivel',NULL,NULL,NULL,NULL,'KG',NULL,NULL,NULL,20.00,0.00,NULL,0,1,0.00,0.00,NULL,'',NULL,NULL,NULL,NULL,NULL,NULL,NULL,NULL,NULL,NULL,'2025-06-27 17:26:34','2025-07-24 05:21:30',NULL,0,0,0,NULL,0.00,'2025-07-23 05:10:36',NULL,'sincronizado'),(454,1,NULL,4,'insumo','694','FRANGO A PASSARINHO','disponivel',NULL,NULL,NULL,NULL,'UN',NULL,NULL,NULL,15.00,0.00,NULL,0,1,0.00,0.00,NULL,'',NULL,NULL,NULL,NULL,NULL,NULL,NULL,NULL,NULL,NULL,'2025-06-27 17:26:34','2025-07-24 05:21:30',NULL,0,0,0,NULL,0.00,'2025-07-23 05:10:36',NULL,'sincronizado'),(455,1,NULL,4,'insumo','280','FRANGO DESFIADO','disponivel',NULL,NULL,NULL,NULL,'KG',NULL,NULL,NULL,22.36,0.00,NULL,0,1,0.00,0.00,NULL,'',NULL,NULL,NULL,NULL,NULL,NULL,NULL,NULL,NULL,NULL,'2025-06-27 17:26:34','2025-07-24 05:21:30',NULL,0,0,0,NULL,0.00,'2025-07-23 05:10:36',NULL,'sincronizado'),(456,1,NULL,4,'insumo','743','GELO CUBO','disponivel',NULL,NULL,NULL,NULL,'KG',NULL,NULL,NULL,4.00,0.00,NULL,0,1,0.00,0.00,NULL,'',NULL,NULL,NULL,NULL,NULL,NULL,NULL,NULL,NULL,NULL,'2025-06-27 17:26:34','2025-07-24 05:21:30',NULL,0,0,0,NULL,0.00,'2025-07-23 05:10:36',NULL,'sincronizado'),(457,1,NULL,4,'insumo','734','GIN TANQUERAY 750 ML','disponivel',NULL,NULL,NULL,NULL,'L',NULL,NULL,NULL,160.00,0.00,NULL,0,1,0.00,0.00,NULL,'',NULL,NULL,NULL,NULL,NULL,NULL,NULL,NULL,NULL,NULL,'2025-06-27 17:26:34','2025-07-24 05:21:31',NULL,0,0,0,NULL,0.00,'2025-07-23 05:10:36',NULL,'sincronizado'),(458,1,NULL,4,'insumo','688','GOIABADA','disponivel',NULL,NULL,NULL,NULL,'KG',NULL,NULL,NULL,16.00,0.00,NULL,0,1,0.00,0.00,NULL,'',NULL,NULL,NULL,NULL,NULL,NULL,NULL,NULL,NULL,NULL,'2025-06-27 17:26:34','2025-07-24 05:21:31',NULL,0,0,0,NULL,0.00,'2025-07-23 05:10:36',NULL,'sincronizado'),(459,1,NULL,4,'insumo','398','HAMBURGUER 170G','disponivel',NULL,NULL,NULL,NULL,'UN',NULL,NULL,NULL,5.10,0.00,NULL,0,1,0.00,0.00,NULL,'',NULL,NULL,NULL,NULL,NULL,NULL,NULL,NULL,NULL,NULL,'2025-06-27 17:26:34','2025-07-24 05:21:31',NULL,0,0,0,NULL,0.00,'2025-07-23 05:10:36',NULL,'sincronizado'),(460,1,NULL,4,'insumo','674','LANCHE','disponivel',NULL,NULL,NULL,NULL,'UN',NULL,NULL,NULL,0.87,0.00,NULL,0,1,0.00,0.00,NULL,'',NULL,NULL,NULL,NULL,NULL,NULL,NULL,NULL,NULL,NULL,'2025-06-27 17:26:34','2025-07-24 05:21:31',NULL,0,0,0,NULL,0.00,'2025-07-23 05:10:36',NULL,'sincronizado'),(461,1,NULL,4,'insumo','716','LARANJA KG','disponivel',NULL,NULL,NULL,NULL,'KG',NULL,NULL,NULL,8.00,0.00,NULL,0,1,0.00,0.00,NULL,'',NULL,NULL,NULL,NULL,NULL,NULL,NULL,NULL,NULL,NULL,'2025-06-27 17:26:34','2025-07-24 05:21:31',NULL,0,0,0,NULL,0.00,'2025-07-23 05:10:36',NULL,'sincronizado'),(462,1,NULL,4,'insumo','750','LEITE CONDENSADO','disponivel',NULL,NULL,NULL,NULL,'KG',NULL,NULL,NULL,25.00,0.00,NULL,0,1,0.00,0.00,NULL,'',NULL,NULL,NULL,NULL,NULL,NULL,NULL,NULL,NULL,NULL,'2025-06-27 17:26:34','2025-07-24 05:21:31',NULL,0,0,0,NULL,0.00,'2025-07-23 05:10:36',NULL,'sincronizado'),(463,1,NULL,4,'insumo','709','LIMÃO','disponivel',NULL,NULL,NULL,NULL,'KG',NULL,NULL,NULL,12.00,0.00,NULL,0,1,0.00,0.00,NULL,'',NULL,NULL,NULL,NULL,NULL,NULL,NULL,NULL,NULL,NULL,'2025-06-27 17:26:34','2025-07-24 05:21:32',NULL,0,0,0,NULL,0.00,'2025-07-23 05:10:36',NULL,'sincronizado'),(464,1,NULL,4,'insumo','485','LOMBO CANADENSE','disponivel',NULL,NULL,NULL,NULL,'KG',NULL,NULL,NULL,50.00,0.00,NULL,0,1,0.00,0.00,NULL,'',NULL,NULL,NULL,NULL,NULL,NULL,NULL,NULL,NULL,NULL,'2025-06-27 17:26:34','2025-07-24 05:21:32',NULL,0,0,0,NULL,0.00,'2025-07-23 05:10:36',NULL,'sincronizado'),(465,1,NULL,4,'insumo','274','MAIONESE TEMPERADA','disponivel',NULL,NULL,NULL,NULL,'UN',NULL,NULL,NULL,0.87,0.00,NULL,0,1,0.00,0.00,NULL,'',NULL,NULL,NULL,NULL,NULL,NULL,NULL,NULL,NULL,NULL,'2025-06-27 17:26:34','2025-07-24 05:21:32',NULL,0,0,0,NULL,0.00,'2025-07-23 05:10:36',NULL,'sincronizado'),(466,1,NULL,4,'insumo','701','MANDIOCA CRUA','disponivel',NULL,NULL,NULL,NULL,'KG',NULL,NULL,NULL,6.00,0.00,NULL,0,1,0.00,0.00,NULL,'',NULL,NULL,NULL,NULL,NULL,NULL,NULL,NULL,NULL,NULL,'2025-06-27 17:26:34','2025-07-24 05:21:32',NULL,0,0,0,NULL,0.00,'2025-07-23 05:10:36',NULL,'sincronizado'),(467,1,NULL,4,'insumo','707','MARGARINA','disponivel',NULL,NULL,NULL,NULL,'KG',NULL,NULL,NULL,15.00,0.00,NULL,0,1,0.00,0.00,NULL,'',NULL,NULL,NULL,NULL,NULL,NULL,NULL,NULL,NULL,NULL,'2025-06-27 17:26:34','2025-07-24 05:21:32',NULL,0,0,0,NULL,0.00,'2025-07-23 05:10:36',NULL,'sincronizado'),(468,1,NULL,4,'insumo','493','MASSA DE PIZZA','disponivel',NULL,NULL,NULL,NULL,'KG',NULL,NULL,NULL,6.25,0.00,NULL,0,1,0.00,0.00,NULL,'',NULL,NULL,NULL,NULL,NULL,NULL,NULL,NULL,NULL,NULL,'2025-06-27 17:26:34','2025-07-24 05:21:32',NULL,0,0,0,NULL,0.00,'2025-07-23 05:10:36',NULL,'sincronizado'),(469,1,NULL,4,'insumo','381','MILHO','disponivel',NULL,NULL,NULL,NULL,'KG',NULL,NULL,NULL,17.00,0.00,NULL,0,1,0.00,0.00,NULL,'',NULL,NULL,NULL,NULL,NULL,NULL,NULL,NULL,NULL,NULL,'2025-06-27 17:26:34','2025-07-24 05:21:32',NULL,0,0,0,NULL,0.00,'2025-07-23 05:10:36',NULL,'sincronizado'),(470,1,NULL,4,'insumo','677','MOLHO 4 QUEIJO','disponivel',NULL,NULL,NULL,NULL,'KG',NULL,NULL,NULL,32.50,0.00,NULL,0,1,0.00,0.00,NULL,'',NULL,NULL,NULL,NULL,NULL,NULL,NULL,NULL,NULL,NULL,'2025-06-27 17:26:34','2025-07-24 05:21:33',NULL,0,0,0,NULL,0.00,'2025-07-23 05:10:36',NULL,'sincronizado'),(471,1,NULL,4,'insumo','383','MOLHO CATUPIRY','disponivel',NULL,NULL,NULL,NULL,'KG',NULL,NULL,NULL,30.00,0.00,NULL,0,1,0.00,0.00,NULL,'',NULL,NULL,NULL,NULL,NULL,NULL,NULL,NULL,NULL,NULL,'2025-06-27 17:26:34','2025-07-24 05:21:33',NULL,0,0,0,NULL,0.00,'2025-07-23 05:10:36',NULL,'sincronizado'),(472,1,NULL,4,'insumo','678','MOLHO CHEDDAR','disponivel',NULL,NULL,NULL,NULL,'KG',NULL,NULL,NULL,32.70,0.00,NULL,0,1,0.00,0.00,NULL,'',NULL,NULL,NULL,NULL,NULL,NULL,NULL,NULL,NULL,NULL,'2025-06-27 17:26:34','2025-07-24 05:21:33',NULL,0,0,0,NULL,0.00,'2025-07-23 05:10:36',NULL,'sincronizado'),(473,1,NULL,4,'insumo','727','MOLHO DE TOMATE','disponivel',NULL,NULL,NULL,NULL,'L',NULL,NULL,NULL,13.90,0.00,NULL,0,1,0.00,0.00,NULL,'',NULL,NULL,NULL,NULL,NULL,NULL,NULL,NULL,NULL,NULL,'2025-06-27 17:26:34','2025-07-24 05:21:33',NULL,0,0,0,NULL,0.00,'2025-07-23 05:10:36',NULL,'sincronizado'),(474,1,NULL,4,'insumo','715','MOLHO TÁRTARO','disponivel',NULL,NULL,NULL,NULL,'L',NULL,NULL,NULL,7.00,0.00,NULL,0,1,0.00,0.00,NULL,'',NULL,NULL,NULL,NULL,NULL,NULL,NULL,NULL,NULL,NULL,'2025-06-27 17:26:34','2025-07-24 05:21:33',NULL,0,0,0,NULL,0.00,'2025-07-23 05:10:36',NULL,'sincronizado'),(475,1,NULL,4,'insumo','714','MOSTARDA','disponivel',NULL,NULL,NULL,NULL,'L',NULL,NULL,NULL,5.00,0.00,NULL,0,1,0.00,0.00,NULL,'',NULL,NULL,NULL,NULL,NULL,NULL,NULL,NULL,NULL,NULL,'2025-06-27 17:26:34','2025-07-24 05:21:33',NULL,0,0,0,NULL,0.00,'2025-07-23 05:10:36',NULL,'sincronizado'),(476,1,NULL,4,'insumo','262','MUSSARELA','disponivel',NULL,NULL,NULL,NULL,'KG',NULL,NULL,NULL,35.00,0.00,NULL,0,1,0.00,0.00,NULL,'',NULL,NULL,NULL,NULL,NULL,NULL,NULL,NULL,NULL,NULL,'2025-06-27 17:26:34','2025-07-24 05:21:34',NULL,0,0,0,NULL,0.00,'2025-07-23 05:10:36',NULL,'sincronizado'),(477,1,NULL,4,'insumo','271','OLEO COMUM','disponivel',NULL,NULL,NULL,NULL,'L',NULL,NULL,NULL,7.00,0.00,NULL,0,1,0.00,0.00,NULL,'',NULL,NULL,NULL,NULL,NULL,NULL,NULL,NULL,NULL,NULL,'2025-06-27 17:26:34','2025-07-24 05:21:34',NULL,0,0,0,NULL,0.00,'2025-07-23 05:10:36',NULL,'sincronizado'),(478,1,NULL,4,'insumo','700','OLEO PREMIUM','disponivel',NULL,NULL,NULL,NULL,'L',NULL,NULL,NULL,13.00,0.00,NULL,0,1,0.00,0.00,NULL,'',NULL,NULL,NULL,NULL,NULL,NULL,NULL,NULL,NULL,NULL,'2025-06-27 17:26:34','2025-07-24 05:21:34',NULL,0,0,0,NULL,0.00,'2025-07-23 05:10:36',NULL,'sincronizado'),(479,1,NULL,4,'insumo','681','ORÉGANO','disponivel',NULL,NULL,NULL,NULL,'KG',NULL,NULL,NULL,22.00,0.00,NULL,0,1,0.00,0.00,NULL,'',NULL,NULL,NULL,NULL,NULL,NULL,NULL,NULL,NULL,NULL,'2025-06-27 17:26:34','2025-07-24 05:21:34',NULL,0,0,0,NULL,0.00,'2025-07-23 05:10:36',NULL,'sincronizado'),(480,1,NULL,4,'insumo','264','OVO','disponivel',NULL,NULL,NULL,NULL,'UN',NULL,NULL,NULL,0.67,0.00,NULL,0,1,0.00,0.00,NULL,'',NULL,NULL,NULL,NULL,NULL,NULL,NULL,NULL,NULL,NULL,'2025-06-27 17:26:34','2025-07-24 05:21:34',NULL,0,0,0,NULL,0.00,'2025-07-23 05:10:36',NULL,'sincronizado'),(481,1,NULL,4,'insumo','728','OVO COZIDO','disponivel',NULL,NULL,NULL,NULL,'UN',NULL,NULL,NULL,0.70,0.00,NULL,0,1,0.00,0.00,NULL,'',NULL,NULL,NULL,NULL,NULL,NULL,NULL,NULL,NULL,NULL,'2025-06-27 17:26:34','2025-07-24 05:21:34',NULL,0,0,0,NULL,0.00,'2025-07-23 05:10:36',NULL,'sincronizado'),(482,1,NULL,4,'insumo','486','PALMITO','disponivel',NULL,NULL,NULL,NULL,'KG',NULL,NULL,NULL,30.00,0.00,NULL,0,1,0.00,0.00,NULL,'',NULL,NULL,NULL,NULL,NULL,NULL,NULL,NULL,NULL,NULL,'2025-06-27 17:26:34','2025-07-24 05:21:34',NULL,0,0,0,NULL,0.00,'2025-07-23 05:10:36',NULL,'sincronizado'),(483,1,NULL,4,'insumo','326','PAO GOURMET','disponivel',NULL,NULL,NULL,NULL,'UN',NULL,NULL,NULL,1.00,0.00,NULL,0,1,0.00,0.00,NULL,'',NULL,NULL,NULL,NULL,NULL,NULL,NULL,NULL,NULL,NULL,'2025-06-27 17:26:34','2025-07-24 05:21:35',NULL,0,0,0,NULL,0.00,'2025-07-23 05:10:36',NULL,'sincronizado'),(484,1,NULL,4,'insumo','289','PAO GRANDE','disponivel',NULL,NULL,NULL,NULL,'UN',NULL,NULL,NULL,1.96,0.00,NULL,0,1,0.00,0.00,NULL,'',NULL,NULL,NULL,NULL,NULL,NULL,NULL,NULL,NULL,NULL,'2025-06-27 17:26:34','2025-07-24 05:21:35',NULL,0,0,0,NULL,0.00,'2025-07-23 05:10:36',NULL,'sincronizado'),(485,1,NULL,4,'insumo','268','PAO NORMAL','disponivel',NULL,NULL,NULL,NULL,'UN',NULL,NULL,NULL,1.64,0.00,NULL,0,1,0.00,0.00,NULL,'',NULL,NULL,NULL,NULL,NULL,NULL,NULL,NULL,NULL,NULL,'2025-06-27 17:26:34','2025-07-24 05:21:35',NULL,0,0,0,NULL,0.00,'2025-07-23 05:10:36',NULL,'sincronizado'),(486,1,NULL,4,'insumo','502','PEPPERONI','disponivel',NULL,NULL,NULL,NULL,'KG',NULL,NULL,NULL,90.00,0.00,NULL,0,1,0.00,0.00,NULL,'',NULL,NULL,NULL,NULL,NULL,NULL,NULL,NULL,NULL,NULL,'2025-06-27 17:26:34','2025-07-24 05:21:35',NULL,0,0,0,NULL,0.00,'2025-07-23 05:10:36',NULL,'sincronizado'),(487,1,NULL,4,'insumo','689','PÊSSEGO','disponivel',NULL,NULL,NULL,NULL,'KG',NULL,NULL,NULL,29.00,0.00,NULL,0,1,0.00,0.00,NULL,'',NULL,NULL,NULL,NULL,NULL,NULL,NULL,NULL,NULL,NULL,'2025-06-27 17:26:34','2025-07-24 05:21:35',NULL,0,0,0,NULL,0.00,'2025-07-23 05:10:36',NULL,'sincronizado'),(488,1,NULL,4,'insumo','323','PICANHA','disponivel',NULL,NULL,NULL,NULL,'KG',NULL,NULL,NULL,80.00,0.00,NULL,0,1,0.00,0.00,NULL,'',NULL,NULL,NULL,NULL,NULL,NULL,NULL,NULL,NULL,NULL,'2025-06-27 17:26:34','2025-07-24 05:21:35',NULL,0,0,0,NULL,0.00,'2025-07-23 05:10:36',NULL,'sincronizado'),(489,1,NULL,4,'insumo','730','PIMENTA CALABREZA','disponivel',NULL,NULL,NULL,NULL,'KG',NULL,NULL,NULL,50.00,0.00,NULL,0,1,0.00,0.00,NULL,'',NULL,NULL,NULL,NULL,NULL,NULL,NULL,NULL,NULL,NULL,'2025-06-27 17:26:34','2025-07-24 05:21:36',NULL,0,0,0,NULL,0.00,'2025-07-23 05:10:36',NULL,'sincronizado'),(490,1,NULL,4,'insumo','729','PIMENTA DO REINO','disponivel',NULL,NULL,NULL,NULL,'KG',NULL,NULL,NULL,40.00,0.00,NULL,0,1,0.00,0.00,NULL,'',NULL,NULL,NULL,NULL,NULL,NULL,NULL,NULL,NULL,NULL,'2025-06-27 17:26:34','2025-07-24 05:21:36',NULL,0,0,0,NULL,0.00,'2025-07-23 05:10:36',NULL,'sincronizado'),(491,1,NULL,4,'insumo','741','PINGA VELHO BARREIRO 1 LITRO','disponivel',NULL,NULL,NULL,NULL,'L',NULL,NULL,NULL,15.00,0.00,NULL,0,1,0.00,0.00,NULL,'',NULL,NULL,NULL,NULL,NULL,NULL,NULL,NULL,NULL,NULL,'2025-06-27 17:26:34','2025-07-24 05:21:36',NULL,0,0,0,NULL,0.00,'2025-07-23 05:10:36',NULL,'sincronizado'),(492,1,NULL,4,'insumo','719','POLPA DE ABACAXI C/ HORTELÃ','disponivel',NULL,NULL,NULL,NULL,'UN',NULL,NULL,NULL,2.20,0.00,NULL,0,1,0.00,0.00,NULL,'',NULL,NULL,NULL,NULL,NULL,NULL,NULL,NULL,NULL,NULL,'2025-06-27 17:26:34','2025-07-24 05:21:36',NULL,0,0,0,NULL,0.00,'2025-07-23 05:10:36',NULL,'sincronizado'),(493,1,NULL,4,'insumo','718','POLPA DE ACEROLA','disponivel',NULL,NULL,NULL,NULL,'UN',NULL,NULL,NULL,2.10,0.00,NULL,0,1,0.00,0.00,NULL,'',NULL,NULL,NULL,NULL,NULL,NULL,NULL,NULL,NULL,NULL,'2025-06-27 17:26:34','2025-07-24 05:21:36',NULL,0,0,0,NULL,0.00,'2025-07-23 05:10:36',NULL,'sincronizado'),(494,1,NULL,4,'insumo','748','POLPA DE MORANGO','disponivel',NULL,NULL,NULL,NULL,'UN',NULL,NULL,NULL,2.50,0.00,NULL,0,1,0.00,0.00,NULL,'',NULL,NULL,NULL,NULL,NULL,NULL,NULL,NULL,NULL,NULL,'2025-06-27 17:26:34','2025-07-24 05:21:36',NULL,0,0,0,NULL,0.00,'2025-07-23 05:10:36',NULL,'sincronizado'),(495,1,NULL,4,'insumo','717','POLPA MARACUJA','disponivel',NULL,NULL,NULL,NULL,'UN',NULL,NULL,NULL,3.60,0.00,NULL,0,1,0.00,0.00,NULL,'',NULL,NULL,NULL,NULL,NULL,NULL,NULL,NULL,NULL,NULL,'2025-06-27 17:26:34','2025-07-24 05:21:36',NULL,0,0,0,NULL,0.00,'2025-07-23 05:10:36',NULL,'sincronizado'),(496,1,NULL,4,'insumo','269','PRESUNTO','disponivel',NULL,NULL,NULL,NULL,'KG',NULL,NULL,NULL,23.00,0.00,NULL,0,1,0.00,0.00,NULL,'',NULL,NULL,NULL,NULL,NULL,NULL,NULL,NULL,NULL,NULL,'2025-06-27 17:26:34','2025-07-24 05:21:37',NULL,0,0,0,NULL,0.00,'2025-07-23 05:10:36',NULL,'sincronizado'),(497,1,NULL,4,'insumo','703','SAL ARISCO','disponivel',NULL,NULL,NULL,NULL,'KG',NULL,NULL,NULL,13.00,0.00,NULL,0,1,0.00,0.00,NULL,'',NULL,NULL,NULL,NULL,NULL,NULL,NULL,NULL,NULL,NULL,'2025-06-27 17:26:34','2025-07-24 05:21:37',NULL,0,0,0,NULL,0.00,'2025-07-23 05:10:36',NULL,'sincronizado'),(498,1,NULL,4,'insumo','705','SAL BRANCO','disponivel',NULL,NULL,NULL,NULL,'KG',NULL,NULL,NULL,8.00,0.00,NULL,0,1,0.00,0.00,NULL,'',NULL,NULL,NULL,NULL,NULL,NULL,NULL,NULL,NULL,NULL,'2025-06-27 17:26:34','2025-07-24 05:21:37',NULL,0,0,0,NULL,0.00,'2025-07-23 05:10:36',NULL,'sincronizado'),(499,1,NULL,4,'insumo','704','SAL PARRILHA','disponivel',NULL,NULL,NULL,NULL,'KG',NULL,NULL,NULL,25.00,0.00,NULL,0,1,0.00,0.00,NULL,'',NULL,NULL,NULL,NULL,NULL,NULL,NULL,NULL,NULL,NULL,'2025-06-27 17:26:34','2025-07-24 05:21:37',NULL,0,0,0,NULL,0.00,'2025-07-23 05:10:36',NULL,'sincronizado'),(500,1,NULL,4,'insumo','487','SALAMINHO ITALIANO','disponivel',NULL,NULL,NULL,NULL,'KG',NULL,NULL,NULL,60.00,0.00,NULL,0,1,0.00,0.00,NULL,'',NULL,NULL,NULL,NULL,NULL,NULL,NULL,NULL,NULL,NULL,'2025-06-27 17:26:34','2025-07-24 05:21:37',NULL,0,0,0,NULL,0.00,'2025-07-23 05:10:36',NULL,'sincronizado'),(501,1,NULL,4,'insumo','265','SALSICHA','disponivel',NULL,NULL,NULL,NULL,'KG',NULL,NULL,NULL,9.00,0.00,NULL,0,1,0.00,0.00,NULL,'',NULL,NULL,NULL,NULL,NULL,NULL,NULL,NULL,NULL,NULL,'2025-06-27 17:26:34','2025-07-24 05:21:37',NULL,0,0,0,NULL,0.00,'2025-07-23 05:10:36',NULL,'sincronizado'),(502,1,NULL,4,'insumo','731','SORVETE KG','disponivel',NULL,NULL,NULL,NULL,'KG',NULL,NULL,NULL,17.00,0.00,NULL,0,1,0.00,0.00,NULL,'',NULL,NULL,NULL,NULL,NULL,NULL,NULL,NULL,NULL,NULL,'2025-06-27 17:26:34','2025-07-24 05:21:38',NULL,0,0,0,NULL,0.00,'2025-07-23 05:10:36',NULL,'sincronizado'),(503,1,NULL,4,'insumo','747','SPRITE LATA 220ML','disponivel',NULL,NULL,NULL,NULL,'UN',NULL,NULL,NULL,2.50,0.00,NULL,0,1,0.00,0.00,NULL,'',NULL,NULL,NULL,NULL,NULL,NULL,NULL,NULL,NULL,NULL,'2025-06-27 17:26:34','2025-07-24 05:21:38',NULL,0,0,0,NULL,0.00,'2025-07-23 05:10:36',NULL,'sincronizado'),(504,1,NULL,4,'insumo','725','STROGONOF FILÉ','disponivel',NULL,NULL,NULL,NULL,'KG',NULL,NULL,NULL,55.00,0.00,NULL,0,1,0.00,0.00,NULL,'',NULL,NULL,NULL,NULL,NULL,NULL,NULL,NULL,NULL,NULL,'2025-06-27 17:26:34','2025-07-24 05:21:38',NULL,0,0,0,NULL,0.00,'2025-07-23 05:10:36',NULL,'sincronizado'),(505,1,NULL,4,'insumo','266','TOMATE','disponivel',NULL,NULL,NULL,NULL,'KG',NULL,NULL,NULL,12.00,0.00,NULL,0,1,0.00,0.00,NULL,'',NULL,NULL,NULL,NULL,NULL,NULL,NULL,NULL,NULL,NULL,'2025-06-27 17:26:34','2025-07-24 05:21:38',NULL,0,0,0,NULL,0.00,'2025-07-23 05:10:36',NULL,'sincronizado'),(506,1,NULL,4,'insumo','696','VENTRECHA C/ ESPINHO','disponivel',NULL,NULL,NULL,NULL,'KG',NULL,NULL,NULL,45.00,0.00,NULL,0,1,0.00,0.00,NULL,'',NULL,NULL,NULL,NULL,NULL,NULL,NULL,NULL,NULL,NULL,'2025-06-27 17:26:34','2025-07-24 05:21:38',NULL,0,0,0,NULL,0.00,'2025-07-23 05:10:36',NULL,'sincronizado'),(507,1,NULL,4,'insumo','695','VENTRECHA S/ ESPINHO','disponivel',NULL,NULL,NULL,NULL,'KG',NULL,NULL,NULL,60.00,0.00,NULL,0,1,0.00,0.00,NULL,'',NULL,NULL,NULL,NULL,NULL,NULL,NULL,NULL,NULL,NULL,'2025-06-27 17:26:34','2025-07-24 05:21:38',NULL,0,0,0,NULL,0.00,'2025-07-23 05:10:36',NULL,'sincronizado'),(508,1,NULL,4,'insumo','710','VINAGRE','disponivel',NULL,NULL,NULL,NULL,'L',NULL,NULL,NULL,5.00,0.00,NULL,0,1,0.00,0.00,NULL,'',NULL,NULL,NULL,NULL,NULL,NULL,NULL,NULL,NULL,NULL,'2025-06-27 17:26:34','2025-07-24 05:21:38',NULL,0,0,0,NULL,0.00,'2025-07-23 05:10:36',NULL,'sincronizado'),(509,1,NULL,4,'insumo','735','VINHO SANGUE DE BOI 750ML GARRAFA','disponivel',NULL,NULL,NULL,NULL,'L',NULL,NULL,NULL,20.00,0.00,NULL,0,1,0.00,0.00,NULL,'',NULL,NULL,NULL,NULL,NULL,NULL,NULL,NULL,NULL,NULL,'2025-06-27 17:26:34','2025-07-24 05:21:39',NULL,0,0,0,NULL,0.00,'2025-07-23 05:10:36',NULL,'sincronizado'),(510,1,NULL,4,'insumo','745','VODKA SMIRNOOF 1 LITRO','disponivel',NULL,NULL,NULL,NULL,'L',NULL,NULL,NULL,50.00,0.00,NULL,0,1,0.00,0.00,NULL,'',NULL,NULL,NULL,NULL,NULL,NULL,NULL,NULL,NULL,NULL,'2025-06-27 17:26:34','2025-07-24 05:21:39',NULL,0,0,0,NULL,0.00,'2025-07-23 05:10:36',NULL,'sincronizado'),(511,1,NULL,4,'insumo','746','WHISK CAVALO BRANCO 1 L','disponivel',NULL,NULL,NULL,NULL,'L',NULL,NULL,NULL,80.00,0.00,NULL,0,1,0.00,0.00,NULL,'',NULL,NULL,NULL,NULL,NULL,NULL,NULL,NULL,NULL,NULL,'2025-06-27 17:26:34','2025-07-24 05:21:39',NULL,0,0,0,NULL,0.00,'2025-07-23 05:10:36',NULL,'sincronizado'),(512,1,NULL,4,'insumo','736','WHISKY JACK DANIELS 1LT','disponivel',NULL,NULL,NULL,NULL,'L',NULL,NULL,NULL,120.00,0.00,NULL,0,1,0.00,0.00,NULL,'',NULL,NULL,NULL,NULL,NULL,NULL,NULL,NULL,NULL,NULL,'2025-06-27 17:26:34','2025-07-24 05:21:39',NULL,0,0,0,NULL,0.00,'2025-07-23 05:10:36',NULL,'sincronizado'),(513,1,NULL,4,'insumo','737','WHISKY JACK DANIELS TENNESSE HONEY 1LT','disponivel',NULL,NULL,NULL,NULL,'L',NULL,NULL,NULL,140.00,0.00,NULL,0,1,0.00,0.00,NULL,'',NULL,NULL,NULL,NULL,NULL,NULL,NULL,NULL,NULL,NULL,'2025-06-27 17:26:34','2025-07-24 05:21:39',NULL,0,0,0,NULL,0.00,'2025-07-23 05:10:36',NULL,'sincronizado'),(514,1,NULL,4,'insumo','738','WHISKY JACK DANIELS TENNESSEE FIRE 1LT','disponivel',NULL,NULL,NULL,NULL,'L',NULL,NULL,NULL,140.00,0.00,NULL,0,1,0.00,0.00,NULL,'',NULL,NULL,NULL,NULL,NULL,NULL,NULL,NULL,NULL,NULL,'2025-06-27 17:26:34','2025-07-24 05:21:39',NULL,0,0,0,NULL,0.00,'2025-07-23 05:10:36',NULL,'sincronizado'),(515,1,NULL,4,'insumo','739','WHISKY JOHNNIE WALKER RED LABEL 1LT','disponivel',NULL,NULL,NULL,NULL,'L',NULL,NULL,NULL,90.00,0.00,NULL,0,1,0.00,0.00,NULL,'',NULL,NULL,NULL,NULL,NULL,NULL,NULL,NULL,NULL,NULL,'2025-06-27 17:26:34','2025-07-24 05:21:40',NULL,0,0,0,NULL,0.00,'2025-07-23 05:10:36',NULL,'sincronizado'),(516,1,NULL,5,'complemento','425','+ 1 BOLA','disponivel','','',NULL,NULL,'UN',NULL,NULL,0,0.00,3.00,0.00,0,1,0.00,0.00,0.00,'esgotado',NULL,'',NULL,NULL,NULL,NULL,NULL,NULL,NULL,NULL,'2025-06-27 17:26:42','2025-07-24 05:21:40',NULL,0,0,0,NULL,0.00,'2025-07-23 05:10:36',NULL,'sincronizado'),(517,1,NULL,5,'complemento','549','ACEROLA','indisponivel',NULL,NULL,NULL,NULL,'UN',NULL,NULL,NULL,1.00,2.00,NULL,0,1,0.00,0.00,NULL,'esgotado',NULL,NULL,NULL,NULL,NULL,NULL,NULL,NULL,NULL,NULL,'2025-06-27 17:26:42','2025-07-24 05:21:40',NULL,0,0,0,NULL,0.00,'2025-07-23 05:10:36',NULL,'sincronizado'),(518,1,NULL,5,'complemento','668','ADC MANDIOCA','disponivel',NULL,NULL,NULL,NULL,'UN',NULL,NULL,NULL,0.00,10.00,NULL,0,1,0.00,0.00,NULL,'esgotado',NULL,NULL,NULL,NULL,NULL,NULL,NULL,NULL,NULL,NULL,'2025-06-27 17:26:42','2025-07-24 05:21:40',NULL,0,0,0,NULL,0.00,'2025-07-23 05:10:36',NULL,'sincronizado'),(519,1,NULL,5,'complemento','320','ALFACE','disponivel',NULL,NULL,NULL,NULL,'UN',NULL,NULL,NULL,0.33,2.00,NULL,0,1,0.00,0.00,NULL,'esgotado',NULL,NULL,NULL,NULL,NULL,NULL,NULL,NULL,NULL,NULL,'2025-06-27 17:26:42','2025-07-24 05:21:40',NULL,0,0,0,NULL,0.00,'2025-07-23 05:10:36',NULL,'sincronizado'),(520,1,NULL,5,'complemento','632','ARROZ BRANCO (A LA CARTE)','disponivel',NULL,NULL,NULL,NULL,'UN',NULL,NULL,NULL,0.00,15.00,NULL,0,1,0.00,0.00,NULL,'esgotado',NULL,NULL,NULL,NULL,NULL,NULL,NULL,NULL,NULL,NULL,'2025-06-27 17:26:42','2025-07-24 05:21:40',NULL,0,0,0,NULL,0.00,'2025-07-23 05:10:36',NULL,'sincronizado'),(521,1,NULL,5,'complemento','81','BACON LANCHE','disponivel',NULL,NULL,NULL,NULL,'UN',NULL,NULL,NULL,0.00,4.00,NULL,0,1,0.00,0.00,NULL,'esgotado',NULL,NULL,NULL,NULL,NULL,NULL,NULL,NULL,NULL,NULL,'2025-06-27 17:26:42','2025-07-24 05:21:40',NULL,0,0,0,NULL,0.00,'2025-07-23 05:10:36',NULL,'sincronizado'),(522,1,NULL,5,'complemento','318','BACON PORÇÃO','disponivel',NULL,NULL,NULL,NULL,'UN',NULL,NULL,NULL,0.00,5.00,NULL,0,1,0.00,0.00,NULL,'esgotado',NULL,NULL,NULL,NULL,NULL,NULL,NULL,NULL,NULL,NULL,'2025-06-27 17:26:42','2025-07-24 05:21:41',NULL,0,0,0,NULL,0.00,'2025-07-23 05:10:36',NULL,'sincronizado'),(523,1,NULL,5,'complemento','449','BANANA','disponivel',NULL,NULL,NULL,NULL,'UN',NULL,NULL,NULL,0.00,0.00,NULL,0,1,0.00,0.00,NULL,'esgotado',NULL,NULL,NULL,NULL,NULL,NULL,NULL,NULL,NULL,NULL,'2025-06-27 17:26:42','2025-07-24 05:21:41',NULL,0,0,0,NULL,0.00,'2025-07-23 05:10:36',NULL,'sincronizado'),(524,1,NULL,5,'complemento','293','BARBECUE','disponivel',NULL,NULL,NULL,NULL,'UN',NULL,NULL,NULL,0.00,3.00,NULL,0,1,0.00,0.00,NULL,'esgotado',NULL,NULL,NULL,NULL,NULL,NULL,NULL,NULL,NULL,NULL,'2025-06-27 17:26:42','2025-07-24 05:21:41',NULL,0,0,0,NULL,0.00,'2025-07-23 05:10:36',NULL,'sincronizado'),(525,1,NULL,5,'complemento','505','BASTANTE CEBOLA','disponivel',NULL,NULL,NULL,NULL,'UN',NULL,NULL,NULL,0.00,4.00,NULL,0,1,0.00,0.00,NULL,'esgotado',NULL,NULL,NULL,NULL,NULL,NULL,NULL,NULL,NULL,NULL,'2025-06-27 17:26:42','2025-07-24 05:21:41',NULL,0,0,0,NULL,0.00,'2025-07-23 05:10:36',NULL,'sincronizado'),(526,1,NULL,5,'complemento','631','BATATA FRITA (A LA CARTE)','disponivel',NULL,NULL,NULL,NULL,'UN',NULL,NULL,NULL,0.00,20.00,NULL,0,1,0.00,0.00,NULL,'esgotado',NULL,NULL,NULL,NULL,NULL,NULL,NULL,NULL,NULL,NULL,'2025-06-27 17:26:42','2025-07-24 05:21:41',NULL,0,0,0,NULL,0.00,'2025-07-23 05:10:36',NULL,'sincronizado'),(527,1,NULL,5,'complemento','120','BATATA FRITA 200G','indisponivel',NULL,NULL,NULL,NULL,'UN',NULL,NULL,NULL,2.00,5.00,NULL,0,1,0.00,0.00,NULL,'esgotado',NULL,NULL,NULL,NULL,NULL,NULL,NULL,NULL,NULL,NULL,'2025-06-27 17:26:42','2025-07-24 05:21:41',NULL,0,0,0,NULL,0.00,'2025-07-23 05:10:36',NULL,'sincronizado'),(528,1,NULL,5,'complemento','573','BATATA PALHA LANCHE','disponivel',NULL,NULL,NULL,NULL,'UN',NULL,NULL,NULL,0.00,2.00,NULL,0,1,0.00,0.00,NULL,'esgotado',NULL,NULL,NULL,NULL,NULL,NULL,NULL,NULL,NULL,NULL,'2025-06-27 17:26:42','2025-07-24 05:21:42',NULL,0,0,0,NULL,0.00,'2025-07-23 05:10:36',NULL,'sincronizado'),(529,1,NULL,5,'complemento','369','BORDA DE CATUPIRY ( EXTRA GG )','disponivel',NULL,NULL,NULL,NULL,'UN',NULL,NULL,NULL,0.00,18.00,NULL,0,1,0.00,0.00,NULL,'esgotado',NULL,NULL,NULL,NULL,NULL,NULL,NULL,NULL,NULL,NULL,'2025-06-27 17:26:42','2025-07-24 05:21:42',NULL,0,0,0,NULL,0.00,'2025-07-23 05:10:36',NULL,'sincronizado'),(530,1,NULL,5,'complemento','371','BORDA DE CATUPIRY ( G )','disponivel',NULL,NULL,NULL,NULL,'UN',NULL,NULL,NULL,0.00,11.00,NULL,0,1,0.00,0.00,NULL,'esgotado',NULL,NULL,NULL,NULL,NULL,NULL,NULL,NULL,NULL,NULL,'2025-06-27 17:26:42','2025-07-24 05:21:42',NULL,0,0,0,NULL,0.00,'2025-07-23 05:10:36',NULL,'sincronizado'),(531,1,NULL,5,'complemento','370','BORDA DE CATUPIRY ( GG )','disponivel',NULL,NULL,NULL,NULL,'UN',NULL,NULL,NULL,0.00,16.00,NULL,0,1,0.00,0.00,NULL,'esgotado',NULL,NULL,NULL,NULL,NULL,NULL,NULL,NULL,NULL,NULL,'2025-06-27 17:26:42','2025-07-24 05:21:42',NULL,0,0,0,NULL,0.00,'2025-07-23 05:10:36',NULL,'sincronizado'),(532,1,NULL,5,'complemento','373','BORDA DE CATUPIRY ( M  )','disponivel',NULL,NULL,NULL,NULL,'UN',NULL,NULL,NULL,0.00,12.00,NULL,0,1,0.00,0.00,NULL,'esgotado',NULL,NULL,NULL,NULL,NULL,NULL,NULL,NULL,NULL,NULL,'2025-06-27 17:26:42','2025-07-24 05:21:42',NULL,0,0,0,NULL,0.00,'2025-07-23 05:10:36',NULL,'sincronizado'),(533,1,NULL,5,'complemento','575','BORDA DE CATUPIRY ( P )','disponivel',NULL,NULL,NULL,NULL,'UN',NULL,NULL,NULL,4.50,10.00,NULL,0,1,0.00,0.00,NULL,'esgotado',NULL,NULL,NULL,NULL,NULL,NULL,NULL,NULL,NULL,NULL,'2025-06-27 17:26:42','2025-07-24 05:21:42',NULL,0,0,0,NULL,0.00,'2025-07-23 05:10:36',NULL,'sincronizado'),(534,1,NULL,5,'complemento','577','BORDA DE CHEDDAR (   P)','disponivel',NULL,NULL,NULL,NULL,'UN',NULL,NULL,NULL,4.50,10.00,NULL,0,1,0.00,0.00,NULL,'esgotado',NULL,NULL,NULL,NULL,NULL,NULL,NULL,NULL,NULL,NULL,'2025-06-27 17:26:42','2025-07-24 05:21:42',NULL,0,0,0,NULL,0.00,'2025-07-23 05:10:36',NULL,'sincronizado'),(535,1,NULL,5,'complemento','149','BORDA DE CHEDDAR (  EXTRA GG )','disponivel',NULL,NULL,NULL,NULL,'UN',NULL,NULL,NULL,0.00,18.00,NULL,0,1,0.00,0.00,NULL,'esgotado',NULL,NULL,NULL,NULL,NULL,NULL,NULL,NULL,NULL,NULL,'2025-06-27 17:26:42','2025-07-24 05:21:43',NULL,0,0,0,NULL,0.00,'2025-07-23 05:10:36',NULL,'sincronizado'),(536,1,NULL,5,'complemento','115','BORDA DE CHEDDAR ( G )','disponivel',NULL,NULL,NULL,NULL,'UN',NULL,NULL,NULL,0.00,11.00,NULL,0,1,0.00,0.00,NULL,'esgotado',NULL,NULL,NULL,NULL,NULL,NULL,NULL,NULL,NULL,NULL,'2025-06-27 17:26:42','2025-07-24 05:21:43',NULL,0,0,0,NULL,0.00,'2025-07-23 05:10:36',NULL,'sincronizado'),(537,1,NULL,5,'complemento','60','BORDA DE CHEDDAR ( GG )','disponivel',NULL,NULL,NULL,NULL,'UN',NULL,NULL,NULL,0.00,16.00,NULL,0,1,0.00,0.00,NULL,'esgotado',NULL,NULL,NULL,NULL,NULL,NULL,NULL,NULL,NULL,NULL,'2025-06-27 17:26:42','2025-07-24 05:21:43',NULL,0,0,0,NULL,0.00,'2025-07-23 05:10:36',NULL,'sincronizado'),(538,1,NULL,5,'complemento','231','BORDA DE CHEDDAR ( M )','disponivel',NULL,NULL,NULL,NULL,'UN',NULL,NULL,NULL,0.00,12.00,NULL,0,1,0.00,0.00,NULL,'esgotado',NULL,NULL,NULL,NULL,NULL,NULL,NULL,NULL,NULL,NULL,'2025-06-27 17:26:42','2025-07-24 05:21:43',NULL,0,0,0,NULL,0.00,'2025-07-23 05:10:36',NULL,'sincronizado'),(539,1,NULL,5,'complemento','578','BORDA DE CHEDDAR COM BACON (  P)','disponivel',NULL,NULL,NULL,NULL,'UN',NULL,NULL,NULL,4.50,10.00,NULL,0,1,0.00,0.00,NULL,'esgotado',NULL,NULL,NULL,NULL,NULL,NULL,NULL,NULL,NULL,NULL,'2025-06-27 17:26:42','2025-07-24 05:21:43',NULL,0,0,0,NULL,0.00,'2025-07-23 05:10:36',NULL,'sincronizado'),(540,1,NULL,5,'complemento','466','BORDA DE CHEDDAR COM BACON ( EGG)','disponivel',NULL,NULL,NULL,NULL,'UN',NULL,NULL,NULL,0.00,18.00,NULL,0,1,0.00,0.00,NULL,'esgotado',NULL,NULL,NULL,NULL,NULL,NULL,NULL,NULL,NULL,NULL,'2025-06-27 17:26:42','2025-07-24 05:21:43',NULL,0,0,0,NULL,0.00,'2025-07-23 05:10:36',NULL,'sincronizado'),(541,1,NULL,5,'complemento','464','BORDA DE CHEDDAR COM BACON ( G)','disponivel',NULL,NULL,NULL,NULL,'UN',NULL,NULL,NULL,0.00,14.00,NULL,0,1,0.00,0.00,NULL,'esgotado',NULL,NULL,NULL,NULL,NULL,NULL,NULL,NULL,NULL,NULL,'2025-06-27 17:26:42','2025-07-24 05:21:44',NULL,0,0,0,NULL,0.00,'2025-07-23 05:10:36',NULL,'sincronizado'),(542,1,NULL,5,'complemento','465','BORDA DE CHEDDAR COM BACON ( GG)','disponivel',NULL,NULL,NULL,NULL,'UN',NULL,NULL,NULL,0.00,16.00,NULL,0,1,0.00,0.00,NULL,'esgotado',NULL,NULL,NULL,NULL,NULL,NULL,NULL,NULL,NULL,NULL,'2025-06-27 17:26:42','2025-07-24 05:21:44',NULL,0,0,0,NULL,0.00,'2025-07-23 05:10:36',NULL,'sincronizado'),(543,1,NULL,5,'complemento','463','BORDA DE CHEDDAR COM BACON ( M E P)','disponivel',NULL,NULL,NULL,NULL,'UN',NULL,NULL,NULL,0.00,12.00,NULL,0,1,0.00,0.00,NULL,'esgotado',NULL,NULL,NULL,NULL,NULL,NULL,NULL,NULL,NULL,NULL,'2025-06-27 17:26:42','2025-07-24 05:21:44',NULL,0,0,0,NULL,0.00,'2025-07-23 05:10:36',NULL,'sincronizado'),(544,1,NULL,5,'complemento','574','BORDA DE CHOCOLATE  P','disponivel',NULL,NULL,NULL,NULL,'UN',NULL,NULL,NULL,0.00,10.00,NULL,0,1,0.00,0.00,NULL,'esgotado',NULL,NULL,NULL,NULL,NULL,NULL,NULL,NULL,NULL,NULL,'2025-06-27 17:26:42','2025-07-24 05:21:44',NULL,0,0,0,NULL,0.00,'2025-07-23 05:10:36',NULL,'sincronizado'),(545,1,NULL,5,'complemento','376','BORDA DE CHOCOLATE (  M )','disponivel',NULL,NULL,NULL,NULL,'UN',NULL,NULL,NULL,0.00,12.00,NULL,0,1,0.00,0.00,NULL,'esgotado',NULL,NULL,NULL,NULL,NULL,NULL,NULL,NULL,NULL,NULL,'2025-06-27 17:26:42','2025-07-24 05:21:44',NULL,0,0,0,NULL,0.00,'2025-07-23 05:10:36',NULL,'sincronizado'),(546,1,NULL,5,'complemento','82','BORDA DE CHOCOLATE ( EXTRA GG )','disponivel',NULL,NULL,NULL,NULL,'UN',NULL,NULL,NULL,0.00,18.00,NULL,0,1,0.00,0.00,NULL,'esgotado',NULL,NULL,NULL,NULL,NULL,NULL,NULL,NULL,NULL,NULL,'2025-06-27 17:26:42','2025-07-24 05:21:44',NULL,0,0,0,NULL,0.00,'2025-07-23 05:10:36',NULL,'sincronizado'),(547,1,NULL,5,'complemento','375','BORDA DE CHOCOLATE ( G )','disponivel',NULL,NULL,NULL,NULL,'UN',NULL,NULL,NULL,0.00,14.00,NULL,0,1,0.00,0.00,NULL,'esgotado',NULL,NULL,NULL,NULL,NULL,NULL,NULL,NULL,NULL,NULL,'2025-06-27 17:26:42','2025-07-24 05:21:44',NULL,0,0,0,NULL,0.00,'2025-07-23 05:10:36',NULL,'sincronizado'),(548,1,NULL,5,'complemento','374','BORDA DE CHOCOLATE ( GG )','disponivel',NULL,NULL,NULL,NULL,'UN',NULL,NULL,NULL,0.00,16.00,NULL,0,1,0.00,0.00,NULL,'esgotado',NULL,NULL,NULL,NULL,NULL,NULL,NULL,NULL,NULL,NULL,'2025-06-27 17:26:42','2025-07-24 05:21:45',NULL,0,0,0,NULL,0.00,'2025-07-23 05:10:36',NULL,'sincronizado'),(549,1,NULL,5,'complemento','380','BORDA DE FRANGO COM CATUPIRY (  M )','disponivel',NULL,NULL,NULL,NULL,'UN',NULL,NULL,NULL,0.00,12.00,NULL,0,1,0.00,0.00,NULL,'esgotado',NULL,NULL,NULL,NULL,NULL,NULL,NULL,NULL,NULL,NULL,'2025-06-27 17:26:42','2025-07-24 05:21:45',NULL,0,0,0,NULL,0.00,'2025-07-23 05:10:36',NULL,'sincronizado'),(550,1,NULL,5,'complemento','576','BORDA DE FRANGO COM CATUPIRY (  P)','disponivel',NULL,NULL,NULL,NULL,'UN',NULL,NULL,NULL,4.50,10.00,NULL,0,1,0.00,0.00,NULL,'esgotado',NULL,NULL,NULL,NULL,NULL,NULL,NULL,NULL,NULL,NULL,'2025-06-27 17:26:42','2025-07-24 05:21:45',NULL,0,0,0,NULL,0.00,'2025-07-23 05:10:36',NULL,'sincronizado'),(551,1,NULL,5,'complemento','377','BORDA DE FRANGO COM CATUPIRY ( EXTRA GG )','disponivel',NULL,NULL,NULL,NULL,'UN',NULL,NULL,NULL,0.00,18.00,NULL,0,1,0.00,0.00,NULL,'esgotado',NULL,NULL,NULL,NULL,NULL,NULL,NULL,NULL,NULL,NULL,'2025-06-27 17:26:42','2025-07-24 05:21:45',NULL,0,0,0,NULL,0.00,'2025-07-23 05:10:36',NULL,'sincronizado'),(552,1,NULL,5,'complemento','379','BORDA DE FRANGO COM CATUPIRY ( G )','disponivel',NULL,NULL,NULL,NULL,'UN',NULL,NULL,NULL,0.00,14.00,NULL,0,1,0.00,0.00,NULL,'esgotado',NULL,NULL,NULL,NULL,NULL,NULL,NULL,NULL,NULL,NULL,'2025-06-27 17:26:42','2025-07-24 05:21:45',NULL,0,0,0,NULL,0.00,'2025-07-23 05:10:36',NULL,'sincronizado'),(553,1,NULL,5,'complemento','378','BORDA DE FRANGO COM CATUPIRY ( GG )','disponivel',NULL,NULL,NULL,NULL,'UN',NULL,NULL,NULL,0.00,16.00,NULL,0,1,0.00,0.00,NULL,'esgotado',NULL,NULL,NULL,NULL,NULL,NULL,NULL,NULL,NULL,NULL,'2025-06-27 17:26:42','2025-07-24 05:21:45',NULL,0,0,0,NULL,0.00,'2025-07-23 05:10:36',NULL,'sincronizado'),(554,1,NULL,5,'complemento','198','CALABRESA','disponivel',NULL,NULL,NULL,NULL,'UN',NULL,NULL,NULL,2.20,5.00,NULL,0,1,0.00,0.00,NULL,'esgotado',NULL,NULL,NULL,NULL,NULL,NULL,NULL,NULL,NULL,NULL,'2025-06-27 17:26:42','2025-07-24 05:21:46',NULL,0,0,0,NULL,0.00,'2025-07-23 05:10:36',NULL,'sincronizado'),(555,1,NULL,5,'complemento','189','CARNE SECA','indisponivel',NULL,NULL,NULL,NULL,'UN',NULL,NULL,NULL,0.00,4.00,NULL,0,1,0.00,0.00,NULL,'esgotado',NULL,NULL,NULL,NULL,NULL,NULL,NULL,NULL,NULL,NULL,'2025-06-27 17:26:42','2025-07-24 05:21:46',NULL,0,0,0,NULL,0.00,'2025-07-23 05:10:36',NULL,'sincronizado'),(556,1,NULL,5,'complemento','384','CARNE SECA LANCHE','disponivel',NULL,NULL,NULL,NULL,'UN',NULL,NULL,NULL,5.00,7.00,NULL,0,1,0.00,0.00,NULL,'esgotado',NULL,NULL,NULL,NULL,NULL,NULL,NULL,NULL,NULL,NULL,'2025-06-27 17:26:42','2025-07-24 05:21:46',NULL,0,0,0,NULL,0.00,'2025-07-23 05:10:36',NULL,'sincronizado'),(557,1,NULL,5,'complemento','459','CATUPIRY LANCHE','disponivel',NULL,NULL,NULL,NULL,'UN',NULL,NULL,NULL,0.00,4.00,NULL,0,1,0.00,0.00,NULL,'esgotado',NULL,NULL,NULL,NULL,NULL,NULL,NULL,NULL,NULL,NULL,'2025-06-27 17:26:42','2025-07-24 05:21:46',NULL,0,0,0,NULL,0.00,'2025-07-23 05:10:36',NULL,'sincronizado'),(558,1,NULL,5,'complemento','503','CEBOLA CARAMELIZADA','disponivel',NULL,NULL,NULL,NULL,'UN',NULL,NULL,NULL,0.00,5.00,NULL,0,1,0.00,0.00,NULL,'esgotado',NULL,NULL,NULL,NULL,NULL,NULL,NULL,NULL,NULL,NULL,'2025-06-27 17:26:42','2025-07-24 05:21:46',NULL,0,0,0,NULL,0.00,'2025-07-23 05:10:36',NULL,'sincronizado'),(559,1,NULL,5,'complemento','285','CEBOLA ROXA','disponivel',NULL,NULL,NULL,NULL,'UN',NULL,NULL,NULL,0.00,3.00,NULL,0,1,0.00,0.00,NULL,'esgotado',NULL,NULL,NULL,NULL,NULL,NULL,NULL,NULL,NULL,NULL,'2025-06-27 17:26:42','2025-07-24 05:21:46',NULL,0,0,0,NULL,0.00,'2025-07-23 05:10:36',NULL,'sincronizado'),(560,1,NULL,5,'complemento','442','CEREJA','disponivel',NULL,NULL,NULL,NULL,'UN',NULL,NULL,NULL,0.00,3.00,NULL,0,1,0.00,0.00,NULL,'esgotado',NULL,NULL,NULL,NULL,NULL,NULL,NULL,NULL,NULL,NULL,'2025-06-27 17:26:42','2025-07-24 05:21:46',NULL,0,0,0,NULL,0.00,'2025-07-23 05:10:36',NULL,'sincronizado'),(561,1,NULL,5,'complemento','460','CHANTILY','indisponivel',NULL,NULL,NULL,NULL,'UN',NULL,NULL,NULL,0.00,3.00,NULL,0,1,0.00,0.00,NULL,'esgotado',NULL,NULL,NULL,NULL,NULL,NULL,NULL,NULL,NULL,NULL,'2025-06-27 17:26:42','2025-07-24 05:21:47',NULL,0,0,0,NULL,0.00,'2025-07-23 05:10:36',NULL,'sincronizado'),(562,1,NULL,5,'complemento','199','CHEDDAR','disponivel',NULL,NULL,NULL,NULL,'UN',NULL,NULL,NULL,0.00,4.00,NULL,0,1,0.00,0.00,NULL,'esgotado',NULL,NULL,NULL,NULL,NULL,NULL,NULL,NULL,NULL,NULL,'2025-06-27 17:26:42','2025-07-24 05:21:47',NULL,0,0,0,NULL,0.00,'2025-07-23 05:10:36',NULL,'sincronizado'),(563,1,NULL,5,'complemento','316','CHEDDAR NA PORÇÃO','disponivel',NULL,NULL,NULL,NULL,'UN',NULL,NULL,NULL,0.00,5.00,NULL,0,1,0.00,0.00,NULL,'esgotado',NULL,NULL,NULL,NULL,NULL,NULL,NULL,NULL,NULL,NULL,'2025-06-27 17:26:42','2025-07-24 05:21:47',NULL,0,0,0,NULL,0.00,'2025-07-23 05:10:36',NULL,'sincronizado'),(564,1,NULL,5,'complemento','422','COPO COM LIMAO','disponivel',NULL,NULL,NULL,NULL,'UN',NULL,NULL,NULL,0.00,1.00,NULL,0,1,0.00,0.00,NULL,'esgotado',NULL,NULL,NULL,NULL,NULL,NULL,NULL,NULL,NULL,NULL,'2025-06-27 17:26:42','2025-07-24 05:21:47',NULL,0,0,0,NULL,0.00,'2025-07-23 05:10:36',NULL,'sincronizado'),(565,1,NULL,5,'complemento','619','COPO SUJO','disponivel',NULL,NULL,NULL,NULL,'UN',NULL,NULL,NULL,0.00,0.00,NULL,0,1,0.00,0.00,NULL,'esgotado',NULL,NULL,NULL,NULL,NULL,NULL,NULL,NULL,NULL,NULL,'2025-06-27 17:26:42','2025-07-24 05:21:47',NULL,0,0,0,NULL,0.00,'2025-07-23 05:10:36',NULL,'sincronizado'),(566,1,NULL,5,'complemento','566','COZUMEL','disponivel',NULL,NULL,NULL,NULL,'UN',NULL,NULL,NULL,0.00,3.00,NULL,0,1,0.00,0.00,NULL,'esgotado',NULL,NULL,NULL,NULL,NULL,NULL,NULL,NULL,NULL,NULL,'2025-06-27 17:26:42','2025-07-24 05:21:47',NULL,0,0,0,NULL,0.00,'2025-07-23 05:10:36',NULL,'sincronizado'),(567,1,NULL,5,'complemento','534','CREME DE OREO','indisponivel',NULL,NULL,NULL,NULL,'UN',NULL,NULL,NULL,1.50,4.00,NULL,0,1,0.00,0.00,NULL,'esgotado',NULL,NULL,NULL,NULL,NULL,NULL,NULL,NULL,NULL,NULL,'2025-06-27 17:26:42','2025-07-24 05:21:48',NULL,0,0,0,NULL,0.00,'2025-07-23 05:10:36',NULL,'sincronizado'),(568,1,NULL,5,'complemento','535','CREME DE OVOMALTINEE','indisponivel',NULL,NULL,NULL,NULL,'UN',NULL,NULL,NULL,1.50,4.00,NULL,0,1,0.00,0.00,NULL,'esgotado',NULL,NULL,NULL,NULL,NULL,NULL,NULL,NULL,NULL,NULL,'2025-06-27 17:26:42','2025-07-24 05:21:48',NULL,0,0,0,NULL,0.00,'2025-07-23 05:10:36',NULL,'sincronizado'),(569,1,NULL,5,'complemento','501','ESPECIAL PICANHA OU FILÉ','indisponivel',NULL,NULL,NULL,NULL,'UN',NULL,NULL,NULL,0.00,15.00,NULL,0,1,0.00,0.00,NULL,'esgotado',NULL,NULL,NULL,NULL,NULL,NULL,NULL,NULL,NULL,NULL,'2025-06-27 17:26:42','2025-07-24 05:21:48',NULL,0,0,0,NULL,0.00,'2025-07-23 05:10:36',NULL,'sincronizado'),(570,1,NULL,5,'complemento','635','FAROFA DE BANANA (A LA CARTE)','disponivel',NULL,NULL,NULL,NULL,'UN',NULL,NULL,NULL,0.00,15.00,NULL,0,1,0.00,0.00,NULL,'esgotado',NULL,NULL,NULL,NULL,NULL,NULL,NULL,NULL,NULL,NULL,'2025-06-27 17:26:42','2025-07-24 05:21:48',NULL,0,0,0,NULL,0.00,'2025-07-23 05:10:36',NULL,'sincronizado'),(571,1,NULL,5,'complemento','118','FILÉ (BIFE)','disponivel',NULL,NULL,NULL,NULL,'UN',NULL,NULL,NULL,0.00,5.00,NULL,0,1,0.00,0.00,NULL,'esgotado',NULL,NULL,NULL,NULL,NULL,NULL,NULL,NULL,NULL,NULL,'2025-06-27 17:26:42','2025-07-24 05:21:48',NULL,0,0,0,NULL,0.00,'2025-07-23 05:10:36',NULL,'sincronizado'),(572,1,NULL,5,'complemento','319','FILÉ DE FRANGO','indisponivel',NULL,NULL,NULL,NULL,'UN',NULL,NULL,NULL,0.00,4.00,NULL,0,1,0.00,0.00,NULL,'esgotado',NULL,NULL,NULL,NULL,NULL,NULL,NULL,NULL,NULL,NULL,'2025-06-27 17:26:42','2025-07-24 05:21:48',NULL,0,0,0,NULL,0.00,'2025-07-23 05:10:36',NULL,'sincronizado'),(573,1,NULL,5,'complemento','217','FRANGO DESFIADO','disponivel',NULL,NULL,NULL,NULL,'UN',NULL,NULL,NULL,0.00,3.00,NULL,0,1,0.00,0.00,NULL,'esgotado',NULL,NULL,NULL,NULL,NULL,NULL,NULL,NULL,NULL,NULL,'2025-06-27 17:26:42','2025-07-24 05:21:48',NULL,0,0,0,NULL,0.00,'2025-07-23 05:10:36',NULL,'sincronizado'),(574,1,NULL,5,'complemento','451','GRANOLA','disponivel',NULL,NULL,NULL,NULL,'UN',NULL,NULL,NULL,0.00,0.00,NULL,0,1,0.00,0.00,NULL,'esgotado',NULL,NULL,NULL,NULL,NULL,NULL,NULL,NULL,NULL,NULL,'2025-06-27 17:26:42','2025-07-24 05:21:49',NULL,0,0,0,NULL,0.00,'2025-07-23 05:10:36',NULL,'sincronizado'),(575,1,NULL,5,'complemento','80','HAMBURGUER 120G','disponivel',NULL,NULL,NULL,NULL,'UN',NULL,NULL,NULL,0.00,4.00,NULL,0,1,0.00,0.00,NULL,'esgotado',NULL,NULL,NULL,NULL,NULL,NULL,NULL,NULL,NULL,NULL,'2025-06-27 17:26:42','2025-07-24 05:21:49',NULL,0,0,0,NULL,0.00,'2025-07-23 05:10:36',NULL,'sincronizado'),(576,1,NULL,5,'complemento','423','HAMBURGUER 170G','disponivel',NULL,NULL,NULL,NULL,'UN',NULL,NULL,NULL,3.00,7.00,NULL,0,1,0.00,0.00,NULL,'esgotado',NULL,NULL,NULL,NULL,NULL,NULL,NULL,NULL,NULL,NULL,'2025-06-27 17:26:42','2025-07-24 05:21:49',NULL,0,0,0,NULL,0.00,'2025-07-23 05:10:36',NULL,'sincronizado'),(577,1,NULL,5,'complemento','448','LEITE CONDENSADO','disponivel',NULL,NULL,NULL,NULL,'UN',NULL,NULL,NULL,0.00,0.00,NULL,0,1,0.00,0.00,NULL,'esgotado',NULL,NULL,NULL,NULL,NULL,NULL,NULL,NULL,NULL,NULL,'2025-06-27 17:26:42','2025-07-24 05:21:49',NULL,0,0,0,NULL,0.00,'2025-07-23 05:10:36',NULL,'sincronizado'),(578,1,NULL,5,'complemento','450','LEITE NINHO','disponivel',NULL,NULL,NULL,NULL,'UN',NULL,NULL,NULL,0.00,0.00,NULL,0,1,0.00,0.00,NULL,'esgotado',NULL,NULL,NULL,NULL,NULL,NULL,NULL,NULL,NULL,NULL,'2025-06-27 17:26:42','2025-07-24 05:21:49',NULL,0,0,0,NULL,0.00,'2025-07-23 05:10:36',NULL,'sincronizado'),(579,1,NULL,5,'complemento','453','LIMAO ESPREMIDO','disponivel',NULL,NULL,NULL,NULL,'UN',NULL,NULL,NULL,0.00,3.00,NULL,0,1,0.00,0.00,NULL,'esgotado',NULL,NULL,NULL,NULL,NULL,NULL,NULL,NULL,NULL,NULL,'2025-06-27 17:26:42','2025-07-24 05:21:49',NULL,0,0,0,NULL,0.00,'2025-07-23 05:10:36',NULL,'sincronizado'),(580,1,NULL,5,'complemento','225','MAIOSENE E KATCHUP','disponivel',NULL,NULL,NULL,NULL,'UN',NULL,NULL,NULL,0.00,2.00,NULL,0,1,0.00,0.00,NULL,'esgotado',NULL,NULL,NULL,NULL,NULL,NULL,NULL,NULL,NULL,NULL,'2025-06-27 17:26:42','2025-07-24 05:21:50',NULL,0,0,0,NULL,0.00,'2025-07-23 05:10:36',NULL,'sincronizado'),(581,1,NULL,5,'complemento','519','MM','disponivel',NULL,NULL,NULL,NULL,'UN',NULL,NULL,NULL,0.00,3.00,NULL,0,1,0.00,0.00,NULL,'esgotado',NULL,NULL,NULL,NULL,NULL,NULL,NULL,NULL,NULL,NULL,'2025-06-27 17:26:42','2025-07-24 05:21:50',NULL,0,0,0,NULL,0.00,'2025-07-23 05:10:36',NULL,'sincronizado'),(582,1,NULL,5,'complemento','452','MORANGO','disponivel',NULL,NULL,NULL,NULL,'UN',NULL,NULL,NULL,0.00,5.00,NULL,0,1,0.00,0.00,NULL,'esgotado',NULL,NULL,NULL,NULL,NULL,NULL,NULL,NULL,NULL,NULL,'2025-06-27 17:26:42','2025-07-24 05:21:50',NULL,0,0,0,NULL,0.00,'2025-07-23 05:10:36',NULL,'sincronizado'),(583,1,NULL,5,'complemento','228','MUSSARELA','disponivel',NULL,NULL,NULL,NULL,'UN',NULL,NULL,NULL,0.00,4.00,NULL,0,1,0.00,0.00,NULL,'esgotado',NULL,NULL,NULL,NULL,NULL,NULL,NULL,NULL,NULL,NULL,'2025-06-27 17:26:42','2025-07-24 05:21:50',NULL,0,0,0,NULL,0.00,'2025-07-23 05:10:36',NULL,'sincronizado'),(584,1,NULL,5,'complemento','213','MUSSARELA PIZZA','disponivel',NULL,NULL,NULL,NULL,'UN',NULL,NULL,NULL,0.00,5.00,NULL,0,1,0.00,0.00,NULL,'esgotado',NULL,NULL,NULL,NULL,NULL,NULL,NULL,NULL,NULL,NULL,'2025-06-27 17:26:42','2025-07-24 05:21:50',NULL,0,0,0,NULL,0.00,'2025-07-23 05:10:36',NULL,'sincronizado'),(585,1,NULL,5,'complemento','317','MUSSARELA PORÇÃO','disponivel',NULL,NULL,NULL,NULL,'UN',NULL,NULL,NULL,0.00,5.00,NULL,0,1,0.00,0.00,NULL,'esgotado',NULL,NULL,NULL,NULL,NULL,NULL,NULL,NULL,NULL,NULL,'2025-06-27 17:26:42','2025-07-24 05:21:50',NULL,0,0,0,NULL,0.00,'2025-07-23 05:10:36',NULL,'sincronizado'),(586,1,NULL,5,'complemento','424','NUTELLA','disponivel',NULL,NULL,NULL,NULL,'UN',NULL,NULL,NULL,0.00,5.00,NULL,0,1,0.00,0.00,NULL,'esgotado',NULL,NULL,NULL,NULL,NULL,NULL,NULL,NULL,NULL,NULL,'2025-06-27 17:26:42','2025-07-24 05:21:50',NULL,0,0,0,NULL,0.00,'2025-07-23 05:10:36',NULL,'sincronizado'),(587,1,NULL,5,'complemento','170','OVO','disponivel',NULL,NULL,NULL,NULL,'UN',NULL,NULL,NULL,0.00,2.00,NULL,0,1,0.00,0.00,NULL,'esgotado',NULL,NULL,NULL,NULL,NULL,NULL,NULL,NULL,NULL,NULL,'2025-06-27 17:26:42','2025-07-24 05:21:51',NULL,0,0,0,NULL,0.00,'2025-07-23 05:10:36',NULL,'sincronizado'),(588,1,NULL,5,'complemento','633','OVO (A LA CARTE)','disponivel',NULL,NULL,NULL,NULL,'UN',NULL,NULL,NULL,0.00,3.00,NULL,0,1,0.00,0.00,NULL,'esgotado',NULL,NULL,NULL,NULL,NULL,NULL,NULL,NULL,NULL,NULL,'2025-06-27 17:26:42','2025-07-24 05:21:51',NULL,0,0,0,NULL,0.00,'2025-07-23 05:10:36',NULL,'sincronizado'),(589,1,NULL,5,'complemento','446','OVOMALTINE','disponivel',NULL,NULL,NULL,NULL,'UN',NULL,NULL,NULL,0.00,0.00,NULL,0,1,0.00,0.00,NULL,'esgotado',NULL,NULL,NULL,NULL,NULL,NULL,NULL,NULL,NULL,NULL,'2025-06-27 17:26:42','2025-07-24 05:21:51',NULL,0,0,0,NULL,0.00,'2025-07-23 05:10:36',NULL,'sincronizado'),(590,1,NULL,5,'complemento','447','PAÇOQUINHA','disponivel',NULL,NULL,NULL,NULL,'UN',NULL,NULL,NULL,0.00,0.00,NULL,0,1,0.00,0.00,NULL,'esgotado',NULL,NULL,NULL,NULL,NULL,NULL,NULL,NULL,NULL,NULL,'2025-06-27 17:26:42','2025-07-24 05:21:51',NULL,0,0,0,NULL,0.00,'2025-07-23 05:10:36',NULL,'sincronizado'),(591,1,NULL,5,'complemento','212','PÃO','disponivel',NULL,NULL,NULL,NULL,'UN',NULL,NULL,NULL,0.00,3.00,NULL,0,1,0.00,0.00,NULL,'esgotado',NULL,NULL,NULL,NULL,NULL,NULL,NULL,NULL,NULL,NULL,'2025-06-27 17:26:42','2025-07-24 05:21:51',NULL,0,0,0,NULL,0.00,'2025-07-23 05:10:36',NULL,'sincronizado'),(592,1,NULL,5,'complemento','185','SABOR ESPECIAL','indisponivel',NULL,NULL,NULL,NULL,'UN',NULL,NULL,NULL,0.00,5.00,NULL,0,1,0.00,0.00,NULL,'esgotado',NULL,NULL,NULL,NULL,NULL,NULL,NULL,NULL,NULL,NULL,'2025-06-27 17:26:42','2025-07-24 05:21:51',NULL,0,0,0,NULL,0.00,'2025-07-23 05:10:36',NULL,'sincronizado'),(593,1,NULL,5,'complemento','634','SALADA (A LA CARTE)','disponivel',NULL,NULL,NULL,NULL,'UN',NULL,NULL,NULL,0.00,10.00,NULL,0,1,0.00,0.00,NULL,'esgotado',NULL,NULL,NULL,NULL,NULL,NULL,NULL,NULL,NULL,NULL,'2025-06-27 17:26:42','2025-07-24 05:21:52',NULL,0,0,0,NULL,0.00,'2025-07-23 05:10:36',NULL,'sincronizado'),(594,1,NULL,5,'complemento','336','SALAMINHO','indisponivel',NULL,NULL,NULL,NULL,'UN',NULL,NULL,NULL,0.00,4.00,NULL,0,1,0.00,0.00,NULL,'esgotado',NULL,NULL,NULL,NULL,NULL,NULL,NULL,NULL,NULL,NULL,'2025-06-27 17:26:42','2025-07-24 05:21:52',NULL,0,0,0,NULL,0.00,'2025-07-23 05:10:36',NULL,'sincronizado'),(595,1,NULL,5,'complemento','197','SALSICHA','disponivel',NULL,NULL,NULL,NULL,'UN',NULL,NULL,NULL,0.00,2.00,NULL,0,1,0.00,0.00,NULL,'esgotado',NULL,NULL,NULL,NULL,NULL,NULL,NULL,NULL,NULL,NULL,'2025-06-27 17:26:42','2025-07-24 05:21:52',NULL,0,0,0,NULL,0.00,'2025-07-23 05:10:36',NULL,'sincronizado'),(596,1,NULL,5,'complemento','321','TOMATE','disponivel',NULL,NULL,NULL,NULL,'UN',NULL,NULL,NULL,0.00,2.00,NULL,0,1,0.00,0.00,NULL,'esgotado',NULL,NULL,NULL,NULL,NULL,NULL,NULL,NULL,NULL,NULL,'2025-06-27 17:26:42','2025-07-24 05:21:52',NULL,0,0,0,NULL,0.00,'2025-07-23 05:10:36',NULL,'sincronizado');

#
# Structure for table "sync_control"
#

DROP TABLE IF EXISTS `meufinanceiro`.`sync_control`;
CREATE TABLE `meufinanceiro`.`sync_control` (
  `id` int(11) NOT NULL AUTO_INCREMENT,
  `empresa_id` int(11) NOT NULL,
  `tabela` varchar(50) NOT NULL,
  `ultima_sync` timestamp NULL DEFAULT NULL,
  `proxima_sync` timestamp NULL DEFAULT NULL,
  `status` enum('ativo','pausado','erro') DEFAULT 'ativo',
  `registros_pendentes` int(11) DEFAULT 0,
  `configuracoes` text CHARACTER SET utf8mb4 COLLATE utf8mb4_bin DEFAULT NULL,
  `created_at` timestamp NOT NULL DEFAULT current_timestamp(),
  `updated_at` timestamp NOT NULL DEFAULT current_timestamp() ON UPDATE current_timestamp(),
  `sync_status` varchar(20) DEFAULT 'pendente',
  `sync_data` timestamp NOT NULL DEFAULT current_timestamp(),
  PRIMARY KEY (`id`),
  UNIQUE KEY `unique_empresa_tabela` (`empresa_id`,`tabela`),
  KEY `idx_sync` (`sync_status`,`sync_data`)
) ENGINE=InnoDB AUTO_INCREMENT=34 DEFAULT CHARSET=utf8 COLLATE=utf8_general_ci ROW_FORMAT=DYNAMIC;

#
# Data for table "sync_control"
#

INSERT INTO `sync_control` VALUES (5,1,'produtos',NULL,NULL,'ativo',0,'{\"auto_sync\": true, \"interval_minutes\": 10, \"priority\": \"high\"}','2025-07-21 20:12:59','2025-07-24 05:21:53','sincronizado','2025-07-23 05:10:36'),(6,1,'funforcli',NULL,NULL,'ativo',0,'{\"auto_sync\": true, \"interval_minutes\": 15, \"priority\": \"high\"}','2025-07-21 20:12:59','2025-07-24 05:21:53','sincronizado','2025-07-23 05:10:36'),(7,1,'lancamentos',NULL,NULL,'ativo',0,'{\"auto_sync\": true, \"interval_minutes\": 5, \"priority\": \"high\"}','2025-07-21 20:12:59','2025-07-24 05:21:53','sincronizado','2025-07-23 05:10:36'),(8,1,'pdv_mesas',NULL,NULL,'ativo',0,'{\"auto_sync\": true, \"interval_minutes\": 2, \"priority\": \"high\"}','2025-07-21 20:12:59','2025-07-24 05:21:53','sincronizado','2025-07-23 05:10:36'),(9,1,'produto_categorias',NULL,NULL,'ativo',0,'{\"auto_sync\": true, \"interval_minutes\": 30, \"priority\": \"medium\"}','2025-07-21 20:12:59','2025-07-24 05:21:53','sincronizado','2025-07-23 05:10:36'),(10,1,'produto_configuracoes',NULL,NULL,'ativo',0,'{\"auto_sync\": true, \"interval_minutes\": 30, \"priority\": \"medium\"}','2025-07-21 20:12:59','2025-07-24 05:21:54','sincronizado','2025-07-23 05:10:36'),(11,1,'produto_imagens',NULL,NULL,'ativo',0,'{\"auto_sync\": false, \"interval_minutes\": 60, \"priority\": \"low\"}','2025-07-21 20:12:59','2025-07-24 05:21:54','sincronizado','2025-07-23 05:10:36'),(12,1,'produto_movimentacoes',NULL,NULL,'ativo',0,'{\"auto_sync\": true, \"interval_minutes\": 15, \"priority\": \"medium\"}','2025-07-21 20:12:59','2025-07-24 05:21:54','sincronizado','2025-07-23 05:10:36'),(13,1,'produto_receitas',NULL,NULL,'ativo',0,'{\"auto_sync\": true, \"interval_minutes\": 30, \"priority\": \"medium\"}','2025-07-21 20:12:59','2025-07-24 05:21:54','sincronizado','2025-07-23 05:10:36'),(14,1,'produto_historico_precos',NULL,NULL,'ativo',0,'{\"auto_sync\": false, \"interval_minutes\": 60, \"priority\": \"low\"}','2025-07-21 20:12:59','2025-07-24 05:21:54','sincronizado','2025-07-23 05:10:36'),(15,1,'lancamento_itens',NULL,NULL,'ativo',0,'{\"auto_sync\": true, \"interval_minutes\": 5, \"priority\": \"high\"}','2025-07-21 20:12:59','2025-07-24 05:21:54','sincronizado','2025-07-23 05:10:36'),(16,1,'lancamento_itens_opcoes',NULL,NULL,'ativo',0,'{\"auto_sync\": true, \"interval_minutes\": 10, \"priority\": \"medium\"}','2025-07-21 20:12:59','2025-07-24 05:21:54','sincronizado','2025-07-23 05:10:36'),(17,1,'pagamentos',NULL,NULL,'ativo',0,'{\"auto_sync\": true, \"interval_minutes\": 5, \"priority\": \"high\"}','2025-07-21 20:12:59','2025-07-24 05:21:55','sincronizado','2025-07-23 05:10:36'),(18,1,'caixas',NULL,NULL,'ativo',0,'{\"auto_sync\": true, \"interval_minutes\": 5, \"priority\": \"high\"}','2025-07-21 20:12:59','2025-07-24 05:21:55','sincronizado','2025-07-23 05:10:36'),(19,1,'caixa_movimentos',NULL,NULL,'ativo',0,'{\"auto_sync\": true, \"interval_minutes\": 5, \"priority\": \"high\"}','2025-07-21 20:12:59','2025-07-24 05:21:55','sincronizado','2025-07-23 05:10:36'),(20,1,'caixa_fechamento',NULL,NULL,'ativo',0,'{\"auto_sync\": true, \"interval_minutes\": 10, \"priority\": \"high\"}','2025-07-21 20:12:59','2025-07-24 05:21:55','sincronizado','2025-07-23 05:10:36'),(21,1,'caixa_fechamento_formas',NULL,NULL,'ativo',0,'{\"auto_sync\": true, \"interval_minutes\": 10, \"priority\": \"medium\"}','2025-07-21 20:12:59','2025-07-24 05:21:55','sincronizado','2025-07-23 05:10:36'),(22,1,'config',NULL,NULL,'ativo',0,'{\"auto_sync\": true, \"interval_minutes\": 60, \"priority\": \"low\"}','2025-07-21 20:12:59','2025-07-24 05:21:55','sincronizado','2025-07-23 05:10:36'),(23,1,'formas_pagamento',NULL,NULL,'ativo',0,'{\"auto_sync\": true, \"interval_minutes\": 60, \"priority\": \"low\"}','2025-07-21 20:12:59','2025-07-24 05:21:56','sincronizado','2025-07-23 05:10:36'),(24,1,'forma_pagamento_bandeiras',NULL,NULL,'ativo',0,'{\"auto_sync\": true, \"interval_minutes\": 60, \"priority\": \"low\"}','2025-07-21 20:12:59','2025-07-24 05:21:56','sincronizado','2025-07-23 05:10:36'),(25,1,'tipo',NULL,NULL,'ativo',0,'{\"auto_sync\": true, \"interval_minutes\": 60, \"priority\": \"low\"}','2025-07-21 20:12:59','2025-07-24 05:21:56','sincronizado','2025-07-23 05:10:36'),(26,1,'tipo_lancamento',NULL,NULL,'ativo',0,'{\"auto_sync\": true, \"interval_minutes\": 60, \"priority\": \"low\"}','2025-07-21 20:12:59','2025-07-24 05:21:56','sincronizado','2025-07-23 05:10:36'),(27,1,'empresa_usuarios',NULL,NULL,'ativo',0,'{\"auto_sync\": true, \"interval_minutes\": 30, \"priority\": \"medium\"}','2025-07-21 20:12:59','2025-07-24 05:21:56','sincronizado','2025-07-23 05:10:36'),(28,1,'usuarios_perfis',NULL,NULL,'ativo',0,'{\"auto_sync\": false, \"interval_minutes\": 120, \"priority\": \"low\"}','2025-07-21 20:12:59','2025-07-24 05:21:56','sincronizado','2025-07-23 05:10:36'),(29,1,'usuarios_permissoes',NULL,NULL,'ativo',0,'{\"auto_sync\": false, \"interval_minutes\": 120, \"priority\": \"low\"}','2025-07-21 20:12:59','2025-07-24 05:21:56','sincronizado','2025-07-23 05:10:36'),(30,1,'conta_bancaria',NULL,NULL,'ativo',0,'{\"auto_sync\": true, \"interval_minutes\": 30, \"priority\": \"medium\"}','2025-07-21 20:12:59','2025-07-24 05:21:57','sincronizado','2025-07-23 05:10:36'),(31,1,'funforcli_enderecos',NULL,NULL,'ativo',0,'{\"auto_sync\": true, \"interval_minutes\": 30, \"priority\": \"medium\"}','2025-07-21 20:12:59','2025-07-24 05:21:57','sincronizado','2025-07-23 05:10:36'),(32,1,'mesa_status_log',NULL,NULL,'ativo',0,'{\"auto_sync\": false, \"interval_minutes\": 60, \"priority\": \"low\"}','2025-07-21 20:12:59','2025-07-24 05:21:57','sincronizado','2025-07-23 05:10:36'),(33,1,'impressoras_configuracoes',NULL,NULL,'ativo',0,'{\"auto_sync\": false, \"interval_minutes\": 120, \"priority\": \"low\"}','2025-07-21 20:12:59','2025-07-24 05:21:57','sincronizado','2025-07-23 05:10:36');

#
# Structure for table "sync_logs"
#

DROP TABLE IF EXISTS `meufinanceiro`.`sync_logs`;
CREATE TABLE `meufinanceiro`.`sync_logs` (
  `id` int(11) NOT NULL AUTO_INCREMENT,
  `empresa_id` int(11) NOT NULL,
  `tabela` varchar(50) NOT NULL,
  `tipo_sync` enum('completa','incremental','manual') NOT NULL,
  `direcao` enum('import','export','bidirectional') NOT NULL,
  `inicio` timestamp NOT NULL DEFAULT current_timestamp(),
  `fim` timestamp NULL DEFAULT NULL,
  `registros_processados` int(11) DEFAULT 0,
  `registros_inseridos` int(11) DEFAULT 0,
  `registros_atualizados` int(11) DEFAULT 0,
  `registros_erro` int(11) DEFAULT 0,
  `status` enum('executando','sucesso','erro','cancelado') DEFAULT 'executando',
  `detalhes` text CHARACTER SET utf8mb4 COLLATE utf8mb4_bin DEFAULT NULL,
  `erro_mensagem` text DEFAULT NULL,
  `sync_status` varchar(20) DEFAULT 'pendente',
  `created_at` timestamp NOT NULL DEFAULT current_timestamp(),
  `updated_at` timestamp NOT NULL DEFAULT current_timestamp() ON UPDATE current_timestamp(),
  `sync_data` timestamp NOT NULL DEFAULT current_timestamp(),
  PRIMARY KEY (`id`),
  KEY `idx_sync` (`sync_status`,`sync_data`)
) ENGINE=InnoDB DEFAULT CHARSET=utf8 COLLATE=utf8_general_ci ROW_FORMAT=DYNAMIC;

#
# Data for table "sync_logs"
#


#
# Structure for table "tipo"
#

DROP TABLE IF EXISTS `meufinanceiro`.`tipo`;
CREATE TABLE `meufinanceiro`.`tipo` (
  `id` int(11) NOT NULL AUTO_INCREMENT,
  `nome` varchar(50) NOT NULL,
  `empresa_id` int(11) NOT NULL,
  `value` varchar(25) DEFAULT NULL,
  `sync_data` timestamp NOT NULL DEFAULT current_timestamp(),
  `sync_hash` varchar(32) DEFAULT NULL,
  `sync_status` enum('pendente','sincronizado','erro') DEFAULT 'pendente',
  `created_at` timestamp NOT NULL DEFAULT current_timestamp(),
  `updated_at` timestamp NOT NULL DEFAULT current_timestamp() ON UPDATE current_timestamp(),
  PRIMARY KEY (`id`),
  UNIQUE KEY `nome` (`nome`)
) ENGINE=InnoDB AUTO_INCREMENT=3 DEFAULT CHARSET=utf8 COLLATE=utf8_unicode_ci ROW_FORMAT=DYNAMIC;

#
# Data for table "tipo"
#

INSERT INTO `tipo` VALUES (1,'receita',1,'receita','2025-07-23 05:10:36',NULL,'sincronizado','2025-07-23 05:03:32','2025-07-24 05:21:58'),(2,'despesa',1,'despesa','2025-07-23 05:10:36',NULL,'sincronizado','2025-07-23 05:03:32','2025-07-24 05:21:58');

#
# Structure for table "tipo_lancamento"
#

DROP TABLE IF EXISTS `meufinanceiro`.`tipo_lancamento`;
CREATE TABLE `meufinanceiro`.`tipo_lancamento` (
  `id` int(11) NOT NULL AUTO_INCREMENT,
  `nome` varchar(50) NOT NULL,
  `tipo_id` int(11) NOT NULL,
  `nome_value` char(100) NOT NULL,
  `empresa_id` int(11) NOT NULL,
  `sync_data` timestamp NOT NULL DEFAULT current_timestamp(),
  `sync_hash` varchar(32) DEFAULT NULL,
  `sync_status` enum('pendente','sincronizado','erro') DEFAULT 'pendente',
  `created_at` timestamp NOT NULL DEFAULT current_timestamp(),
  `updated_at` timestamp NOT NULL DEFAULT current_timestamp() ON UPDATE current_timestamp(),
  PRIMARY KEY (`id`)
) ENGINE=InnoDB AUTO_INCREMENT=4 DEFAULT CHARSET=utf8 COLLATE=utf8_unicode_ci ROW_FORMAT=DYNAMIC;

#
# Data for table "tipo_lancamento"
#

INSERT INTO `tipo_lancamento` VALUES (1,'PDV',2,'pdv',1,'2025-07-23 05:10:36',NULL,'sincronizado','2025-07-23 05:03:38','2025-07-24 05:21:59'),(2,'CONTA PAGAR',2,'conta_pagar',1,'2025-07-23 05:10:36',NULL,'sincronizado','2025-07-23 05:03:38','2025-07-24 05:21:59'),(3,'CONTA RECEBER',1,'conta_receber',1,'2025-07-23 05:10:36',NULL,'sincronizado','2025-07-23 05:03:38','2025-07-24 05:21:59');

#
# Procedure "ConfigurarSincronizacao"
#

DROP PROCEDURE IF EXISTS `meufinanceiro`.`ConfigurarSincronizacao`;
CREATE PROCEDURE `meufinanceiro`.`ConfigurarSincronizacao`()
BEGIN
    DECLARE done INT DEFAULT FALSE;
    DECLARE tabela_nome VARCHAR(255);
    DECLARE error_occurred INT DEFAULT FALSE;
    
    -- Cursor para pegar todas as tabelas do banco
    DECLARE cursor_tabelas CURSOR FOR 
        SELECT TABLE_NAME 
        FROM information_schema.TABLES 
        WHERE TABLE_SCHEMA = DATABASE()
        AND TABLE_TYPE = 'BASE TABLE';
    
    -- Handler para erros SQL
    DECLARE CONTINUE HANDLER FOR SQLEXCEPTION
    BEGIN
        SET error_occurred = TRUE;
        GET DIAGNOSTICS CONDITION 1 @sqlstate = RETURNED_SQLSTATE, @errno = MYSQL_ERRNO, @text = MESSAGE_TEXT;
        SET @full_error = CONCAT('ERROR ', @errno, ' (', @sqlstate, '): ', @text);
        SELECT @full_error; -- Para debug
    END;
        
    -- Handler para quando o cursor terminar
    DECLARE CONTINUE HANDLER FOR NOT FOUND SET done = TRUE;
    
    -- Abre o cursor
    OPEN cursor_tabelas;
    
    -- Loop através das tabelas
    read_loop: LOOP
        -- Pega próxima tabela
        FETCH cursor_tabelas INTO tabela_nome;
        
        -- Sai do loop se terminou
        IF done THEN
            LEAVE read_loop;
        END IF;
        
        -- Verifica se a tabela já tem as colunas de sincronização
        IF NOT EXISTS (
            SELECT 1 
            FROM information_schema.COLUMNS 
            WHERE TABLE_SCHEMA = DATABASE() 
            AND TABLE_NAME = tabela_nome 
            AND COLUMN_NAME = 'sync_status'
        ) THEN
            BEGIN
                DECLARE CONTINUE HANDLER FOR SQLEXCEPTION 
                BEGIN
                    SET error_occurred = TRUE;
                    GET DIAGNOSTICS CONDITION 1 @sqlstate = RETURNED_SQLSTATE, @errno = MYSQL_ERRNO, @text = MESSAGE_TEXT;
                    SET @full_error = CONCAT('Erro ao adicionar colunas em ', tabela_nome, ': ', @text);
                    SELECT @full_error;
                END;

                SET @sql = CONCAT('ALTER TABLE `', tabela_nome, '` 
                    ADD COLUMN IF NOT EXISTS `sync_status` VARCHAR(20) DEFAULT "pendente",
                    ADD COLUMN IF NOT EXISTS `created_at` DATETIME DEFAULT CURRENT_TIMESTAMP,
                    ADD COLUMN IF NOT EXISTS `updated_at` DATETIME DEFAULT CURRENT_TIMESTAMP ON UPDATE CURRENT_TIMESTAMP,
                    ADD COLUMN IF NOT EXISTS `sync_data` DATETIME NULL');
                    
                PREPARE stmt FROM @sql;
                EXECUTE stmt;
                DEALLOCATE PREPARE stmt;
            END;
        END IF;
        
        -- Remove triggers existentes se houver
        SET @drop_trigger1 = CONCAT('DROP TRIGGER IF EXISTS before_insert_', tabela_nome);
        SET @drop_trigger2 = CONCAT('DROP TRIGGER IF EXISTS before_update_', tabela_nome);
        
        PREPARE stmt FROM @drop_trigger1;
        EXECUTE stmt;
        PREPARE stmt FROM @drop_trigger2;
        EXECUTE stmt;
        
        -- Cria trigger para INSERT
        BEGIN
            DECLARE CONTINUE HANDLER FOR SQLEXCEPTION 
            BEGIN
                SET error_occurred = TRUE;
                GET DIAGNOSTICS CONDITION 1 @sqlstate = RETURNED_SQLSTATE, @errno = MYSQL_ERRNO, @text = MESSAGE_TEXT;
                SET @full_error = CONCAT('Erro ao criar trigger INSERT para ', tabela_nome, ': ', @text);
                SELECT @full_error;
            END;

            SET @create_trigger = CONCAT('
                CREATE TRIGGER `before_insert_', tabela_nome, '`
                BEFORE INSERT ON `', tabela_nome, '`
                FOR EACH ROW 
                BEGIN
                    IF NEW.sync_status IS NULL THEN
                        SET NEW.sync_status = "pendente";
                    END IF;
                    IF NEW.created_at IS NULL THEN
                        SET NEW.created_at = NOW();
                    END IF;
                    IF NEW.updated_at IS NULL THEN
                        SET NEW.updated_at = NOW();
                    END IF;
                END');
                
            PREPARE stmt FROM @create_trigger;
            EXECUTE stmt;
            DEALLOCATE PREPARE stmt;
        END;
        
        -- Cria trigger para UPDATE
        BEGIN
            DECLARE CONTINUE HANDLER FOR SQLEXCEPTION 
            BEGIN
                SET error_occurred = TRUE;
                GET DIAGNOSTICS CONDITION 1 @sqlstate = RETURNED_SQLSTATE, @errno = MYSQL_ERRNO, @text = MESSAGE_TEXT;
                SET @full_error = CONCAT('Erro ao criar trigger UPDATE para ', tabela_nome, ': ', @text);
                SELECT @full_error;
            END;

            SET @create_trigger = CONCAT('
                CREATE TRIGGER `before_update_', tabela_nome, '`
                BEFORE UPDATE ON `', tabela_nome, '`
                FOR EACH ROW 
                BEGIN
                    IF NEW.sync_data IS NULL OR OLD.updated_at <> NEW.updated_at THEN
                        SET NEW.sync_status = "pendente";
                    END IF;
                    SET NEW.updated_at = NOW();
                END');
                
            PREPARE stmt FROM @create_trigger;
            EXECUTE stmt;
            DEALLOCATE PREPARE stmt;
        END;
        
    END LOOP;
    
    -- Fecha o cursor
    CLOSE cursor_tabelas;
    
END;
